0,1,2,3,4,5,6
22.309440198306135,0.0,0.0,6.692832059491841,0.1032844453625284,42.96632927081181,
22.17203859577089,0.0,0.0,6.651611578731266,0.10264832683227264,43.31759392321905,27.75610757544652
14.917003140421714,6.39300134589502,0.0,10.228802153432031,0.0,41.81247196052041,26.648721399730825
14.917003140421714,6.39300134589502,0.0,10.228802153432031,0.0,41.81247196052041,26.648721399730825
8.534960677295974,5.689973784863982,0.0,8.251321500709098,0.0,42.047359147363444,35.4763848897675
12.036199095022624,5.158371040723981,0.0,10.316742081447963,0.0,,30.316742081447963
17.048003589053387,4.262000897263347,0.0,10.228802153432031,0.0,41.81247196052041,26.648721399730825
17.048003589053387,4.262000897263347,0.0,10.228802153432031,0.0,41.81247196052041,26.648721399730825
12.036199095022624,5.158371040723981,0.0,10.316742081447963,0.0,42.171945701357465,30.316742081447963
21.310004486316732,0.0,0.0,10.228802153432031,0.0,41.81247196052041,26.648721399730825
8.534960677295974,5.689973784863982,0.0,8.251321500709098,0.0,42.047359147363444,35.4763848897675
8.534960677295974,5.689973784863982,0.0,8.251321500709098,0.0,42.047359147363444,35.4763848897675
19.17900403768506,2.1310004486316734,0.0,10.228802153432031,0.0,41.81247196052041,26.648721399730825
8.597285067873303,8.597285067873303,0.0,10.316742081447963,0.0,42.171945701357465,30.316742081447963
13.755656108597286,,0.0,10.316742081447963,0.0,42.171945701357465,30.316742081447963
17.194570135746606,0.0,0.0,10.316742081447963,0.0,42.171945701357465,30.316742081447963
5.8290534051526155,8.743580107728924,0.0,8.0170362019291,0.0,43.717900538644614,33.69242974654474
15.475113122171946,1.7194570135746607,0.0,10.316742081447963,0.0,42.171945701357465,30.316742081447963
17.048003589053387,4.262000897263347,0.0,10.228802153432031,0.0,41.81247196052041,26.648721399730825
21.310004486316732,0.0,0.0,10.228802153432031,0.0,41.81247196052041,26.648721399730825
19.17900403768506,2.1310004486316734,0.0,10.228802153432031,0.0,41.81247196052041,26.648721399730825
5.8290534051526155,8.743580107728924,0.0,8.0170362019291,0.0,43.717900538644614,33.69242974654474
5.8290534051526155,8.743580107728924,0.0,8.0170362019291,0.0,43.717900538644614,33.69242974654474
5.8290534051526155,8.743580107728924,0.0,8.0170362019291,0.0,43.717900538644614,33.69242974654474
17.194570135746606,0.0,0.0,10.316742081447963,0.0,42.171945701357465,30.316742081447963
17.194570135746606,0.0,0.0,10.316742081447963,0.0,42.171945701357465,30.316742081447963
17.048003589053387,4.262000897263347,0.0,10.228802153432031,0.0,41.81247196052041,26.648721399730825
,1.7194570135746607,0.0,10.316742081447963,0.0,,30.316742081447963
19.17900403768506,2.1310004486316734,0.0,10.228802153432031,0.0,41.81247196052041,
21.310004486316732,0.0,0.0,10.228802153432031,0.0,41.81247196052041,26.648721399730825
13.755656108597286,3.4389140271493215,0.0,10.316742081447963,0.0,42.171945701357465,
12.036199095022624,5.158371040723981,0.0,10.316742081447963,0.0,42.171945701357465,30.316742081447963
8.534960677295974,5.689973784863982,0.0,8.251321500709098,0.0,,35.4763848897675
21.310004486316732,0.0,0.0,10.228802153432031,0.0,41.81247196052041,26.648721399730825
8.597285067873303,8.597285067873303,0.0,10.316742081447963,0.0,42.171945701357465,30.316742081447963
10.655002243158366,10.655002243158366,0.0,10.228802153432031,0.0,41.81247196052041,26.648721399730825
10.655002243158366,10.655002243158366,0.0,10.228802153432031,0.0,,26.648721399730825
14.917003140421714,6.39300134589502,0.0,10.228802153432031,0.0,41.81247196052041,26.648721399730825
21.310004486316732,0.0,0.0,10.228802153432031,0.0,41.81247196052041,26.648721399730825
10.655002243158366,10.655002243158366,0.0,10.228802153432031,0.0,41.81247196052041,26.648721399730825
15.475113122171946,1.7194570135746607,0.0,10.316742081447963,0.0,42.171945701357465,30.316742081447963
19.17900403768506,2.1310004486316734,0.0,10.228802153432031,0.0,41.81247196052041,26.648721399730825
10.655002243158366,10.655002243158366,0.0,10.228802153432031,0.0,41.81247196052041,26.648721399730825
17.194570135746606,0.0,0.0,10.316742081447963,0.0,42.171945701357465,30.316742081447963
19.17900403768506,2.1310004486316734,0.0,10.228802153432031,0.0,41.81247196052041,26.648721399730825
19.17900403768506,2.1310004486316734,0.0,10.228802153432031,0.0,41.81247196052041,26.648721399730825
14.572633512881538,0.0,0.0,8.0170362019291,0.0,43.717900538644614,33.69242974654474
17.048003589053387,4.262000897263347,0.0,10.228802153432031,0.0,41.81247196052041,26.648721399730825
10.655002243158366,10.655002243158366,0.0,10.228802153432031,0.0,41.81247196052041,26.648721399730825
17.048003589053387,4.262000897263347,0.0,10.228802153432031,0.0,41.81247196052041,26.648721399730825
14.917003140421714,6.39300134589502,0.0,10.228802153432031,0.0,41.81247196052041,26.648721399730825
,8.597285067873303,0.0,10.316742081447963,0.0,42.171945701357465,30.316742081447963
10.655002243158366,10.655002243158366,0.0,10.228802153432031,0.0,41.81247196052041,26.648721399730825
13.755656108597286,3.4389140271493215,0.0,10.316742081447963,0.0,42.171945701357465,30.316742081447963
5.8290534051526155,8.743580107728924,0.0,8.0170362019291,0.0,43.717900538644614,33.69242974654474
8.534960677295974,5.689973784863982,0.0,8.251321500709098,0.0,,35.4763848897675
21.310004486316732,0.0,0.0,10.228802153432031,0.0,41.81247196052041,26.648721399730825
8.534960677295974,5.689973784863982,0.0,8.251321500709098,0.0,42.047359147363444,35.4763848897675
13.755656108597286,3.4389140271493215,0.0,10.316742081447963,0.0,42.171945701357465,30.316742081447963
14.917003140421714,6.39300134589502,0.0,10.228802153432031,0.0,41.81247196052041,26.648721399730825
13.755656108597286,3.4389140271493215,0.0,,0.0,42.171945701357465,30.316742081447963
12.036199095022624,5.158371040723981,0.0,10.316742081447963,0.0,42.171945701357465,30.316742081447963
13.341366844551558,0.0,0.0,8.263040110173868,0.0,41.78860389051472,36.60698915475986
8.597285067873303,8.597285067873303,0.0,10.316742081447963,0.0,42.171945701357465,30.316742081447963
12.036199095022624,5.158371040723981,0.0,10.316742081447963,0.0,42.171945701357465,30.316742081447963
15.475113122171946,1.7194570135746607,0.0,10.316742081447963,0.0,42.171945701357465,30.316742081447963
5.8290534051526155,8.743580107728924,0.0,8.0170362019291,0.0,43.717900538644614,33.69242974654474
14.917003140421714,6.39300134589502,0.0,10.228802153432031,0.0,41.81247196052041,26.648721399730825
,8.597285067873303,0.0,10.316742081447963,0.0,42.171945701357465,30.316742081447963
19.012152097216777,0.0,0.0,5.723245785966288,0.0,43.90435123480988,31.36025088200706
15.415052345231228,,0.0,7.010963646855164,0.41628884675624434,38.17080207732256,31.188690132717834
12.955381879832938,10.84232725468304,0.0,7.25716412355787,0.35562171773559936,43.290741429930115,25.298763594260425
17.414464249129278,4.355664822782217,0.0,6.289694734685515,0.6760909649661955,34.914976439254254,36.349108789182544
17.410897173289637,4.354772634166324,0.0,6.202376075378943,0.7619827939369112,38.34494059811553,32.925030725112656
15.222244773695962,3.807590826060483,0.0,5.1390298355997555,0.9498680738786279,34.58899939111021,40.292267099654964
19.649209894928436,4.914370811615785,0.0,7.491519814676925,0.3681641432944486,35.248614213617934,32.32812112186647
19.152237830774254,4.786017641293695,0.0,5.627245998039856,1.3149297615158446,34.79663508657301,34.32293368180333
17.414464249129278,4.355664822782217,0.0,6.289694734685515,0.6760909649661955,,36.349108789182544
15.96876926237929,3.9901376618039857,0.0,6.488596671460859,0.49722621738237105,35.01540990343127,38.039860283542225
21.71141350986882,0.0,0.0,5.794614032936946,1.1523844550692655,34.82080830370642,36.52077969841853
17.414464249129278,4.355664822782217,0.0,6.289694734685515,0.6760909649661955,34.914976439254254,36.349108789182544
13.098857753307586,8.731202235187771,0.0,6.397403237735228,0.5875585504149888,35.01109376284,36.173884460514415
16.371933827723904,3.8586912232091928,0.0,6.006030478363622,0.4645098199005786,38.57876293700595,34.720071713796756
14.930412583381369,7.782261385160173,0.0,6.789920118586839,0.47764143951247623,38.898954129951406,31.12081034340772
,11.7676431424767,0.0,7.648135818908123,0.4285952063914781,39.226864181091884,27.459221038615183
15.554553651938683,6.197229281088613,0.0,,0.6516927617017788,46.49151569800803,24.797114517583406
14.930412583381369,7.782261385160173,0.0,6.789920118586839,0.47764143951247623,38.898954129951406,31.12081034340772
11.679040548258136,8.195316961736149,0.0,5.902749449294279,,40.98066411030431,32.785347148568164
14.930412583381369,7.782261385160173,0.0,,0.47764143951247623,38.898954129951406,
18.246809925599567,7.356914252462696,0.0,7.730994638181138,0.4613658090527453,36.78041481358327,
15.931843255832955,7.722796551301434,0.0,5.9616720467453925,0.8989498631144526,38.60172434928288,30.883013933722875
14.930412583381369,7.782261385160173,0.0,6.789920118586839,0.47764143951247623,38.898954129951406,31.12081034340772
14.01028277634961,7.836470685794842,0.0,7.25184509494983,0.3938966746828094,39.1699145866158,31.337590181607094
15.415052345231228,7.798202951116973,0.0,7.010963646855164,0.41628884675624434,38.17080207732256,
12.955381879832938,10.84232725468304,0.0,7.25716412355787,0.35562171773559936,43.290741429930115,
17.414464249129278,4.355664822782217,0.0,6.289694734685515,0.6760909649661955,34.914976439254254,36.349108789182544
17.410897173289637,4.354772634166324,0.0,6.202376075378943,0.7619827939369112,38.34494059811553,32.925030725112656
15.222244773695962,3.807590826060483,0.0,5.1390298355997555,0.9498680738786279,34.58899939111021,40.292267099654964
19.649209894928436,4.914370811615785,0.0,7.491519814676925,0.3681641432944486,35.248614213617934,32.32812112186647
19.152237830774254,4.786017641293695,0.0,5.627245998039856,1.3149297615158446,34.79663508657301,34.32293368180333
17.414464249129278,4.355664822782217,0.0,6.289694734685515,0.6760909649661955,34.914976439254254,36.349108789182544
15.96876926237929,3.9901376618039857,0.0,,,35.01540990343127,38.039860283542225
21.71141350986882,0.0,0.0,5.794614032936946,1.1523844550692655,34.82080830370642,36.52077969841853
17.414464249129278,4.355664822782217,0.0,6.289694734685515,0.6760909649661955,34.914976439254254,36.349108789182544
13.098857753307586,8.731202235187771,0.0,6.397403237735228,0.5875585504149888,35.01109376284,36.173884460514415
16.371933827723904,3.8586912232091928,0.0,6.006030478363622,0.4645098199005786,38.57876293700595,34.720071713796756
14.930412583381369,7.782261385160173,0.0,6.789920118586839,0.47764143951247623,38.898954129951406,31.12081034340772
13.469540612516646,11.7676431424767,0.0,7.648135818908123,0.4285952063914781,39.226864181091884,27.459221038615183
15.554553651938683,,0.0,6.307894089679482,0.6516927617017788,46.49151569800803,24.797114517583406
14.930412583381369,7.782261385160173,0.0,6.789920118586839,0.47764143951247623,38.898954129951406,31.12081034340772
11.679040548258136,8.195316961736149,0.0,5.902749449294279,0.456881781838949,40.98066411030431,32.785347148568164
14.930412583381369,7.782261385160173,0.0,6.789920118586839,,38.898954129951406,31.12081034340772
18.246809925599567,7.356914252462696,0.0,7.730994638181138,0.4613658090527453,36.78041481358327,29.423500561120576
15.931843255832955,7.722796551301434,0.0,5.9616720467453925,0.8989498631144526,38.60172434928288,30.883013933722875
14.930412583381369,7.782261385160173,0.0,6.789920118586839,,38.898954129951406,31.12081034340772
14.01028277634961,7.836470685794842,0.0,7.25184509494983,0.3938966746828094,39.1699145866158,31.337590181607094
15.415052345231228,7.798202951116973,0.0,,0.41628884675624434,38.17080207732256,31.188690132717834
12.955381879832938,10.84232725468304,0.0,7.25716412355787,0.35562171773559936,43.290741429930115,25.298763594260425
17.414464249129278,4.355664822782217,0.0,6.289694734685515,0.6760909649661955,34.914976439254254,36.349108789182544
17.410897173289637,4.354772634166324,0.0,6.202376075378943,0.7619827939369112,38.34494059811553,32.925030725112656
15.222244773695962,3.807590826060483,0.0,5.1390298355997555,0.9498680738786279,34.58899939111021,40.292267099654964
19.649209894928436,4.914370811615785,0.0,7.491519814676925,0.3681641432944486,35.248614213617934,32.32812112186647
19.152237830774254,4.786017641293695,0.0,5.627245998039856,1.3149297615158446,34.79663508657301,34.32293368180333
17.414464249129278,4.355664822782217,0.0,6.289694734685515,0.6760909649661955,34.914976439254254,36.349108789182544
,3.9901376618039857,0.0,6.488596671460859,0.49722621738237105,35.01540990343127,38.039860283542225
21.71141350986882,0.0,0.0,5.794614032936946,1.1523844550692655,34.82080830370642,36.52077969841853
17.414464249129278,,0.0,6.289694734685515,0.6760909649661955,34.914976439254254,36.349108789182544
13.098857753307586,,0.0,,,35.01109376284,36.173884460514415
16.371933827723904,3.8586912232091928,0.0,6.006030478363622,0.4645098199005786,38.57876293700595,34.720071713796756
14.930412583381369,7.782261385160173,0.0,6.789920118586839,0.47764143951247623,38.898954129951406,31.12081034340772
13.469540612516646,,0.0,7.648135818908123,0.4285952063914781,39.226864181091884,27.459221038615183
15.554553651938683,6.197229281088613,0.0,6.307894089679482,0.6516927617017788,46.49151569800803,24.797114517583406
14.930412583381369,7.782261385160173,0.0,6.789920118586839,0.47764143951247623,38.898954129951406,31.12081034340772
11.679040548258136,8.195316961736149,0.0,5.902749449294279,0.456881781838949,40.98066411030431,32.785347148568164
14.930412583381369,7.782261385160173,0.0,6.789920118586839,0.47764143951247623,38.898954129951406,31.12081034340772
,7.356914252462696,0.0,7.730994638181138,,36.78041481358327,29.423500561120576
15.931843255832955,7.722796551301434,0.0,5.9616720467453925,,38.60172434928288,30.883013933722875
14.930412583381369,7.782261385160173,0.0,6.789920118586839,0.47764143951247623,38.898954129951406,31.12081034340772
14.01028277634961,7.836470685794842,0.0,7.25184509494983,0.3938966746828094,39.1699145866158,31.337590181607094
15.415052345231228,7.798202951116973,0.0,7.010963646855164,0.41628884675624434,38.17080207732256,31.188690132717834
12.955381879832938,10.84232725468304,0.0,7.25716412355787,0.35562171773559936,43.290741429930115,25.298763594260425
17.414464249129278,4.355664822782217,0.0,6.289694734685515,0.6760909649661955,34.914976439254254,36.349108789182544
17.410897173289637,4.354772634166324,0.0,6.202376075378943,0.7619827939369112,38.34494059811553,32.925030725112656
15.222244773695962,3.807590826060483,0.0,5.1390298355997555,0.9498680738786279,34.58899939111021,40.292267099654964
19.649209894928436,4.914370811615785,0.0,7.491519814676925,0.3681641432944486,35.248614213617934,32.32812112186647
19.152237830774254,4.786017641293695,0.0,5.627245998039856,1.3149297615158446,34.79663508657301,34.32293368180333
17.414464249129278,4.355664822782217,0.0,6.289694734685515,0.6760909649661955,34.914976439254254,36.349108789182544
15.96876926237929,3.9901376618039857,0.0,6.488596671460859,0.49722621738237105,35.01540990343127,38.039860283542225
21.71141350986882,0.0,0.0,5.794614032936946,1.1523844550692655,34.82080830370642,36.52077969841853
,4.355664822782217,0.0,6.289694734685515,0.6760909649661955,34.914976439254254,36.349108789182544
13.098857753307586,8.731202235187771,0.0,6.397403237735228,0.5875585504149888,35.01109376284,36.173884460514415
16.371933827723904,3.8586912232091928,0.0,6.006030478363622,0.4645098199005786,38.57876293700595,34.720071713796756
14.930412583381369,7.782261385160173,0.0,6.789920118586839,0.47764143951247623,38.898954129951406,31.12081034340772
13.469540612516646,11.7676431424767,0.0,7.648135818908123,0.4285952063914781,39.226864181091884,27.459221038615183
15.554553651938683,6.197229281088613,0.0,6.307894089679482,0.6516927617017788,,24.797114517583406
14.930412583381369,7.782261385160173,0.0,6.789920118586839,,38.898954129951406,31.12081034340772
11.679040548258136,8.195316961736149,0.0,5.902749449294279,0.456881781838949,40.98066411030431,32.785347148568164
14.930412583381369,7.782261385160173,0.0,6.789920118586839,0.47764143951247623,38.898954129951406,31.12081034340772
18.246809925599567,7.356914252462696,0.0,7.730994638181138,0.4613658090527453,36.78041481358327,29.423500561120576
15.931843255832955,7.722796551301434,0.0,5.9616720467453925,0.8989498631144526,38.60172434928288,30.883013933722875
14.930412583381369,7.782261385160173,0.0,6.789920118586839,,38.898954129951406,31.12081034340772
14.01028277634961,7.836470685794842,0.0,7.25184509494983,0.3938966746828094,39.1699145866158,31.337590181607094
15.415052345231228,7.798202951116973,0.0,7.010963646855164,0.41628884675624434,38.17080207732256,31.188690132717834
,10.84232725468304,0.0,7.25716412355787,0.35562171773559936,43.290741429930115,25.298763594260425
17.414464249129278,4.355664822782217,0.0,,0.6760909649661955,34.914976439254254,36.349108789182544
17.410897173289637,4.354772634166324,0.0,6.202376075378943,0.7619827939369112,38.34494059811553,32.925030725112656
15.222244773695962,3.807590826060483,0.0,5.1390298355997555,0.9498680738786279,,40.292267099654964
19.649209894928436,4.914370811615785,0.0,7.491519814676925,0.3681641432944486,35.248614213617934,32.32812112186647
19.152237830774254,4.786017641293695,0.0,5.627245998039856,1.3149297615158446,34.79663508657301,34.32293368180333
17.414464249129278,4.355664822782217,0.0,,0.6760909649661955,34.914976439254254,36.349108789182544
15.96876926237929,3.9901376618039857,0.0,6.488596671460859,0.49722621738237105,35.01540990343127,38.039860283542225
21.71141350986882,0.0,0.0,5.794614032936946,1.1523844550692655,34.82080830370642,36.52077969841853
17.414464249129278,4.355664822782217,0.0,6.289694734685515,0.6760909649661955,34.914976439254254,36.349108789182544
13.098857753307586,8.731202235187771,0.0,6.397403237735228,0.5875585504149888,,36.173884460514415
16.371933827723904,,0.0,6.006030478363622,0.4645098199005786,38.57876293700595,34.720071713796756
,,0.0,6.789920118586839,0.47764143951247623,38.898954129951406,31.12081034340772
15.554553651938683,6.197229281088613,0.0,6.307894089679482,0.6516927617017788,46.49151569800803,24.797114517583406
14.930412583381369,7.782261385160173,0.0,6.789920118586839,0.47764143951247623,38.898954129951406,31.12081034340772
11.679040548258136,8.195316961736149,0.0,5.902749449294279,0.456881781838949,40.98066411030431,32.785347148568164
14.930412583381369,7.782261385160173,0.0,6.789920118586839,0.47764143951247623,38.898954129951406,31.12081034340772
18.246809925599567,7.356914252462696,0.0,7.730994638181138,0.4613658090527453,36.78041481358327,29.423500561120576
15.931843255832955,7.722796551301434,0.0,5.9616720467453925,0.8989498631144526,38.60172434928288,30.883013933722875
14.930412583381369,7.782261385160173,0.0,6.789920118586839,0.47764143951247623,38.898954129951406,31.12081034340772
14.01028277634961,7.836470685794842,0.0,7.25184509494983,0.3938966746828094,39.1699145866158,31.337590181607094
9.461402956369298,0.0,4.113301959849883,8.054276693700055,,41.149188572790166,37.032057119029176
9.461402956369298,0.0,4.113301959849883,8.054276693700055,0.18977269826140974,41.149188572790166,37.032057119029176
9.461402956369298,0.0,4.113301959849883,8.054276693700055,0.18977269826140974,41.149188572790166,37.032057119029176
9.461402956369298,0.0,4.113301959849883,8.054276693700055,0.18977269826140974,41.149188572790166,37.032057119029176
9.461402956369298,0.0,4.113301959849883,8.054276693700055,0.18977269826140974,41.149188572790166,37.032057119029176
10.034561534595653,0.0,4.059145588050369,8.49296172995652,0.19600462994952464,40.64467369113155,36.57265282631638
10.034561534595653,0.0,4.059145588050369,8.49296172995652,0.19600462994952464,40.64467369113155,36.57265282631638
10.034561534595653,0.0,4.059145588050369,,0.19600462994952464,40.64467369113155,36.57265282631638
10.034561534595653,0.0,4.059145588050369,8.49296172995652,0.19600462994952464,40.64467369113155,36.57265282631638
10.034561534595653,0.0,4.059145588050369,8.49296172995652,0.19600462994952464,40.64467369113155,36.57265282631638
8.177770310005881,0.0,4.222464924808872,6.957069646307653,,42.275056708392846,38.05343190792237
8.177770310005881,0.0,4.222464924808872,6.957069646307653,0.31420650256237925,42.275056708392846,38.05343190792237
8.177770310005881,0.0,4.222464924808872,6.957069646307653,0.31420650256237925,42.275056708392846,38.05343190792237
8.177770310005881,0.0,4.222464924808872,6.957069646307653,0.31420650256237925,42.275056708392846,38.05343190792237
8.177770310005881,0.0,,6.957069646307653,0.31420650256237925,42.275056708392846,38.05343190792237
8.011764705882353,0.0,5.26890756302521,6.812605042016806,0.32647058823529407,45.79831932773109,33.78193277310924
8.011764705882353,0.0,5.26890756302521,6.812605042016806,0.32647058823529407,45.79831932773109,33.78193277310924
8.011764705882353,0.0,5.26890756302521,6.812605042016806,0.32647058823529407,45.79831932773109,33.78193277310924
8.011764705882353,0.0,5.26890756302521,6.812605042016806,0.32647058823529407,45.79831932773109,33.78193277310924
8.011764705882353,0.0,5.26890756302521,6.812605042016806,,45.79831932773109,33.78193277310924
,0.0,5.160803017894349,7.651244796550978,0.24144852139301792,44.87802394116972,33.06953632548449
8.998943397507436,0.0,5.160803017894349,7.651244796550978,0.24144852139301792,44.87802394116972,33.06953632548449
8.998943397507436,0.0,5.160803017894349,7.651244796550978,,44.87802394116972,33.06953632548449
8.998943397507436,0.0,5.160803017894349,7.651244796550978,0.24144852139301792,44.87802394116972,33.06953632548449
8.998943397507436,0.0,5.160803017894349,7.651244796550978,0.24144852139301792,44.87802394116972,33.06953632548449
9.843047120105119,0.0,5.06383834752201,,0.1981706664612197,44.059802171745055,32.46874424855652
9.843047120105119,0.0,5.06383834752201,8.366397445610069,0.1981706664612197,44.059802171745055,32.46874424855652
9.843047120105119,0.0,5.06383834752201,8.366397445610069,0.1981706664612197,44.059802171745055,32.46874424855652
9.843047120105119,0.0,5.06383834752201,8.366397445610069,,44.059802171745055,32.46874424855652
9.843047120105119,0.0,5.06383834752201,8.366397445610069,0.1981706664612197,44.059802171745055,32.46874424855652
8.004407175959024,0.0,5.264220291512823,6.806311345113837,0.41548567247281265,45.758093139440014,33.75148237550148
8.004407175959024,0.0,,,,45.758093139440014,33.75148237550148
8.004407175959024,0.0,5.264220291512823,6.806311345113837,,45.758093139440014,33.75148237550148
8.004407175959024,0.0,5.264220291512823,,,45.758093139440014,33.75148237550148
8.004407175959024,0.0,5.264220291512823,6.806311345113837,0.41548567247281265,45.758093139440014,33.75148237550148
7.070668369518944,0.0,6.950617283950618,7.512132822477651,0.1911451681566624,45.065985525755636,33.20945083014048
7.070668369518944,0.0,6.950617283950618,7.512132822477651,0.1911451681566624,45.065985525755636,33.20945083014048
7.070668369518944,0.0,6.950617283950618,7.512132822477651,0.1911451681566624,45.065985525755636,33.20945083014048
7.070668369518944,0.0,6.950617283950618,7.512132822477651,0.1911451681566624,45.065985525755636,
7.070668369518944,0.0,6.950617283950618,7.512132822477651,0.1911451681566624,45.065985525755636,33.20945083014048
7.1769210389122,1.7981830146914284,7.000863196219028,5.2026801815276,0.24442982043809341,45.24088302409257,33.33603972411907
7.1769210389122,1.7981830146914284,7.000863196219028,5.2026801815276,0.24442982043809341,45.24088302409257,33.33603972411907
,1.7981830146914284,7.000863196219028,5.2026801815276,0.24442982043809341,45.24088302409257,33.33603972411907
7.1769210389122,1.7981830146914284,7.000863196219028,5.2026801815276,0.24442982043809341,45.24088302409257,33.33603972411907
7.1769210389122,1.7981830146914284,7.000863196219028,5.2026801815276,0.24442982043809341,45.24088302409257,33.33603972411907
8.994835923788841,4.126631397751711,1.0315526319112134,7.647630711733437,0.28871689330521916,44.856335989023705,33.054296452485865
8.994835923788841,,1.0315526319112134,,0.28871689330521916,44.856335989023705,
8.994835923788841,4.126631397751711,1.0315526319112134,7.647630711733437,,44.856335989023705,33.054296452485865
8.994835923788841,4.126631397751711,1.0315526319112134,7.647630711733437,0.28871689330521916,44.856335989023705,33.054296452485865
8.994835923788841,4.126631397751711,1.0315526319112134,7.647630711733437,,44.856335989023705,33.054296452485865
8.995686480799579,4.126670173592846,1.0318779589689637,7.648185165702262,0.27985270910047344,44.860599684376645,33.05712782745923
8.995686480799579,4.126670173592846,,7.648185165702262,0.27985270910047344,44.860599684376645,33.05712782745923
8.995686480799579,4.126670173592846,1.0318779589689637,7.648185165702262,0.27985270910047344,44.860599684376645,33.05712782745923
8.995686480799579,4.126670173592846,,7.648185165702262,0.27985270910047344,44.860599684376645,33.05712782745923
,4.126670173592846,,7.648185165702262,0.27985270910047344,44.860599684376645,33.05712782745923
9.836697459881025,0.0,5.060537146723885,8.361278496571632,0.26253463701267277,44.03129858282689,32.4476536769839
9.836697459881025,0.0,5.060537146723885,8.361278496571632,0.26253463701267277,44.03129858282689,32.4476536769839
9.836697459881025,0.0,5.060537146723885,8.361278496571632,0.26253463701267277,44.03129858282689,32.4476536769839
9.836697459881025,0.0,5.060537146723885,,0.26253463701267277,44.03129858282689,32.4476536769839
9.836697459881025,0.0,5.060537146723885,8.361278496571632,0.26253463701267277,44.03129858282689,32.4476536769839
10.248671827238521,0.0,4.051680343043131,8.03619862748306,0.3013682116810319,40.89609685113272,36.46598413942155
10.248671827238521,0.0,4.051680343043131,8.03619862748306,0.3013682116810319,40.89609685113272,
10.248671827238521,0.0,4.051680343043131,8.03619862748306,0.3013682116810319,40.89609685113272,36.46598413942155
10.248671827238521,0.0,4.051680343043131,8.03619862748306,0.3013682116810319,40.89609685113272,36.46598413942155
10.248671827238521,0.0,4.051680343043131,8.03619862748306,0.3013682116810319,40.89609685113272,36.46598413942155
10.608188673000463,0.0,4.060390296477657,7.952746884374987,0.23465313344677025,40.60220565458889,36.54181535811123
10.608188673000463,0.0,4.060390296477657,7.952746884374987,0.23465313344677025,40.60220565458889,36.54181535811123
10.608188673000463,0.0,4.060390296477657,7.952746884374987,0.23465313344677025,40.60220565458889,36.54181535811123
10.608188673000463,0.0,4.060390296477657,7.952746884374987,0.23465313344677025,40.60220565458889,36.54181535811123
10.608188673000463,0.0,4.060390296477657,7.952746884374987,0.23465313344677025,40.60220565458889,36.54181535811123
8.883464099552315,0.0,4.195526499492122,6.6596720324707075,0.3640832500804662,42.126647466256465,37.770606652147926
8.883464099552315,0.0,4.195526499492122,6.6596720324707075,0.3640832500804662,42.126647466256465,37.770606652147926
8.883464099552315,0.0,4.195526499492122,6.6596720324707075,0.3640832500804662,42.126647466256465,37.770606652147926
8.883464099552315,0.0,4.195526499492122,6.6596720324707075,0.3640832500804662,42.126647466256465,37.770606652147926
,0.0,4.195526499492122,6.6596720324707075,0.3640832500804662,42.126647466256465,37.770606652147926
8.893137595334418,0.0,4.199943939387601,6.666610884962787,,41.995255766085,37.81120961230321
8.893137595334418,0.0,,,0.433842201926979,41.995255766085,37.81120961230321
8.893137595334418,0.0,4.199943939387601,6.666610884962787,0.433842201926979,41.995255766085,37.81120961230321
8.893137595334418,0.0,4.199943939387601,,0.433842201926979,41.995255766085,37.81120961230321
8.893137595334418,0.0,4.199943939387601,6.666610884962787,0.433842201926979,41.995255766085,37.81120961230321
8.875640553304082,0.0,5.224068057741904,6.656730414978062,0.32823123555615097,45.44160498375591,33.4737247546639
8.875640553304082,0.0,5.224068057741904,6.656730414978062,0.32823123555615097,45.44160498375591,33.4737247546639
8.875640553304082,0.0,5.224068057741904,6.656730414978062,0.32823123555615097,45.44160498375591,33.4737247546639
8.875640553304082,0.0,5.224068057741904,6.656730414978062,0.32823123555615097,45.44160498375591,33.4737247546639
8.875640553304082,0.0,5.224068057741904,6.656730414978062,0.32823123555615097,45.44160498375591,33.4737247546639
,0.0,5.134028452024145,7.343492760352905,0.28367596774874404,44.5945375490734,32.86124361518004
,0.0,5.134028452024145,7.343492760352905,0.28367596774874404,44.5945375490734,32.86124361518004
9.78302165562075,0.0,5.134028452024145,7.343492760352905,0.28367596774874404,44.5945375490734,32.86124361518004
,0.0,5.134028452024145,7.343492760352905,0.28367596774874404,44.5945375490734,32.86124361518004
9.78302165562075,0.0,5.134028452024145,7.343492760352905,0.28367596774874404,,32.86124361518004
10.696732298710195,0.0,5.03283020634306,8.019251309591185,0.24468397468903857,43.76226079481866,32.24424141584786
10.696732298710195,0.0,5.03283020634306,8.019251309591185,0.24468397468903857,43.76226079481866,32.24424141584786
10.696732298710195,0.0,5.03283020634306,8.019251309591185,0.24468397468903857,43.76226079481866,32.24424141584786
10.696732298710195,0.0,5.03283020634306,8.019251309591185,0.24468397468903857,43.76226079481866,32.24424141584786
10.696732298710195,0.0,5.03283020634306,8.019251309591185,0.24468397468903857,43.76226079481866,32.24424141584786
10.694001880394968,0.0,5.0315455400179525,8.017204337671286,0.2701472408819988,43.75109016110986,32.236010839923935
,0.0,5.0315455400179525,8.017204337671286,0.2701472408819988,43.75109016110986,32.236010839923935
10.694001880394968,0.0,5.0315455400179525,,0.2701472408819988,43.75109016110986,32.236010839923935
10.694001880394968,0.0,5.0315455400179525,8.017204337671286,,43.75109016110986,32.236010839923935
10.694001880394968,0.0,5.0315455400179525,8.017204337671286,0.2701472408819988,43.75109016110986,32.236010839923935
7.689046775246511,0.0,7.079874859046861,7.189246017278948,0.32048292877309303,44.748912647205955,32.972436772448646
7.689046775246511,0.0,7.079874859046861,7.189246017278948,0.32048292877309303,44.748912647205955,32.972436772448646
,0.0,7.079874859046861,,0.32048292877309303,44.748912647205955,32.972436772448646
7.689046775246511,0.0,7.079874859046861,7.189246017278948,0.32048292877309303,44.748912647205955,32.972436772448646
7.689046775246511,0.0,7.079874859046861,7.189246017278948,0.32048292877309303,44.748912647205955,32.972436772448646
7.688571464773385,1.9094721815117817,,7.188924132163689,0.3459096918067129,44.744411172165044,32.97123332221128
7.688571464773385,1.9094721815117817,5.151478035368105,7.188924132163689,0.3459096918067129,44.744411172165044,32.97123332221128
,1.9094721815117817,5.151478035368105,7.188924132163689,,44.744411172165044,32.97123332221128
7.688571464773385,,5.151478035368105,7.188924132163689,0.3459096918067129,44.744411172165044,32.97123332221128
7.688571464773385,1.9094721815117817,5.151478035368105,7.188924132163689,0.3459096918067129,44.744411172165044,32.97123332221128
7.0914481032643835,1.7728620258160959,5.21738765295239,6.648442552047904,0.4547630445189086,45.38392414737178,33.431172474028536
7.0914481032643835,1.7728620258160959,5.21738765295239,6.648442552047904,0.4547630445189086,45.38392414737178,33.431172474028536
7.0914481032643835,1.7728620258160959,5.21738765295239,6.648442552047904,0.4547630445189086,45.38392414737178,33.431172474028536
7.0914481032643835,1.7728620258160959,5.21738765295239,6.648442552047904,,45.38392414737178,33.431172474028536
7.0914481032643835,1.7728620258160959,5.21738765295239,6.648442552047904,,45.38392414737178,33.431172474028536
12.14751903606393,0.0,4.02393105179483,7.0320475274035665,0.3936909045268179,40.213371266002845,36.18944021420802
12.14751903606393,0.0,4.02393105179483,7.0320475274035665,0.3936909045268179,,36.18944021420802
12.14751903606393,0.0,,7.0320475274035665,0.3936909045268179,40.213371266002845,36.18944021420802
12.14751903606393,0.0,4.02393105179483,7.0320475274035665,0.3936909045268179,40.213371266002845,36.18944021420802
12.14751903606393,0.0,4.02393105179483,,0.3936909045268179,40.213371266002845,36.18944021420802
11.561188125422513,0.0,4.064046603627138,6.701775177559485,0.4936612724192323,40.64046603627137,36.53886278470026
11.561188125422513,0.0,4.064046603627138,6.701775177559485,0.4936612724192323,40.64046603627137,36.53886278470026
11.561188125422513,0.0,4.064046603627138,6.701775177559485,0.4936612724192323,40.64046603627137,36.53886278470026
11.561188125422513,0.0,4.064046603627138,6.701775177559485,0.4936612724192323,40.64046603627137,36.53886278470026
11.561188125422513,0.0,4.064046603627138,6.701775177559485,0.4936612724192323,40.64046603627137,
12.393026277188715,0.0,4.008214240811365,7.189137085620886,,40.0293365743263,36.00854951594652
12.393026277188715,0.0,4.008214240811365,7.189137085620886,0.37173630610619834,40.0293365743263,36.00854951594652
12.393026277188715,0.0,4.008214240811365,7.189137085620886,0.37173630610619834,40.0293365743263,36.00854951594652
12.393026277188715,0.0,4.008214240811365,7.189137085620886,0.37173630610619834,40.0293365743263,36.00854951594652
12.393026277188715,0.0,4.008214240811365,7.189137085620886,0.37173630610619834,40.0293365743263,36.00854951594652
10.422599337748345,0.0,4.13658940397351,6.0488410596026485,0.5111754966887417,41.639072847682115,37.241721854304636
10.422599337748345,0.0,4.13658940397351,6.0488410596026485,0.5111754966887417,41.639072847682115,
10.422599337748345,0.0,4.13658940397351,6.0488410596026485,0.5111754966887417,41.639072847682115,37.241721854304636
10.422599337748345,0.0,4.13658940397351,6.0488410596026485,0.5111754966887417,41.639072847682115,37.241721854304636
10.422599337748345,0.0,4.13658940397351,6.0488410596026485,0.5111754966887417,41.639072847682115,37.241721854304636
10.398533936122696,0.0,4.122261044528769,6.600209556966519,0.53432852020221,41.23346399335429,37.11120294882552
10.398533936122696,0.0,4.122261044528769,6.600209556966519,,41.23346399335429,37.11120294882552
10.398533936122696,0.0,4.122261044528769,6.600209556966519,0.53432852020221,41.23346399335429,37.11120294882552
10.398533936122696,0.0,4.122261044528769,6.600209556966519,0.53432852020221,41.23346399335429,37.11120294882552
10.398533936122696,0.0,,6.600209556966519,0.53432852020221,41.23346399335429,37.11120294882552
10.564639380299383,0.0,,6.123730765204647,0.5933214696953837,41.3591541924003,37.224327436407414
10.564639380299383,0.0,4.134826755992882,6.123730765204647,0.5933214696953837,41.3591541924003,37.224327436407414
10.564639380299383,0.0,4.134826755992882,6.123730765204647,0.5933214696953837,41.3591541924003,37.224327436407414
10.564639380299383,0.0,,6.123730765204647,0.5933214696953837,41.3591541924003,37.224327436407414
10.564639380299383,0.0,4.134826755992882,6.123730765204647,0.5933214696953837,41.3591541924003,37.224327436407414
10.22116949426268,0.0,5.17953198696421,5.934017698528712,,45.004120270488514,33.16465760345192
10.22116949426268,0.0,5.17953198696421,5.934017698528712,0.49650294630397246,45.004120270488514,33.16465760345192
10.22116949426268,0.0,5.17953198696421,5.934017698528712,0.49650294630397246,,33.16465760345192
10.22116949426268,0.0,5.17953198696421,5.934017698528712,0.49650294630397246,45.004120270488514,33.16465760345192
10.22116949426268,0.0,,5.934017698528712,0.49650294630397246,45.004120270488514,33.16465760345192
11.476073261295843,0.0,5.062789436355293,6.653594225875089,0.4130335016062415,43.95677750427636,32.43773207059119
11.476073261295843,0.0,5.062789436355293,6.653594225875089,0.4130335016062415,43.95677750427636,32.43773207059119
11.476073261295843,0.0,5.062789436355293,6.653594225875089,0.4130335016062415,43.95677750427636,32.43773207059119
11.476073261295843,0.0,5.062789436355293,6.653594225875089,0.4130335016062415,43.95677750427636,32.43773207059119
11.476073261295843,0.0,5.062789436355293,6.653594225875089,,43.95677750427636,32.43773207059119
12.510577744845849,0.0,4.948490066392452,7.359163379321087,0.4007965410248098,43.060367873968005,31.720604394447793
12.510577744845849,0.0,4.948490066392452,7.359163379321087,0.4007965410248098,43.060367873968005,31.720604394447793
12.510577744845849,0.0,4.948490066392452,7.359163379321087,0.4007965410248098,43.060367873968005,31.720604394447793
12.510577744845849,0.0,4.948490066392452,7.359163379321087,0.4007965410248098,43.060367873968005,31.720604394447793
12.510577744845849,0.0,4.948490066392452,7.359163379321087,0.4007965410248098,43.060367873968005,31.720604394447793
8.968312577624115,0.0,7.331912322513512,6.494830653553087,0.42630324594676255,44.20378637843644,32.57485482192609
8.968312577624115,0.0,7.331912322513512,6.494830653553087,0.42630324594676255,44.20378637843644,32.57485482192609
8.968312577624115,0.0,7.331912322513512,6.494830653553087,0.42630324594676255,44.20378637843644,32.57485482192609
8.968312577624115,0.0,7.331912322513512,6.494830653553087,0.42630324594676255,44.20378637843644,
8.968312577624115,0.0,7.331912322513512,,0.42630324594676255,,32.57485482192609
8.963846518794687,0.0,7.315506404846775,6.491336347872818,0.489547777092019,44.18105710411077,32.55870584728292
8.963846518794687,0.0,7.315506404846775,6.491336347872818,0.489547777092019,44.18105710411077,32.55870584728292
8.963846518794687,0.0,7.315506404846775,6.491336347872818,0.489547777092019,44.18105710411077,32.55870584728292
8.963846518794687,0.0,7.315506404846775,,0.489547777092019,44.18105710411077,32.55870584728292
8.963846518794687,0.0,7.315506404846775,6.491336347872818,,44.18105710411077,32.55870584728292
11.475375902497186,4.0496456249586,1.0126184010068227,6.652811816917267,0.46325428893157583,43.953268861363185,32.39302510432536
11.475375902497186,,1.0126184010068227,6.652811816917267,0.46325428893157583,43.953268861363185,32.39302510432536
11.475375902497186,4.0496456249586,1.0126184010068227,6.652811816917267,0.46325428893157583,43.953268861363185,32.39302510432536
11.475375902497186,4.0496456249586,1.0126184010068227,6.652811816917267,0.46325428893157583,43.953268861363185,32.39302510432536
11.475375902497186,4.0496456249586,,6.652811816917267,0.46325428893157583,43.953268861363185,32.39302510432536
9.026422024420105,,5.119784255980941,5.821696833327819,0.49262102511498634,44.49306773435691,32.78639025842957
9.026422024420105,2.260017868369677,5.119784255980941,5.821696833327819,0.49262102511498634,44.49306773435691,32.78639025842957
9.026422024420105,2.260017868369677,5.119784255980941,5.821696833327819,0.49262102511498634,44.49306773435691,32.78639025842957
9.026422024420105,2.260017868369677,5.119784255980941,,0.49262102511498634,44.49306773435691,32.78639025842957
9.026422024420105,,5.119784255980941,,0.49262102511498634,44.49306773435691,32.78639025842957
9.141918824525357,2.2886702315470644,5.18524190563702,6.620552939324714,0.40881265660162247,43.14866572227114,33.20613772009308
9.141918824525357,2.2886702315470644,5.18524190563702,6.620552939324714,0.40881265660162247,43.14866572227114,33.20613772009308
9.141918824525357,2.2886702315470644,5.18524190563702,6.620552939324714,0.40881265660162247,43.14866572227114,
9.141918824525357,2.2886702315470644,5.18524190563702,6.620552939324714,0.40881265660162247,43.14866572227114,33.20613772009308
9.141918824525357,2.2886702315470644,5.18524190563702,,0.40881265660162247,43.14866572227114,33.20613772009308
9.170678969665733,0.0,5.201537036804237,6.641356682213032,0.47477172824451797,45.20178846049087,33.30986712258162
9.170678969665733,0.0,5.201537036804237,6.641356682213032,0.47477172824451797,45.20178846049087,33.30986712258162
9.170678969665733,0.0,5.201537036804237,6.641356682213032,0.47477172824451797,45.20178846049087,33.30986712258162
9.170678969665733,0.0,5.201537036804237,,0.47477172824451797,45.20178846049087,33.30986712258162
9.170678969665733,0.0,5.201537036804237,6.641356682213032,0.47477172824451797,45.20178846049087,33.30986712258162
15.956137596224846,0.0,0.0,9.10688065997301,0.0,42.585064036733066,32.35191770706908
15.956137596224846,0.0,0.0,9.10688065997301,0.0,42.585064036733066,32.35191770706908
15.956137596224846,0.0,0.0,9.10688065997301,0.0,42.585064036733066,32.35191770706908
15.956137596224846,0.0,0.0,9.10688065997301,0.0,42.585064036733066,32.35191770706908
15.956137596224846,0.0,0.0,9.10688065997301,0.0,42.585064036733066,32.35191770706908
20.300446609825414,0.0,0.0,5.684125050751117,0.16240357287860333,39.2204628501827,34.63256191636216
19.65327485622078,0.0,2.4411436137200546,5.875294799122843,,45.430096404485084,26.521577227026356
12.712377416360626,5.528875257274304,0.0,5.851729286896162,0.2381048468461197,45.60313168408733,30.06578150853545
20.867768595041323,0.0,2.479338842975207,8.057851239669422,0.0,42.561983471074385,26.033057851239672
18.774065979810594,0.0,0.0,6.8685607243209486,0.46831095847642834,42.87646997606411,31.012592361327922
22.540625546042286,0.0,0.0,7.07670802026909,0.3582037392975712,34.99038965577495,35.034073038616114
21.619823715283555,0.0,0.0,7.068019291535007,0.21619823715283557,35.547979378014304,35.547979378014304
22.374208639495563,0.0,0.0,7.839448102853559,0.2906952107328401,38.985363538514996,30.51028450840304
21.892893230043786,0.0,0.0,7.367800606264736,0.2189289323004379,36.62849444257326,33.89188278881778
16.244725738396625,0.0,5.738396624472574,6.666666666666667,0.8438818565400843,38.10126582278481,32.40506329113924
20.490023353955834,0.0,0.0,8.194370467488836,0.12291555701233253,,25.12393985332077
18.441430737083625,2.048592616872209,0.0,8.194370467488836,0.12291555701233253,46.06875076822224,25.12393985332077
16.822033898305087,0.7288135593220338,6.694915254237288,7.076271186440677,0.8813559322033898,40.97457627118644,26.822033898305087
14.191953631094442,0.7458233890214797,6.946812137742925,7.117286055233548,0.762870780770542,42.44800545516536,27.7872485509717
14.434504516184795,0.7606205972600372,6.828298543584424,8.168028004667443,0.661221314663555,41.79091576991227,27.35641125372747
,0.0,0.0,7.306889352818372,0.0,46.764091858037574,29.018789144050107
8.350730688935283,8.350730688935283,0.0,7.933194154488518,0.0,47.80793319415449,27.55741127348643
22.54003477106139,0.0,0.0,7.0765225444029936,0.3608152852886959,34.989472580659246,35.03315481858766
6.352126867306261,5.081701493845008,5.213124808341,8.060629955754152,0.24970429754238405,36.491873658387,38.550838918824205
6.9522899104892675,5.561831928391413,5.301121056748066,7.9082297731815405,0.2780915964195707,35.804293039019726,38.19414269575041
10.060837973214094,6.707225315476063,0.0,8.12606143990369,0.25152094933035235,42.17812842616678,32.67622589590902
10.62270284051074,7.648346045167734,4.036627079394081,6.756039006564831,0.40153816737130593,36.54209777135694,33.99264908963437
20.191285866099896,0.0,0.0,,0.4038257173219979,44.378320935175346,28.140276301806587
12.06808943089431,,0.0,6.902100271002711,0.3218157181571816,43.65684281842819,29.005758807588077
15.071781476103185,5.0380393136412325,0.0,6.773834371282329,0.3822982773292465,44.91898917456595,27.815057387078067
11.740346233483468,7.684590261916452,5.123060174610968,6.916131235724807,0.44186394006019597,35.434499541059196,32.65950861314492
21.29471890971039,0.0,0.0,6.431005110732538,0.3833049403747871,43.994889267461666,27.896081771720617
6.9359788137374405,0.0008407247046954476,6.035142292656269,6.885955693808063,0.0,42.2716381520871,
6.9881497920496045,5.442286353202267,5.594755075937894,7.4142151672497185,0.34220757769552,42.5980670354151,31.620318998449903
7.530752440737043,5.490600835857261,5.016835586538298,7.611546335933402,0.15101267322041928,42.60926211062419,31.589990017089388
7.0850373832567035,5.499530063250947,5.445339158855556,7.428387566574374,0.3298024572188212,42.6033649164698,31.608538454373804
7.236897345043578,0.5713781927488287,7.236477522712388,6.581134863725671,0.1738064451124284,42.24672118759341,35.9535844430637
7.328361612459143,,7.327939325861676,6.958016266479736,0.27321942856177633,42.4904774372271,33.50844150908338
7.080051213783631,3.196621925265185,7.080051213783631,,0.33534853353909294,42.70500351882785,32.648787064280086
7.355635963520175,,6.76696502253539,7.293425590892739,0.4117734188196957,42.62468524513849,31.596098097716833
,0.0,5.282057124532156,7.030224776468305,0.4168934685283408,45.52915511559511,33.71014089142626
10.643007969484367,0.0,,8.167018595463524,0.2269089299094067,40.39660104897486,36.492745725768
8.992843634035491,0.0,7.33917131051215,6.706091967095038,0.49113141345598976,43.95752513573507,32.51323653916625
8.205171432786127,0.0,4.236613069774303,7.172149284555244,0.3152593092112196,42.062672539144,38.00813436452912
10.623227665949635,0.0,4.998246155276537,8.15389881795092,0.24300258216656878,44.103912130266295,31.877712648390062
6.9359788137374405,0.0008407247046954476,6.035142292656269,6.885955693808063,0.0,42.2716381520871,37.87044432300643
6.9881497920496045,5.442286353202267,5.594755075937894,7.4142151672497185,,42.5980670354151,
,5.490600835857261,5.016835586538298,7.611546335933402,,,31.589990017089388
,5.499530063250947,5.445339158855556,7.428387566574374,0.3298024572188212,42.6033649164698,31.608538454373804
,0.5713781927488287,7.236477522712388,6.581134863725671,0.1738064451124284,42.24672118759341,35.9535844430637
7.328361612459143,2.1135444203271874,7.327939325861676,6.958016266479736,0.27321942856177633,42.4904774372271,33.50844150908338
7.080051213783631,3.196621925265185,7.080051213783631,6.9541365305205325,0.33534853353909294,42.70500351882785,32.648787064280086
7.355635963520175,3.9514166613766686,6.76696502253539,7.293425590892739,0.4117734188196957,42.62468524513849,31.596098097716833
8.031528623449837,0.0,5.282057124532156,7.030224776468305,0.4168934685283408,45.52915511559511,33.71014089142626
,0.0,4.073717730399836,8.167018595463524,0.2269089299094067,40.39660104897486,36.492745725768
8.992843634035491,0.0,7.33917131051215,6.706091967095038,0.49113141345598976,43.95752513573507,
8.205171432786127,0.0,4.236613069774303,7.172149284555244,,42.062672539144,38.00813436452912
10.623227665949635,0.0,4.998246155276537,8.15389881795092,0.24300258216656878,44.103912130266295,31.877712648390062
6.9359788137374405,0.0008407247046954476,6.035142292656269,6.885955693808063,0.0,42.2716381520871,37.87044432300643
6.9881497920496045,5.442286353202267,5.594755075937894,7.4142151672497185,0.34220757769552,42.5980670354151,31.620318998449903
,5.490600835857261,5.016835586538298,7.611546335933402,0.15101267322041928,42.60926211062419,31.589990017089388
7.0850373832567035,5.499530063250947,5.445339158855556,7.428387566574374,0.3298024572188212,42.6033649164698,31.608538454373804
7.236897345043578,0.5713781927488287,7.236477522712388,6.581134863725671,0.1738064451124284,42.24672118759341,35.9535844430637
7.328361612459143,2.1135444203271874,7.327939325861676,6.958016266479736,0.27321942856177633,42.4904774372271,33.50844150908338
7.080051213783631,3.196621925265185,7.080051213783631,6.9541365305205325,,42.70500351882785,32.648787064280086
7.355635963520175,3.9514166613766686,6.76696502253539,7.293425590892739,0.4117734188196957,42.62468524513849,31.596098097716833
8.031528623449837,0.0,,,0.4168934685283408,45.52915511559511,33.71014089142626
10.643007969484367,0.0,4.073717730399836,,0.2269089299094067,40.39660104897486,36.492745725768
8.992843634035491,0.0,7.33917131051215,6.706091967095038,0.49113141345598976,43.95752513573507,
8.205171432786127,0.0,4.236613069774303,7.172149284555244,0.3152593092112196,,38.00813436452912
10.623227665949635,0.0,4.998246155276537,8.15389881795092,0.24300258216656878,44.103912130266295,
6.9359788137374405,0.0008407247046954476,6.035142292656269,6.885955693808063,0.0,42.2716381520871,37.87044432300643
6.9881497920496045,5.442286353202267,5.594755075937894,7.4142151672497185,0.34220757769552,42.5980670354151,31.620318998449903
7.530752440737043,5.490600835857261,5.016835586538298,7.611546335933402,,42.60926211062419,31.589990017089388
,5.499530063250947,5.445339158855556,7.428387566574374,0.3298024572188212,42.6033649164698,31.608538454373804
7.236897345043578,0.5713781927488287,7.236477522712388,6.581134863725671,0.1738064451124284,42.24672118759341,35.9535844430637
,2.1135444203271874,7.327939325861676,6.958016266479736,0.27321942856177633,42.4904774372271,33.50844150908338
7.080051213783631,,7.080051213783631,6.9541365305205325,0.33534853353909294,42.70500351882785,32.648787064280086
7.355635963520175,3.9514166613766686,6.76696502253539,7.293425590892739,0.4117734188196957,42.62468524513849,31.596098097716833
8.031528623449837,0.0,5.282057124532156,7.030224776468305,0.4168934685283408,45.52915511559511,33.71014089142626
10.643007969484367,0.0,4.073717730399836,8.167018595463524,0.2269089299094067,40.39660104897486,36.492745725768
8.992843634035491,0.0,7.33917131051215,6.706091967095038,0.49113141345598976,43.95752513573507,32.51323653916625
8.205171432786127,0.0,4.236613069774303,7.172149284555244,0.3152593092112196,42.062672539144,38.00813436452912
10.623227665949635,0.0,4.998246155276537,8.15389881795092,,44.103912130266295,31.877712648390062
6.9359788137374405,0.0008407247046954476,6.035142292656269,6.885955693808063,0.0,42.2716381520871,37.87044432300643
6.9881497920496045,5.442286353202267,5.594755075937894,7.4142151672497185,,42.5980670354151,31.620318998449903
7.530752440737043,,5.016835586538298,7.611546335933402,0.15101267322041928,42.60926211062419,
7.0850373832567035,5.499530063250947,5.445339158855556,7.428387566574374,0.3298024572188212,42.6033649164698,31.608538454373804
7.236897345043578,0.5713781927488287,7.236477522712388,6.581134863725671,0.1738064451124284,42.24672118759341,35.9535844430637
7.328361612459143,2.1135444203271874,7.327939325861676,6.958016266479736,0.27321942856177633,42.4904774372271,33.50844150908338
7.080051213783631,3.196621925265185,7.080051213783631,6.9541365305205325,0.33534853353909294,42.70500351882785,32.648787064280086
7.355635963520175,3.9514166613766686,6.76696502253539,7.293425590892739,0.4117734188196957,42.62468524513849,31.596098097716833
8.031528623449837,0.0,5.282057124532156,7.030224776468305,0.4168934685283408,45.52915511559511,33.71014089142626
10.643007969484367,0.0,4.073717730399836,8.167018595463524,0.2269089299094067,40.39660104897486,
8.992843634035491,0.0,7.33917131051215,6.706091967095038,0.49113141345598976,43.95752513573507,32.51323653916625
8.205171432786127,0.0,4.236613069774303,7.172149284555244,0.3152593092112196,42.062672539144,38.00813436452912
10.623227665949635,0.0,4.998246155276537,8.15389881795092,0.24300258216656878,44.103912130266295,31.877712648390062
18.570875371105217,0.9993296163823434,3.2894599872585473,6.745474910580819,0.4834257019249586,40.264655793405254,29.646778619342857
18.570643393680985,0.9993171332922504,3.289418897086991,6.745390649722689,0.48466880964674147,40.26415282890025,29.646408287670095
18.570643393680985,0.9993171332922504,,6.745390649722689,0.48466880964674147,40.26415282890025,29.646408287670095
18.581010706994956,0.999875015623047,3.291255259759197,6.749156355455567,0.4291130275382244,,29.662958796817062
18.570875371105217,0.9993296163823434,3.2894599872585473,6.745474910580819,0.4834257019249586,40.264655793405254,29.646778619342857
18.570643393680985,0.9993171332922504,3.289418897086991,6.745390649722689,0.48466880964674147,40.26415282890025,29.646408287670095
18.570643393680985,0.9993171332922504,3.289418897086991,6.745390649722689,0.48466880964674147,40.26415282890025,29.646408287670095
18.570875371105217,0.9993296163823434,,6.745474910580819,0.4834257019249586,40.264655793405254,29.646778619342857
18.570643393680985,0.9993171332922504,3.289418897086991,6.745390649722689,0.48466880964674147,40.26415282890025,29.646408287670095
18.570643393680985,0.9993171332922504,3.289418897086991,6.745390649722689,0.48466880964674147,40.26415282890025,29.646408287670095
18.570875371105217,0.9993296163823434,3.2894599872585473,6.745474910580819,0.4834257019249586,40.264655793405254,29.646778619342857
18.570643393680985,0.9993171332922504,3.289418897086991,6.745390649722689,0.48466880964674147,40.26415282890025,29.646408287670095
18.570643393680985,0.9993171332922504,3.289418897086991,6.745390649722689,0.48466880964674147,40.26415282890025,29.646408287670095
18.581010706994956,0.999875015623047,3.291255259759197,6.749156355455567,0.4291130275382244,40.286630837811934,29.662958796817062
15.761692976882848,0.8145577765830929,3.8284215499405367,6.39427854617728,0.5832233680334945,38.20275972174706,34.41506606063568
15.764196942479014,0.8146871804898715,3.8290297483023954,6.395294366845492,0.5674296212111954,38.208828764974974,34.42053337569707
15.779108786150264,0.8154578184056984,3.832651746506782,6.401343874484732,0.4733732635845079,38.244971683227256,34.45309282764076
15.761692976882848,0.8145577765830929,3.8284215499405367,6.39427854617728,0.5832233680334945,38.20275972174706,34.41506606063568
15.764196942479014,0.8146871804898715,3.8290297483023954,6.395294366845492,0.5674296212111954,38.208828764974974,34.42053337569707
15.779108786150264,0.8154578184056984,3.832651746506782,6.401343874484732,0.4733732635845079,38.244971683227256,34.45309282764076
15.761692976882848,0.8145577765830929,3.8284215499405367,6.39427854617728,0.5832233680334945,38.20275972174706,34.41506606063568
15.764196942479014,0.8146871804898715,3.8290297483023954,6.395294366845492,0.5674296212111954,38.208828764974974,34.42053337569707
15.779108786150264,0.8154578184056984,3.832651746506782,6.401343874484732,0.4733732635845079,38.244971683227256,34.45309282764076
15.761692976882848,0.8145577765830929,3.8284215499405367,6.39427854617728,0.5832233680334945,38.20275972174706,34.41506606063568
15.764196942479014,0.8146871804898715,3.8290297483023954,6.395294366845492,0.5674296212111954,38.208828764974974,34.42053337569707
15.779108786150264,0.8154578184056984,,6.401343874484732,0.4733732635845079,38.244971683227256,34.45309282764076
14.389189057731047,0.7701256115405349,3.9316939115490466,5.877274403861977,0.5321973305014329,39.19534033472091,35.30417935009505
14.394323365433351,0.7704004054738975,3.9330968068930563,5.8793715154586925,0.496705524581855,39.20932589964521,35.31677648251394
20.164850734928727,1.0677925032752482,,8.624477911069313,0.16140094376429714,36.22280722649111,28.707190761130715
20.752938590744442,1.0989336117298485,5.198801317029667,8.495602152219213,0.166108042080704,34.7432088016129,29.54440748458323
20.164850734928727,1.0677925032752482,5.051479919340597,8.624477911069313,0.16140094376429714,36.22280722649111,28.707190761130715
20.164850734928727,1.0677925032752482,5.051479919340597,8.624477911069313,0.16140094376429714,36.22280722649111,28.707190761130715
20.164850734928727,1.0677925032752482,5.051479919340597,8.624477911069313,0.16140094376429714,36.22280722649111,28.707190761130715
20.752938590744442,,5.198801317029667,8.495602152219213,0.166108042080704,34.7432088016129,29.54440748458323
20.752938590744442,1.0989336117298485,5.198801317029667,8.495602152219213,0.166108042080704,34.7432088016129,29.54440748458323
20.752938590744442,1.0989336117298485,,8.495602152219213,0.166108042080704,34.7432088016129,29.54440748458323
18.14695610490995,0.9415873450660823,5.6495240703964935,7.61829761008012,0.362939122098199,35.18112716565089,32.09956858179826
17.69261583656029,0.9180130858592603,5.508078515155561,7.4275604219521965,0.35385231673120576,36.803979169448525,31.295900654292964
18.221511697866706,0.9454557956440273,5.672734773864164,7.2198442576453,0.3833393498702147,35.325666546335924,32.23144757877366
18.14695610490995,0.9415873450660823,,7.61829761008012,0.362939122098199,35.18112716565089,32.09956858179826
18.14695610490995,0.9415873450660823,5.6495240703964935,7.61829761008012,0.362939122098199,,32.09956858179826
18.221511697866706,0.9454557956440273,5.672734773864164,7.2198442576453,0.3833393498702147,35.325666546335924,32.23144757877366
18.221511697866706,0.9454557956440273,5.672734773864164,7.2198442576453,0.3833393498702147,35.325666546335924,32.23144757877366
18.221511697866706,0.9454557956440273,5.672734773864164,7.2198442576453,0.3833393498702147,35.325666546335924,32.23144757877366
8.764622166684022,0.47728140511645656,6.117879829220034,,,40.87264396542747,34.754764136207434
8.764622166684022,0.47728140511645656,6.117879829220034,8.938179041271823,0.07462945607275503,40.87264396542747,34.754764136207434
8.764622166684022,0.47728140511645656,6.117879829220034,8.938179041271823,0.07462945607275503,40.87264396542747,34.754764136207434
,0.47728140511645656,6.117879829220034,8.938179041271823,0.07462945607275503,40.87264396542747,34.754764136207434
12.525028004904165,0.6615331692731073,6.218411791167209,7.894295819992414,0.24079807361541108,37.13406190186376,35.32587123918393
12.525028004904165,0.6615331692731073,,7.894295819992414,0.24079807361541108,37.13406190186376,35.32587123918393
12.525028004904165,0.6615331692731073,6.218411791167209,7.894295819992414,,37.13406190186376,35.32587123918393
12.525028004904165,0.6615331692731073,6.218411791167209,7.894295819992414,0.24079807361541108,37.13406190186376,35.32587123918393
14.792472732816627,0.7828885290348633,5.809856978627144,6.345517551124681,,38.814789176360065,33.00493219773292
14.792472732816627,0.7828885290348633,,6.345517551124681,0.4495428343037031,38.814789176360065,33.00493219773292
14.792472732816627,0.7828885290348633,5.809856978627144,6.345517551124681,0.4495428343037031,38.814789176360065,33.00493219773292
14.792472732816627,0.7828885290348633,5.809856978627144,6.345517551124681,0.4495428343037031,38.814789176360065,33.00493219773292
14.792472732816627,0.7828885290348633,5.809856978627144,6.345517551124681,0.4495428343037031,38.814789176360065,33.00493219773292
14.792472732816627,0.7828885290348633,5.809856978627144,6.345517551124681,0.4495428343037031,38.814789176360065,33.00493219773292
14.792472732816627,0.7828885290348633,5.809856978627144,6.345517551124681,0.4495428343037031,38.814789176360065,33.00493219773292
14.792472732816627,0.7828885290348633,5.809856978627144,6.345517551124681,0.4495428343037031,38.814789176360065,33.00493219773292
19.709778038967492,0.0,0.0,9.854889019483746,0.0,37.90063740337236,32.534695538176386
12.622843415592925,0.0,0.0,8.38611050447696,0.0,39.88643808691854,39.10460799301158
12.622843415592925,0.0,0.0,8.38611050447696,0.0,39.88643808691854,39.10460799301158
,0.0,0.0,8.307372793354102,0.0,40.697473174108694,33.99100034614054
17.004153686396677,0.0,0.0,8.307372793354102,0.0,,33.99100034614054
17.004153686396677,0.0,0.0,8.307372793354102,0.0,40.697473174108694,33.99100034614054
20.68608860541286,0.0,0.0,8.274435442165144,0.0,40.34649198414066,30.69298396828133
20.68608860541286,0.0,0.0,8.274435442165144,0.0,40.34649198414066,30.69298396828133
20.68608860541286,0.0,0.0,8.274435442165144,0.0,40.34649198414066,30.69298396828133
20.68608860541286,0.0,0.0,8.274435442165144,0.0,40.34649198414066,30.69298396828133
14.485818688011134,0.0,0.0,8.352183748042457,0.0,40.50809117800592,36.65390638594049
11.175387851696028,0.0,0.0,8.414409676571127,0.0,38.99552984485932,41.41467262687352
11.175387851696028,0.0,0.0,8.414409676571127,0.0,38.99552984485932,41.41467262687352
12.622843415592925,0.0,0.0,8.38611050447696,0.0,39.88643808691854,39.10460799301158
11.175387851696028,0.0,0.0,8.414409676571127,0.0,38.99552984485932,41.41467262687352
14.485818688011134,0.0,0.0,8.352183748042457,0.0,40.50809117800592,36.65390638594049
14.485818688011134,0.0,0.0,8.352183748042457,0.0,40.50809117800592,36.65390638594049
12.622843415592925,0.0,0.0,8.38611050447696,0.0,39.88643808691854,39.10460799301158
14.485818688011134,0.0,0.0,8.352183748042457,0.0,40.50809117800592,36.65390638594049
17.004153686396677,0.0,0.0,8.307372793354102,0.0,40.697473174108694,33.99100034614054
11.175387851696028,0.0,0.0,,0.0,38.99552984485932,41.41467262687352
6.735663386494742,10.10349507974211,0.0,7.876654224635223,0.0,44.13810654903291,31.146080760095014
10.022588471513426,15.033882707270138,0.0,7.767924370450931,0.0,39.38760143896929,27.788003011796196
,6.735663386494742,0.0,7.876654224635223,0.0,44.13810654903291,31.146080760095014
7.684508470280088,11.524650416120991,0.0,7.8450424570149115,0.0,42.76963372903552,30.17616492754847
8.158016779796789,12.2349171550234,0.0,7.8291664909987775,0.0,42.084404907458165,
10.815272604131392,7.208770741618695,0.0,7.860650186251271,0.0,43.455807653234004,30.659498814764646
11.524650416120991,7.684508470280088,0.0,7.8450424570149115,0.0,42.76963372903552,30.17616492754847
10.022588471513426,15.033882707270138,0.0,7.767924370450931,0.0,39.38760143896929,27.788003011796196
9.383765405864853,6.255843603909902,0.0,7.892052698682532,0.0,44.83637909052274,31.63195920101997
16.83915846623685,0.0,0.0,7.876654224635223,0.0,44.13810654903291,31.146080760095014
16.239969430645775,0.0,0.0,7.884345943191949,0.0,44.48690188086443,31.38878274529783
8.857407096014796,13.288212544139903,0.0,7.806457037161593,0.0,41.07112829998319,
6.735663386494742,10.10349507974211,0.0,7.876654224635223,0.0,44.13810654903291,31.146080760095014
12.62915207924174,0.0,0.0,7.928443343864743,0.0,46.597216292374696,32.84518828451883
10.815272604131392,7.208770741618695,0.0,7.860650186251271,0.0,43.455807653234004,30.659498814764646
,5.7490255888832404,0.0,7.867310625317743,0.0,45.59396712421624,32.16827656329436
16.83915846623685,0.0,0.0,7.876654224635223,0.0,44.13810654903291,31.146080760095014
15.529315960912053,0.0,0.0,7.561074918566775,0.0,44.97557003257329,31.93403908794788
12.62915207924174,0.0,0.0,7.928443343864743,0.0,46.597216292374696,
9.556142336225324,14.338404794836332,0.0,7.783226455425626,0.0,40.060354583176164,28.261871830336567
9.383765405864853,6.255843603909902,0.0,7.892052698682532,0.0,44.83637909052274,31.63195920101997
13.288212544139903,8.857407096014796,0.0,7.806457037161593,0.0,41.07112829998319,28.976795022700518
5.7490255888832404,8.621420098288427,0.0,7.867310625317743,0.0,45.59396712421624,32.16827656329436
10.210557914147262,0.0,0.0,7.96346327029461,0.0,47.97804365538831,33.847935160169826
14.443876681996255,0.0,0.0,7.907511497189576,0.0,45.52887072049055,32.11974110032363
5.7490255888832404,8.621420098288427,0.0,7.867310625317743,0.0,45.59396712421624,32.16827656329436
8.158016779796789,12.2349171550234,0.0,7.8291664909987775,0.0,42.084404907458165,29.69349466672288
8.621420098288427,5.7490255888832404,0.0,7.867310625317743,0.0,45.59396712421624,32.16827656329436
12.2349171550234,8.158016779796789,0.0,7.8291664909987775,0.0,42.084404907458165,29.69349466672288
7.684508470280088,11.524650416120991,0.0,7.8450424570149115,0.0,42.76963372903552,30.17616492754847
7.5274045261669045,6.8732319660537495,0.0,8.208097595473834,0.0,45.376591230551625,32.01467468175389
8.857407096014796,13.288212544139903,0.0,7.806457037161593,0.0,41.07112829998319,28.976795022700518
9.556142336225324,14.338404794836332,0.0,7.783226455425626,0.0,40.060354583176164,28.261871830336567
12.2349171550234,8.158016779796789,0.0,7.8291664909987775,0.0,42.084404907458165,29.69349466672288
15.529315960912053,0.0,0.0,7.561074918566775,0.0,44.97557003257329,31.93403908794788
10.10349507974211,6.735663386494742,0.0,7.876654224635223,0.0,44.13810654903291,31.146080760095014
7.9447028203268335,5.2950462943209455,0.0,7.923369031872681,0.0,46.22605282246022,32.61082903101933
,0.0,0.0,7.907511497189576,0.0,45.52887072049055,32.11974110032363
10.210557914147262,0.0,0.0,7.96346327029461,0.0,47.97804365538831,33.847935160169826
10.817874127072534,0.0,0.0,7.955957328306414,0.0,47.624351998629024,33.60181654599203
16.239969430645775,0.0,0.0,7.884345943191949,0.0,44.48690188086443,31.38878274529783
10.817874127072534,0.0,0.0,7.955957328306414,0.0,47.624351998629024,33.60181654599203
,8.857407096014796,0.0,7.806457037161593,0.0,41.07112829998319,28.976795022700518
7.9447028203268335,5.2950462943209455,0.0,7.923369031872681,0.0,46.22605282246022,32.61082903101933
7.5274045261669045,6.8732319660537495,0.0,8.208097595473834,0.0,45.376591230551625,32.01467468175389
11.524650416120991,7.684508470280088,0.0,7.8450424570149115,0.0,42.76963372903552,30.17616492754847
14.835886214442013,0.0,0.0,8.62144420131291,0.0,42.36323851203501,34.179431072210065
14.835886214442013,0.0,0.0,8.62144420131291,0.0,42.36323851203501,34.179431072210065
14.835886214442013,0.0,0.0,8.62144420131291,0.0,42.36323851203501,34.179431072210065
14.835886214442013,0.0,0.0,8.62144420131291,0.0,42.36323851203501,34.179431072210065
14.835886214442013,0.0,0.0,8.62144420131291,0.0,42.36323851203501,34.179431072210065
14.835886214442013,0.0,0.0,8.62144420131291,0.0,42.36323851203501,34.179431072210065
14.835886214442013,0.0,0.0,8.62144420131291,0.0,42.36323851203501,34.179431072210065
10.337275514673674,0.0,0.0,8.497590889180902,0.0,42.400350416119146,38.76478318002628
10.337275514673674,0.0,0.0,8.497590889180902,0.0,42.400350416119146,38.76478318002628
10.337275514673674,0.0,0.0,8.497590889180902,0.0,42.400350416119146,38.76478318002628
10.337275514673674,0.0,0.0,,0.0,42.400350416119146,38.76478318002628
10.341805433829974,0.0,0.0,8.45749342681858,0.0,42.41893076248904,38.781770376862404
10.341805433829974,0.0,0.0,8.45749342681858,0.0,42.41893076248904,38.781770376862404
12.085514834205933,0.0,0.0,8.333333333333332,0.0,42.23385689354276,37.347294938917976
12.085514834205933,0.0,0.0,8.333333333333332,0.0,42.23385689354276,37.347294938917976
12.085514834205933,0.0,0.0,8.333333333333332,0.0,42.23385689354276,37.347294938917976
12.085514834205933,0.0,0.0,8.333333333333332,0.0,42.23385689354276,37.347294938917976
12.085514834205933,0.0,0.0,8.333333333333332,0.0,42.23385689354276,37.347294938917976
12.085514834205933,0.0,0.0,8.333333333333332,0.0,42.23385689354276,37.347294938917976
11.125711782742007,0.0,0.0,8.672798948751643,0.0,42.400350416119146,37.80113885238721
11.125711782742007,0.0,0.0,8.672798948751643,0.0,42.400350416119146,37.80113885238721
,0.0,0.0,8.672798948751643,0.0,42.400350416119146,37.80113885238721
11.125711782742007,0.0,0.0,8.672798948751643,0.0,42.400350416119146,37.80113885238721
13.464912280701755,0.0,0.0,8.464912280701755,0.0,42.45614035087719,35.6140350877193
13.464912280701755,0.0,0.0,8.464912280701755,0.0,42.45614035087719,35.6140350877193
13.464912280701755,0.0,0.0,8.464912280701755,0.0,42.45614035087719,35.6140350877193
13.464912280701755,0.0,0.0,8.464912280701755,0.0,42.45614035087719,35.6140350877193
13.464912280701755,0.0,0.0,8.464912280701755,0.0,42.45614035087719,35.6140350877193
10.341805433829974,0.0,0.0,8.45749342681858,0.0,42.41893076248904,38.781770376862404
8.51063829787234,0.0,0.0,7.659574468085106,0.0,47.87234042553192,35.95744680851064
8.51063829787234,0.0,0.0,7.659574468085106,0.0,47.87234042553192,35.95744680851064
9.566326530612244,0.0,0.0,7.695578231292517,0.0,47.32142857142857,35.41666666666667
9.566326530612244,0.0,0.0,7.695578231292517,0.0,47.32142857142857,35.41666666666667
13.800424628450106,0.0,0.0,7.813163481953291,0.0,45.1380042462845,33.2484076433121
,0.0,0.0,7.813163481953291,0.0,45.1380042462845,33.2484076433121
11.682242990654206,0.0,0.0,7.7740016992353445,0.0,46.21920135938827,34.324553950722176
,0.0,0.0,7.7740016992353445,0.0,46.21920135938827,34.324553950722176
12.74426508071368,0.0,0.0,7.816482582837724,0.0,45.66694987255735,33.77230246389125
12.74426508071368,0.0,0.0,7.816482582837724,0.0,45.66694987255735,33.77230246389125
15.910055154857869,0.0,0.0,7.891387356809504,0.0,44.039032668646584,32.15952481968604
15.910055154857869,0.0,0.0,7.891387356809504,0.0,44.039032668646584,32.15952481968604
16.97072549851506,0.0,0.0,7.933814170555792,0.0,43.48748408994484,31.607976240984303
16.97072549851506,0.0,0.0,7.933814170555792,0.0,43.48748408994484,31.607976240984303
10.629251700680271,0.0,0.0,7.738095238095238,0.0,46.7687074829932,34.863945578231295
,0.0,0.0,7.738095238095238,0.0,46.7687074829932,34.863945578231295
14.855687606112053,0.0,0.0,7.894736842105263,0.0,44.56706281833616,
14.855687606112053,0.0,0.0,7.894736842105263,0.0,44.56706281833616,32.682512733446515
8.825953072819535,13.241098148067834,0.0,8.825953072819535,0.0,41.783406340807566,27.32358936548554
,7.276851932641132,0.0,8.87793386266469,0.0,42.648983509292385,
6.821341675356273,10.253736531108792,0.0,8.342022940563085,0.0,40.64129301355578,33.941605839416056
6.205261077686532,9.310087391858065,0.0,8.936805586052435,0.0,42.67708928022485,32.870756664178124
,10.931970114038538,0.0,8.891510464455806,0.0,42.626818718049556,30.26172062743042
5.4049288013049415,8.107393201957413,0.0,8.971476436097516,0.0,42.24308953842084,35.27311202221928
8.104177683765204,5.402785122510136,0.0,8.967918209060462,0.0,42.270403666490395,35.25471531817381
4.481546572934974,6.722319859402461,0.0,8.43585237258348,0.0,38.97188049209139,41.388400702987695
4.481546572934974,6.722319859402461,0.0,8.43585237258348,0.0,38.97188049209139,41.388400702987695
5.4049288013049415,8.107393201957413,0.0,8.971476436097516,0.0,42.24308953842084,35.27311202221928
7.2879800760256925,10.931970114038538,0.0,8.891510464455806,0.0,42.626818718049556,30.26172062743042
8.70852564660803,5.7911695549943385,0.0,8.360184620743706,0.0,42.03605329617695,35.10406688147697
4.789068718492969,7.181392058017158,0.0,8.998850269744405,0.0,41.4875740691607,37.543114884584774
13.223892233724607,8.8144843418374,0.0,8.8144843418374,0.0,41.815740459999134,27.331398622601466
4.789068718492969,7.181392058017158,0.0,8.998850269744405,0.0,41.4875740691607,37.543114884584774
5.081701493845008,7.578744469268848,0.0,8.411092127743462,0.0,39.85631050948438,39.0721513996583
6.205261077686532,9.310087391858065,0.0,8.936805586052435,0.0,42.67708928022485,32.870756664178124
6.821341675356273,10.253736531108792,0.0,8.342022940563085,0.0,40.64129301355578,33.941605839416056
5.803805201605864,8.727526618956187,0.0,8.378425554197939,0.0,40.46954093209983,36.62070169314016
10.915277898961696,7.276851932641132,0.0,8.87793386266469,0.0,42.648983509292385,30.280952796440104
7.572441565263066,5.077475269193732,0.0,8.404096997286176,0.0,41.442703317867455,37.50328285038956
8.283359937874799,12.4250399068122,0.0,8.283359937874799,0.0,40.11389619914578,30.89434401829242
8.283359937874799,12.4250399068122,0.0,8.283359937874799,0.0,40.11389619914578,30.89434401829242
6.716123085026997,4.477415390017998,0.0,8.428076028269171,0.0,38.979851630744925,41.39853386594092
12.404169179085192,8.269446119390128,0.0,8.269446119390128,0.0,40.14126970453958,30.915668877594964
13.223892233724607,8.8144843418374,0.0,8.8144843418374,0.0,41.815740459999134,27.331398622601466
10.231066025057443,6.806260025144145,0.0,8.323579139029784,0.0,42.16413057614775,32.47496423462089
7.572441565263066,5.077475269193732,0.0,8.404096997286176,0.0,41.442703317867455,37.50328285038956
9.297430049995615,6.196824839926323,0.0,8.924655731953338,0.0,42.68923778615911,32.89185159196562
10.231066025057443,6.806260025144145,0.0,8.323579139029784,0.0,42.16413057614775,32.47496423462089
8.104177683765204,5.402785122510136,0.0,8.967918209060462,0.0,42.270403666490395,35.25471531817381
7.2879800760256925,10.931970114038538,0.0,8.891510464455806,0.0,42.626818718049556,30.26172062743042
4.481546572934974,6.722319859402461,0.0,8.43585237258348,0.0,38.97188049209139,41.388400702987695
12.404169179085192,8.269446119390128,0.0,8.269446119390128,0.0,40.14126970453958,30.915668877594964
9.297430049995615,6.196824839926323,0.0,8.924655731953338,0.0,42.68923778615911,32.89185159196562
,6.722319859402461,0.0,8.43585237258348,0.0,38.97188049209139,41.388400702987695
7.572441565263066,5.077475269193732,0.0,8.404096997286176,0.0,41.442703317867455,37.50328285038956
,5.402785122510136,0.0,8.967918209060462,0.0,42.270403666490395,35.25471531817381
5.803805201605864,8.727526618956187,0.0,8.378425554197939,0.0,40.46954093209983,36.62070169314016
8.283359937874799,12.4250399068122,0.0,8.283359937874799,0.0,40.11389619914578,30.89434401829242
5.803805201605864,8.727526618956187,0.0,8.378425554197939,0.0,40.46954093209983,36.62070169314016
13.223892233724607,8.8144843418374,0.0,8.8144843418374,0.0,41.815740459999134,27.331398622601466
10.231066025057443,6.806260025144145,0.0,8.323579139029784,0.0,42.16413057614775,32.47496423462089
4.789068718492969,7.181392058017158,0.0,8.998850269744405,0.0,41.4875740691607,37.543114884584774
6.821341675356273,10.253736531108792,0.0,8.342022940563085,0.0,40.64129301355578,33.941605839416056
12.404169179085192,,0.0,8.269446119390128,0.0,40.14126970453958,30.915668877594964
9.297430049995615,6.196824839926323,0.0,8.924655731953338,0.0,42.68923778615911,32.89185159196562
9.297430049995615,6.196824839926323,0.0,8.924655731953338,0.0,42.68923778615911,32.89185159196562
6.716123085026997,4.477415390017998,0.0,8.428076028269171,0.0,38.979851630744925,41.39853386594092
10.231066025057443,6.806260025144145,0.0,8.323579139029784,0.0,42.16413057614775,32.47496423462089
5.081701493845008,,0.0,8.411092127743462,0.0,39.85631050948438,39.0721513996583
8.104177683765204,5.402785122510136,0.0,8.967918209060462,0.0,42.270403666490395,
4.789068718492969,7.181392058017158,0.0,8.998850269744405,0.0,41.4875740691607,37.543114884584774
8.825953072819535,13.241098148067834,0.0,8.825953072819535,0.0,41.783406340807566,27.32358936548554
8.825953072819535,13.241098148067834,0.0,8.825953072819535,0.0,41.783406340807566,27.32358936548554
5.803805201605864,8.727526618956187,0.0,8.378425554197939,0.0,40.46954093209983,36.62070169314016
12.404169179085192,,0.0,8.269446119390128,0.0,40.14126970453958,30.915668877594964
8.70852564660803,5.7911695549943385,0.0,,0.0,,35.10406688147697
8.70852564660803,5.7911695549943385,0.0,8.360184620743706,0.0,42.03605329617695,35.10406688147697
10.915277898961696,7.276851932641132,0.0,8.87793386266469,0.0,42.648983509292385,30.280952796440104
5.4049288013049415,8.107393201957413,0.0,8.971476436097516,0.0,42.24308953842084,35.27311202221928
6.716123085026997,4.477415390017998,0.0,8.428076028269171,0.0,38.979851630744925,41.39853386594092
8.70852564660803,5.7911695549943385,0.0,8.360184620743706,0.0,42.03605329617695,35.10406688147697
5.081701493845008,7.578744469268848,0.0,8.411092127743462,0.0,39.85631050948438,39.0721513996583
7.572441565263066,5.077475269193732,0.0,8.404096997286176,0.0,41.442703317867455,37.50328285038956
10.915277898961696,7.276851932641132,0.0,,0.0,42.648983509292385,30.280952796440104
13.223892233724607,8.8144843418374,0.0,8.8144843418374,0.0,41.815740459999134,27.331398622601466
8.283359937874799,,0.0,8.283359937874799,0.0,40.11389619914578,30.89434401829242
6.821341675356273,10.253736531108792,0.0,8.342022940563085,0.0,40.64129301355578,33.941605839416056
6.716123085026997,4.477415390017998,0.0,,0.0,38.979851630744925,41.39853386594092
6.205261077686532,9.310087391858065,0.0,8.936805586052435,0.0,42.67708928022485,32.870756664178124
5.081701493845008,7.578744469268848,0.0,8.411092127743462,0.0,39.85631050948438,39.0721513996583
6.205261077686532,9.310087391858065,0.0,8.936805586052435,0.0,42.67708928022485,
5.4049288013049415,8.107393201957413,0.0,8.971476436097516,0.0,42.24308953842084,35.27311202221928
7.2879800760256925,10.931970114038538,0.0,8.891510464455806,0.0,42.626818718049556,30.26172062743042
8.825953072819535,13.241098148067834,0.0,8.825953072819535,0.0,41.783406340807566,27.32358936548554
13.225255972696246,0.0,0.0,8.19112627986348,0.0,43.1740614334471,35.40955631399317
,0.0,0.0,8.19112627986348,0.0,43.1740614334471,35.40955631399317
13.225255972696246,0.0,0.0,8.19112627986348,0.0,43.1740614334471,35.40955631399317
13.225255972696246,0.0,0.0,8.19112627986348,0.0,43.1740614334471,35.40955631399317
,0.0,0.0,8.19112627986348,0.0,43.1740614334471,35.40955631399317
13.972140143520473,0.0,0.0,8.10468552131701,0.0,43.26720135078092,34.65597298438159
13.972140143520473,0.0,0.0,8.10468552131701,0.0,43.26720135078092,34.65597298438159
13.972140143520473,0.0,0.0,8.10468552131701,0.0,43.26720135078092,34.65597298438159
13.972140143520473,0.0,0.0,8.10468552131701,0.0,43.26720135078092,34.65597298438159
13.972140143520473,0.0,0.0,8.10468552131701,0.0,43.26720135078092,34.65597298438159
14.505403158769742,0.0,0.0,7.98004987531172,0.0,43.89027431421446,33.624272651704075
14.505403158769742,0.0,0.0,7.98004987531172,0.0,43.89027431421446,33.624272651704075
14.505403158769742,0.0,0.0,,0.0,43.89027431421446,33.624272651704075
14.505403158769742,0.0,0.0,7.98004987531172,0.0,43.89027431421446,33.624272651704075
14.505403158769742,0.0,0.0,7.98004987531172,0.0,43.89027431421446,33.624272651704075
10.205831903945112,0.0,0.0,7.975986277873071,0.0,47.98456260720412,33.8336192109777
10.205831903945112,0.0,0.0,7.975986277873071,0.0,47.98456260720412,33.8336192109777
12.644169158479283,0.0,0.0,7.945322511747116,0.0,46.561298590346006,32.84920973942759
12.644169158479283,0.0,0.0,7.945322511747116,0.0,46.561298590346006,32.84920973942759
,0.0,0.0,8.24102791315906,0.0,46.0788657509969,32.52104563579973
20.609703735508802,0.0,0.0,8.24388149420352,0.0,40.18892228424216,30.957492486045513
20.609703735508802,0.0,0.0,8.24388149420352,0.0,40.18892228424216,30.957492486045513
,0.0,0.0,7.891387356809504,0.0,44.12388629613916,31.141281289775137
11.982942430703625,0.0,0.0,7.9317697228145,0.0,47.078891257995735,33.00639658848614
11.988054607508532,0.0,0.0,7.892491467576791,0.0,47.098976109215016,33.020477815699664
20.508613617719444,0.0,0.0,8.203445447087777,0.0,46.14438063986874,25.143560295324036
20.508613617719444,0.0,0.0,,0.0,46.14438063986874,25.143560295324036
20.508613617719444,0.0,0.0,8.203445447087777,0.0,46.14438063986874,25.143560295324036
20.508613617719444,0.0,0.0,8.203445447087777,0.0,46.14438063986874,25.143560295324036
20.508613617719444,0.0,0.0,8.203445447087777,0.0,46.14438063986874,25.143560295324036
22.031823745410037,0.0,0.0,7.058343533251733,0.0,45.89963280293758,25.010199918400655
22.031823745410037,0.0,0.0,7.058343533251733,0.0,45.89963280293758,25.010199918400655
22.031823745410037,0.0,0.0,7.058343533251733,0.0,45.89963280293758,25.010199918400655
22.031823745410037,0.0,0.0,7.058343533251733,0.0,45.89963280293758,25.010199918400655
22.031823745410037,0.0,0.0,7.058343533251733,0.0,45.89963280293758,25.010199918400655
22.031823745410037,0.0,0.0,7.058343533251733,0.0,45.89963280293758,25.010199918400655
15.20417028670721,0.0,0.0,8.818418766290183,0.0,42.3110338835795,33.666377063423106
15.20417028670721,0.0,0.0,8.818418766290183,0.0,42.3110338835795,33.666377063423106
15.20417028670721,0.0,0.0,8.818418766290183,0.0,42.3110338835795,33.666377063423106
15.20417028670721,0.0,0.0,8.818418766290183,0.0,42.3110338835795,33.666377063423106
15.20417028670721,0.0,0.0,8.818418766290183,0.0,42.3110338835795,33.666377063423106
15.20417028670721,0.0,0.0,8.818418766290183,0.0,42.3110338835795,33.666377063423106
16.73913043478261,0.0,0.0,8.08695652173913,0.0,42.0,33.17391304347826
16.73913043478261,0.0,0.0,8.08695652173913,0.0,42.0,33.17391304347826
,0.0,0.0,8.08695652173913,0.0,42.0,33.17391304347826
16.73913043478261,0.0,0.0,8.08695652173913,0.0,42.0,33.17391304347826
,0.0,0.0,8.08695652173913,0.0,42.0,33.17391304347826
14.230438521066208,0.0,0.0,8.25451418744626,0.0,42.046431642304384,35.46861564918315
14.230438521066208,0.0,0.0,8.25451418744626,0.0,42.046431642304384,35.46861564918315
14.578111946532998,0.0,0.0,8.020050125313283,0.0,43.734335839599,33.66750208855472
14.230438521066208,0.0,0.0,,0.0,,35.46861564918315
16.22769753610875,0.0,0.0,7.90144435004248,0.0,44.47748513169074,31.39337298215803
16.22769753610875,0.0,0.0,7.90144435004248,0.0,44.47748513169074,31.39337298215803
,0.0,0.0,7.551766138855055,0.0,45.107592367032076,31.831100284206254
11.982942430703625,0.0,0.0,7.9317697228145,0.0,47.078891257995735,33.00639658848614
14.443971026842778,0.0,0.0,7.8824030677460595,0.0,45.547507456327224,32.12611844908393
14.443971026842778,0.0,0.0,7.8824030677460595,0.0,45.547507456327224,32.12611844908393
12.726488352027609,0.0,0.0,7.981018119068162,0.0,46.11734253666954,33.175150992234684
12.726488352027609,0.0,0.0,7.981018119068162,0.0,46.11734253666954,33.175150992234684
10.214592274678111,0.0,0.0,7.939914163090128,0.0,47.98283261802575,33.862660944206006
12.660393498716852,0.0,0.0,8.212147134302823,0.0,46.40718562874252,32.72027373823781
12.660393498716852,0.0,0.0,8.212147134302823,0.0,46.40718562874252,32.72027373823781
12.660393498716852,0.0,0.0,8.212147134302823,0.0,46.40718562874252,32.72027373823781
14.86304445442299,0.0,0.0,8.62146385271666,0.0,39.47013920071846,37.045352492141895
14.230438521066208,0.0,0.0,8.25451418744626,0.0,42.046431642304384,35.46861564918315
14.230438521066208,0.0,0.0,,0.0,42.046431642304384,35.46861564918315
14.230438521066208,0.0,0.0,8.25451418744626,0.0,42.046431642304384,35.46861564918315
14.578111946532998,0.0,0.0,,0.0,43.734335839599,33.66750208855472
14.578111946532998,0.0,0.0,8.020050125313283,0.0,43.734335839599,33.66750208855472
14.578111946532998,0.0,0.0,8.020050125313283,0.0,43.734335839599,33.66750208855472
14.578111946532998,0.0,0.0,8.020050125313283,0.0,43.734335839599,33.66750208855472
14.578111946532998,0.0,0.0,8.020050125313283,0.0,43.734335839599,33.66750208855472
13.153310104529616,0.0,0.0,8.841463414634147,0.0,42.42160278745645,35.58362369337979
,0.0,0.0,8.841463414634147,0.0,42.42160278745645,35.58362369337979
21.41109298531811,0.0,0.0,,0.0,45.88091353996737,
,0.0,0.0,8.203445447087777,0.0,46.14438063986874,25.143560295324036
20.508613617719444,0.0,0.0,8.203445447087777,0.0,46.14438063986874,25.143560295324036
20.508613617719444,0.0,0.0,8.203445447087777,0.0,46.14438063986874,25.143560295324036
22.031823745410037,0.0,0.0,7.058343533251733,0.0,45.89963280293758,25.010199918400655
10.806174957118353,0.0,0.0,7.933104631217838,0.0,47.64150943396226,33.61921097770154
10.806174957118353,0.0,0.0,7.933104631217838,0.0,47.64150943396226,33.61921097770154
14.499572284003422,0.0,0.0,7.912745936698032,0.0,45.33789563729683,32.24978614200171
17.21419185282523,0.0,0.0,8.409986859395532,0.0,41.17389399912396,33.201927288655284
17.21419185282523,0.0,0.0,8.409986859395532,0.0,41.17389399912396,33.201927288655284
17.21419185282523,0.0,0.0,8.409986859395532,0.0,41.17389399912396,33.201927288655284
16.234594135146622,0.0,0.0,7.86230344241394,0.0,44.49638759031024,31.406714832129197
16.234594135146622,0.0,0.0,7.86230344241394,0.0,44.49638759031024,31.406714832129197
10.801543077582512,0.0,0.0,7.972567509644235,0.0,47.62108872696099,
10.806174957118353,0.0,0.0,7.933104631217838,0.0,47.64150943396226,33.61921097770154
,0.0,0.0,8.2687338501292,0.0,,36.60637381567614
,0.0,0.0,8.2687338501292,0.0,41.77433247200689,36.60637381567614
13.350559862187769,0.0,0.0,8.2687338501292,0.0,41.77433247200689,36.60637381567614
13.350559862187769,0.0,0.0,8.2687338501292,0.0,41.77433247200689,36.60637381567614
13.350559862187769,0.0,0.0,8.2687338501292,0.0,41.77433247200689,36.60637381567614
21.41109298531811,0.0,0.0,7.7079934747145185,0.0,45.88091353996737,25.0
21.41109298531811,0.0,0.0,7.7079934747145185,0.0,45.88091353996737,25.0
21.41109298531811,0.0,0.0,7.7079934747145185,0.0,45.88091353996737,25.0
21.41109298531811,0.0,0.0,7.7079934747145185,0.0,45.88091353996737,25.0
21.41109298531811,0.0,0.0,7.7079934747145185,0.0,45.88091353996737,25.0
21.41109298531811,0.0,0.0,7.7079934747145185,0.0,45.88091353996737,25.0
14.006089604175727,0.0,0.0,8.829926054806437,0.0,42.36624619399739,34.797738147020446
14.006089604175727,0.0,0.0,8.829926054806437,0.0,42.36624619399739,34.797738147020446
14.006089604175727,0.0,0.0,8.829926054806437,0.0,42.36624619399739,34.797738147020446
13.153310104529616,0.0,0.0,8.841463414634147,0.0,42.42160278745645,35.58362369337979
,0.0,0.0,7.852292020373515,0.0,44.14261460101868,31.154499151103565
20.609703735508802,0.0,0.0,8.24388149420352,0.0,40.18892228424216,30.957492486045513
21.21951219512195,0.0,0.0,5.934959349593496,0.0,36.422764227642276,36.422764227642276
21.21951219512195,0.0,0.0,5.934959349593496,0.0,36.422764227642276,
12.063632346442775,4.639858594785682,3.623508616880247,9.279717189571365,0.3977021652673442,39.94697304463102,30.048608042421566
7.114624505928854,8.344312692138779,6.499780412823891,7.861220904699165,0.834431269213878,36.80281071585419,32.54281949934124
6.933813597478614,6.483565961278703,5.042773525438991,9.905447996398019,0.45024763619990993,41.55785682125169,29.62629446195407
6.530430919591293,5.108840515326522,3.9537983118613953,8.973789426921368,0.3998223011994669,38.20524211461573,
6.6259808195292065,7.759372275501308,6.059285091543156,7.323452484742806,0.7846556233653008,41.15082824760244,30.29642545771578
13.367830961621388,6.1664510564898665,4.786545924967658,7.244501940491591,0.9486847779215178,39.41354031910306,28.072445019404917
6.310254163014899,0.0,7.668711656441718,6.923751095530236,0.7887817703768624,41.32340052585452,36.98510078878177
13.327487943884261,6.137658921525647,0.0,9.38185006576063,0.263042525208242,39.2371766768961,31.65278386672512
16.16248919619706,0.0,0.0,8.210890233362143,0.3025064822817632,43.777009507346584,
6.952339309138609,6.515085264538698,5.072146917358985,7.651945780498471,0.6558810668998688,41.670310450371666,
6.69877408056042,10.464098073555167,0.0,8.756567425569177,0.2626970227670753,43.87040280210158,29.947460595446586
,6.087696892294593,0.0,7.151979565772669,0.4257130693912303,38.91017454235845,34.22733077905492
13.406593406593407,0.0,4.395604395604396,8.615384615384615,0.43956043956043955,42.15384615384615,30.98901098901099
6.63153271848924,0.0,8.080808080808081,7.334211682037769,0.5270092226613966,43.522178304787005,33.90425999121651
6.195462478184991,7.286212914485166,5.671902268760907,,0.4799301919720768,38.525305410122165,34.24956369982548
13.058720420683612,6.00350569675723,4.688869412795793,8.808063102541631,0.26292725679228746,38.47502191060473,28.702892199824714
13.81239242685026,7.056798623063683,0.0,8.175559380378658,,37.43545611015491,33.304647160068846
15.69468267581475,8.018867924528301,0.0,8.190394511149227,0.3001715265866209,35.33447684391081,32.46140651801029
12.068965517241379,5.560344827586207,,7.413793103448276,0.3879310344827586,35.560344827586206,34.69827586206897
11.038107752956636,4.248795444590451,3.328953131844065,8.497590889180902,,36.57468243539203,35.96145422689443
7.29765590446705,0.0,6.634232640424591,8.04953560371517,0.5307386112339673,45.24546660769571,32.24237063246351
6.753246753246753,10.519480519480519,0.0,7.792207792207792,0.4761904761904762,44.24242424242424,
7.1206052514463725,8.366711170449488,6.497552291944815,9.034267912772584,0.48954161103693816,36.89363595905652,31.59768580329328
13.00742034046268,0.0,4.670449585333915,8.11872544740288,0.2618943692710607,38.367525098210386,35.57398515931908
14.083259521700619,0.0,5.580159433126661,9.300265721877768,0.2657218777679362,38.13108945969885,32.63950398582816
12.483688560243584,5.263157894736842,4.088734232274902,8.177468464549804,0.39147455415397997,39.3214441061331,30.274032187907785
13.890072432893055,7.072858968896463,0.0,7.413719642096293,0.3834682573498083,37.57988922028121,33.65999147848317
15.607189829022358,0.0,6.2253397632617276,8.461201227531784,0.48224462954844366,35.1161771153003,34.10784743533538
5.771753388718846,9.05115872321819,7.039790118058592,7.826847398338435,0.21862702229995626,37.90992566681241,32.18189768255356
13.849462365591398,6.408602150537634,0.0,8.0,0.34408602150537637,40.903225806451616,30.494623655913976
7.2791833111407005,0.0,8.877052818464271,8.033732800710164,0.5770084332001775,37.68308921438083,37.54993342210386
13.563714902807774,0.0,4.881209503239741,7.343412526997841,0.4319654427645789,39.956803455723545,33.82289416846652
14.00523560209424,0.0,,7.940663176265271,0.4799301919720768,37.95811518324607,34.031413612565444
6.363636363636363,7.454545454545454,5.818181818181818,10.772727272727273,0.27272727272727276,,29.818181818181817
12.360515021459227,,0.0,7.59656652360515,0.30042918454935624,38.96995708154506,35.5793991416309
13.244444444444445,0.0,4.7555555555555555,9.333333333333334,0.4888888888888889,39.111111111111114,33.06666666666666
11.592300962379703,4.8556430446194225,3.762029746281715,8.530183727034121,0.26246719160104987,36.43919510061242,34.55818022747157
6.875805758487323,10.743446497636441,0.0,7.219596046411689,0.5156854318865491,45.07950150408251,29.56596476149549
7.192374350086656,11.265164644714037,0.0,7.928942807625649,0.5632582322357019,37.21837088388215,35.831889081455806
11.953226504980512,,3.8977912516240796,7.795582503248159,0.3897791251624079,37.678648765699435,33.26115201385881
14.153846153846153,0.0,5.098901098901099,8.615384615384615,0.43956043956043955,35.956043956043956,35.73626373626374
6.569664902998236,6.128747795414462,4.805996472663139,8.509700176366843,,39.32980599647266,34.39153439153439
,,0.0,7.612456747404845,0.4757785467128028,42.82006920415225,34.12629757785467
11.477572559366754,4.397537379067722,3.430079155672823,8.839050131926122,0.395778364116095,37.994722955145114,33.46525945470537
10.76783280327124,4.179918218991367,3.225806451612903,11.222171740118128,0.2726033621081327,38.75511131303953,31.5765561108587
13.590968302214504,0.0,4.906643508467217,7.729049066435084,0.34737299174989145,43.5084672166739,29.9174989144594
6.786339754816112,8.012259194395797,0.0,8.450087565674256,0.39404553415061294,45.84063047285464,30.51663747810858
6.403508771929825,10.087719298245613,0.0,8.859649122807017,0.13157894736842105,36.271929824561404,38.24561403508772
13.261648745519713,0.0,4.793906810035843,9.901433691756273,0.492831541218638,36.693548387096776,34.85663082437276
5.818022747156605,9.186351706036746,0.0,8.57392825896763,0.13123359580052493,41.513560804899384,34.7769028871391
13.40471092077088,6.209850107066381,0.0,7.623126338329765,0.3426124197002141,37.13062098501071,35.28907922912205
6.713780918727916,0.0,4.946996466431095,8.12720848056537,0.35335689045936397,43.81625441696113,36.042402826855124
6.6870629370629375,6.3374125874125875,4.938811188811189,7.77972027972028,0.34965034965034963,43.79370629370629,
6.216696269982238,5.905861456483126,4.573712255772647,8.880994671403197,0.3108348134991119,40.67495559502664,33.43694493783303
6.4390665514261025,10.198789974070872,0.0,7.605877268798617,0.5617977528089888,,38.591184096802074
13.345195729537366,0.0,5.338078291814947,9.430604982206406,,39.05693950177936,32.38434163701068
6.6870629370629375,6.3374125874125875,4.938811188811189,7.77972027972028,0.34965034965034963,37.89335664335665,36.01398601398601
6.460061108686163,0.0,5.979921431689219,6.896551724137931,0.6983849847228284,43.736359668267134,36.228721082496726
14.380238200264667,0.0,6.087340097044552,8.778120864578739,0.4852227613586237,35.33303925893251,34.93603881782091
6.634865568083261,6.287944492627926,0.0,7.718993928881179,0.3469210754553339,43.36513443191674,35.64614050303556
11.45605596851771,4.85351989505903,3.760384783559248,8.526453869698294,0.21862702229995626,39.13423699169217,32.05072146917359
7.198177676537585,0.0,8.88382687927107,10.022779043280181,0.5011389521640092,40.911161731207294,32.48291571753986
6.649053280493175,0.0,8.146191105239982,7.353588727432848,0.7045354469396742,,29.854689564068693
12.047661076787291,0.0,3.971756398940865,8.7819947043248,0.48543689320388345,41.085613415710505,33.627537511032656
6.529360210341806,5.170902716914987,4.031551270815075,8.019281332164768,0.3067484662576687,41.76161262050832,34.18054338299737
6.316254416961131,7.464664310954064,6.316254416961131,8.436395759717314,0.35335689045936397,42.71201413427562,28.40106007067138
11.21172919361794,,3.363518758085381,7.373868046571798,0.4312203536006899,40.36222509702458,32.90211297973264
13.387510692899914,6.88622754491018,0.0,7.613344739093241,0.42771599657827203,39.221556886227546,32.463644140290846
12.121212121212121,5.121638924455826,0.0,7.170294494238156,0.2987622705932565,41.39991463935126,33.88817755014938
14.457831325301203,0.0,0.0,7.83132530120482,0.12908777969018934,42.426850258175556,35.15490533562823
6.41025641025641,0.0,5.92396109637489,8.001768346595933,0.4862953138815208,43.28028293545535,35.8974358974359
6.473888649115235,10.228744065602072,0.0,7.509710832973673,0.5179110919292188,46.13724643936124,29.132498921018556
6.354810238305383,7.502206531332744,5.8693733451015,8.473080317740513,0.353045013239188,35.92233009708738,35.525154457193295
,7.3370738023306,0.0,8.416055243849806,0.3452740612861459,35.00215796288304,34.61372464393612
6.907308377896613,0.0,6.372549019607843,8.60071301247772,0.4010695187165776,46.657754010695186,31.060606060606062
6.783369803063458,8.00875273522976,0.0,8.446389496717725,0.39387308533916854,,37.98687089715536
5.981391227292867,0.0,7.354895879486044,,0.4430660168365086,42.57864421798848,35.66681435533894
11.525129982668977,4.852686308492201,3.7694974003466206,7.712305025996534,0.43327556325823224,39.42807625649913,32.2790294627383
13.546160483175152,6.255392579810182,4.874892148403796,7.722174288179465,0.3451251078515962,37.48921484037964,29.767040552200175
12.960662525879918,6.004140786749482,0.0,5.25879917184265,0.33126293995859213,41.40786749482402,34.037267080745345
6.328565236237537,,0.0,7.88903337667967,,42.73948851322063,35.41395752058951
6.299212598425196,5.94925634295713,4.636920384951881,7.78652668416448,,41.16360454943132,33.85826771653544
6.5807025344597605,0.0,8.092485549132949,8.04802134281903,0.6669630947087595,37.305469097376616,39.30635838150289
12.06971677559913,5.098039215686274,3.965141612200436,8.32244008714597,,41.22004357298475,29.01960784313726
12.850366537300562,0.0,4.614057783527382,7.072013799051315,0.5605864596808969,41.09529969814575,33.80767572229409
13.40471092077088,6.209850107066381,0.0,7.623126338329765,0.3426124197002141,42.91220556745182,29.507494646680943
6.8462897526501765,8.12720848056537,6.316254416961131,8.568904593639576,0.3975265017667844,38.869257950530034,30.87455830388692
12.521663778162912,5.805892547660312,0.0,8.448873483535529,0.25996533795493937,40.03466204506066,32.92894280762565
6.368330464716007,7.530120481927711,0.0,7.3580034423407925,0.08605851979345956,43.029259896729776,35.628227194492254
6.511001347103727,0.0,8.037718904355636,9.070498428378986,0.35922766052986077,37.00044903457566,39.02110462505613
13.485566566135287,0.0,0.0,7.669108143041791,0.34467901766479964,43.08487720809996,
5.9310946358482335,7.064980375054514,5.49498473615351,7.501090274749236,0.436109899694723,40.25294374182294,33.31879633667684
6.904231625835189,0.0,6.369710467706014,8.596881959910913,0.40089086859688194,39.06458797327394,38.663697104677055
11.11595466434176,4.315605928509155,3.356582388840453,8.238884045335658,0.26155187445510025,,32.65039232781169
7.2743601257296815,9.295015716210148,7.7233947013920075,9.69914683430624,0.449034575662326,36.910642119443196,28.6484059272564
6.004415011037527,8.653421633554084,4.326710816777042,8.785871964679911,0.26490066225165565,37.39514348785872,34.56953642384106
7.250221043324491,7.206012378426172,5.658709106984968,8.709106984969054,0.3536693191865605,42.48452696728559,
7.193605683836591,9.502664298401422,7.282415630550622,8.969804618117228,0.4440497335701598,36.41207815275311,30.19538188277087
6.962305986696231,9.490022172949002,6.740576496674058,8.869179600886918,0.3991130820399113,36.31929046563193,31.21951219512195
6.6104702750665485,6.787932564330079,8.606921029281278,8.518189884649512,0.354924578527063,41.481810115350484,27.639751552795033
6.018724921979492,4.6812304948729375,8.604547481052162,8.738296923762817,0.26749888542131073,43.02273740526081,28.66696388765047
7.054125998225377,9.272404614019521,7.142857142857142,8.917480035492458,0.3105590062111801,37.62200532386868,29.680567879325643
6.354810238305383,0.6619593998234775,8.605472197705208,7.766990291262135,0.264783759929391,45.057369814651366,31.288614298323036
6.984126984126984,7.891156462585033,8.390022675736962,10.340136054421768,0.31746031746031744,38.32199546485261,27.755102040816325
7.34065934065934,8.219780219780219,8.571428571428571,8.131868131868131,0.3076923076923077,39.472527472527474,27.956043956043956
8.269662921348313,3.8651685393258424,8.539325842696629,9.573033707865168,0.2696629213483146,41.48314606741573,28.000000000000004
7.036535859269283,8.028867839422643,8.434821831303562,9.968425800631483,0.31574199368516015,38.520523229589536,27.69508344609833
10.76182255939672,4.165720256212238,3.2480806795984187,11.216099577522371,0.2725662108753918,38.74528687593694,31.59042384045791
13.601632369540681,0.0,4.905791438742728,7.749413909872365,0.34731266822957374,43.49657028740124,29.899279326213428
6.775506631067538,8.027312119753141,0.0,8.460629404298158,0.39830174639996496,45.844093316409165,30.49415678207205
6.3960369996931306,10.104774012537812,0.0,8.877296041383543,,36.254438648020695,38.21840340186752
13.260460532210375,0.0,4.780037631036645,9.918466087268165,0.4703879580682734,36.699220499955196,34.87142729146133
5.820360328843798,9.191883855168793,0.0,8.557810040230889,0.13556060871086234,41.516529648417,
13.411815068493151,6.207191780821917,0.0,7.641267123287671,0.3424657534246575,37.12328767123288,35.273972602739725
6.697000485930114,0.0,4.943234527543403,8.145955736184124,0.3489861730794717,43.82206122719442,36.04276185006847
6.6908487020365355,6.336858666200508,4.938379512280395,7.800891530460624,0.349619788480028,43.785508259767504,30.09789354077441
6.2097740689777625,5.885747259088285,4.58520129610724,8.890763016556438,0.3284655333126193,40.65870655599449,33.44134226996315
6.462349788190543,10.2014351171436,0.0,7.5992046338722234,0.5446528918474972,36.60413244575085,38.58822512319531
13.343421755385437,0.0,5.332027772832473,9.413387929499732,0.44062666904041303,39.08670108598896,32.38383478725298
6.68909472212513,6.335197483397413,4.937084935337294,7.79884655714785,0.3495281370150297,37.88885005242922,36.00139811254805
6.464990396368081,0.0,5.962982364239568,6.901519119958094,0.7028112449799199,43.73144752924743,36.23624934520692
14.397213158126817,0.0,6.080783137842842,8.775024252579591,0.47623247199929447,35.32498456654026,34.94576241291119
6.623579422226077,6.276568057603886,0.0,7.725340504901535,0.34701136462219134,43.36340765160059,35.66409299904572
11.453185813617878,4.832291074474133,3.765251235404732,8.545064940744306,0.21865570472733636,39.1481173743823,32.03743385664932
7.217716212521645,0.0,8.880889455937302,10.010935933655336,0.5012302925362253,40.90494850997904,32.48427959537046
6.636427690681697,0.0,8.160119781574775,7.341025189360577,0.6869825612119076,47.318125770653516,29.857319006517525
12.035320088300223,0.0,3.955849889624724,8.772626931567329,0.46799116997792495,41.11699779249448,33.65121412803532
6.529360210341806,5.153374233128835,4.0184049079754605,8.014899211218228,0.31113058720420683,41.779141104294474,34.19368974583698
6.313187055759128,7.478698512206967,6.299942607390402,8.419054346386472,0.37084455432431246,42.708931173016644,28.409341750916074
11.209833944360577,4.339012292430451,3.381496657321544,7.358205736467544,0.44856588311408235,40.35799007979297,32.90489540651283
13.39067916292207,6.868660932083709,0.0,7.600462190268327,0.41083579406855825,39.22625925450422,32.50310266615312
12.117074835736837,5.1070910487242935,0.0,7.180646812867993,0.3071934465398071,41.402850072531784,33.88514378359928
14.476854241954914,0.0,0.0,7.8256754431251085,0.14627430734813288,42.410944759938054,35.1402512476338
6.403396276478132,0.0,5.908105956750541,7.995400875602529,0.4908680847300225,43.31579180117631,35.88643700526246
6.4750064750064755,10.221876888543555,0.0,7.502374169040836,,46.15816282482949,29.12889579556246
6.341571050308914,7.511032656663724,5.851721094439541,8.455428067078552,0.37511032656663723,35.926743159752874,35.53839364518976
14.267829390433434,7.321706095665689,0.0,8.413918148851668,0.34968053876705235,35.01122431359006,34.63564151269211
6.898088320484826,0.0,6.363352791765073,8.613698141794037,0.40550777594581344,46.67349939842252,31.045853571587717
6.773134981404508,8.024502297090352,0.0,8.457667906366224,0.3981623277182236,38.38109822795887,37.96543425946183
5.969421670729004,0.0,7.343230666962109,7.985818745845336,0.44316419233325943,42.58807888322624,35.67028584090405
11.531297379250596,4.864630712583929,3.7903400476499893,7.7063027940220925,0.4505089885206845,,32.250379034004766
13.54207098805365,6.266442403070688,4.882045974037177,7.71553025402165,0.34502091689308667,37.4822098589727,29.76667960495105
,5.992711008034456,0.0,5.272094756895552,0.33131781661558846,41.40230265882548,34.051188602667104
6.317752146387997,7.484173098603764,0.0,7.887433873905127,0.14742867054028272,42.745642181944326,35.417570028618506
6.285789220614592,5.957949031778644,4.642217073917035,7.78511168422433,0.3278401888359488,41.154871705206105,33.84622109542335
6.582807360654279,0.0,8.09405280469375,8.062938927904701,0.6667259311938839,37.287758911903275,39.305716063650095
12.072346916539551,5.090433645674438,3.9660056657223794,8.306820658095445,0.3050773589017215,41.250817171497054,29.00849858356941
12.853570196619527,0.0,4.635219041048638,7.054156605726113,0.5519144532597448,41.10037944118662,33.80476026215937
13.415260769033143,6.208786503382719,0.0,7.6432302817504505,0.34255373811766726,,29.48959493020468
6.856940885393654,8.124944773349828,6.326765043739506,8.5623398427145,0.4064681452681806,38.86188919324909,30.86065211628523
12.52546266198587,5.794651757465434,0.0,8.447102674121266,0.23837385688900442,40.051142027478,32.94326702206041
6.3575361321404,,0.0,7.364074328974535,0.09463179628355127,43.01445285615967,35.63747419132828
6.530428924320683,0.0,8.03503256231754,9.059061306984056,0.35032562317538735,37.00875814057938,39.016393442622956
13.474382729348905,0.0,0.0,7.674408583617012,,43.07751971387944,35.42896539837119
5.949057920446616,7.048150732728541,5.486741102581996,7.484298674110256,0.45359385903698535,40.23900907187718,33.33914863921842
6.895630094881733,0.0,6.361085126286249,,0.40536326785157467,39.07523720432982,38.65205577085839
11.126607103944215,4.305949008498584,3.355850947918937,8.21965569840924,0.28328611898017,40.05229897581172,32.65635214643713
12.05959064586004,4.646125281817779,3.616108925334865,9.270147208346224,0.3978603952079925,39.96286636311391,30.04730118031917
,,6.50331532955693,7.851402977209854,0.8255390155008124,36.80235366442717,32.55609713256927
6.9145583866030425,6.491401818672908,5.05537048708022,9.908166021427927,0.45466822724408024,41.559376969478706,29.616458089493108
6.5093752777037235,5.091975473207145,3.967830800675375,8.970941082378033,0.39100684261974594,38.21203234692971,
6.620148277365896,7.767117313563017,6.048844308765808,7.3048408198866115,0.7980811164413432,41.16877453118185,30.292193632795467
13.36409504506447,6.158092198887403,4.79537711846134,7.236189572642202,0.953038078399241,39.41092759498038,28.082280391564968
6.292725679228746,0.0,7.66432953549518,6.941279579316389,0.7843996494303241,41.3102541630149,37.00701139351446
13.308784850078908,6.13273715588287,0.0,9.359109240750483,0.27178677888830444,39.25565491846397,31.671927055935473
16.169863487126317,0.0,0.0,8.216692586832556,0.28944185242785553,43.77052013132884,31.553481942284428
6.9360622758681005,6.511851657482724,5.0730341992477905,7.657657657657656,0.6559958016268695,41.69071984605964,
6.6833092453904435,10.454167214119915,0.0,8.759251959882628,0.27591643673630273,43.87509306705208,29.95226207681864
,6.07918263090677,0.0,7.147722435078757,0.4257130693912303,38.922945934440186,34.22733077905492
13.39898013012133,0.0,4.378406892913662,8.616142078424478,,42.17513627571654,31.00052751890276
6.628887717448603,0.0,8.078545071164998,7.318573185731856,0.5095765243366719,43.542435424354245,33.92198207696362
,,5.662519100633049,7.574765335079676,0.47587862912027945,38.53307138179437,34.28509059157389
13.044811424065884,6.009899688992072,4.682640501117001,8.817731832318545,0.2628236015594201,38.4773752682991,28.704717683647996
13.821732771229458,7.063580831110729,0.0,8.194958272390949,0.19788350683988642,37.425793684935044,33.29605093349394
15.694009690836586,8.018524077012135,0.0,8.202907250975516,0.28300673212984007,35.34582565070109,32.45572659834484
12.055148642826369,5.553640672124085,4.325721671693236,7.427832830676433,0.4093063334769496,35.549332184403276,34.67901766479965
11.038619844119452,4.251685786846484,3.3102723530957183,8.485856905158071,,36.58376390226815,35.966371836412996
7.281574872815748,0.0,6.653395266533953,8.033620880336208,0.517584605175846,45.26874585268746,32.24507852245078
6.736513983894708,,0.0,7.8058706381504885,0.46324357087193685,44.24625508702052,30.206078448350503
7.127919911012236,8.364849833147941,6.5139043381535044,9.04115684093437,0.5027808676307007,,31.577308120133484
13.007243214940223,0.0,4.668819268697093,8.133344969019983,0.2661663321406754,38.354132123221916,35.5702940919801
14.085692764411359,0.0,,9.291506048119102,0.2525588196198325,38.12752004962559,32.63768886525765
12.497824952148946,5.2418653210370625,4.084739864277014,8.160779537149816,0.400208804593701,39.342265529841654,30.2723159909518
13.875985510334543,7.091412742382272,0.0,7.415299382058385,0.3792883017259749,37.57085020242915,33.667163861069675
15.598702664796635,0.0,6.20617110799439,8.472124824684432,0.48211781206171106,35.124474053295934,34.1164095371669
5.773520535362814,9.03206053448804,7.037571622271795,7.824869877093995,0.24056335564011724,37.91715872807593,32.17425534706732
13.865600412743454,,0.0,7.988305602132508,0.3654499333591298,40.88739842641558,30.5043209080356
7.286766663708173,0.0,8.879914795420254,8.041182213543978,,37.68971332209106,37.54326795065235
13.557418128402315,0.0,4.864771450790633,7.340361185518017,,39.97666983496068,33.824418906074484
,0.0,5.577602372334394,7.958658584448998,0.5015045135406218,37.944267585364784,34.00200601805416
6.355777979981801,7.456778889899909,5.8098271155595995,10.768880800727935,0.26387625113739765,39.517743403093725,29.827115559599637
12.371310912834591,5.190459849004805,0.0,7.609814687714482,0.3002745367192862,38.94560741249143,35.582532601235414
13.254511512134409,0.0,4.755978309183038,9.320828518090496,0.493377189083474,39.09680860520935,33.07849586629922
11.568404478656403,4.85479356193142,3.783240027991602,8.550559832050384,0.2580475857242827,36.41532540237928,
6.864556037630483,10.739292924953821,0.0,7.233987714248894,0.5240774947377463,45.07496026461617,29.563125563812882
7.19486823855756,11.25606796116505,0.0,7.940360610263523,0.5504507628294036,37.22260748959778,35.835644937586686
11.967440249393833,5.022514721163838,3.90976792518185,7.776238309664012,0.38534811222722554,37.673190162798754,33.26550051957049
14.159525379037575,0.0,5.080202153372885,8.613491540320808,0.4570424082619205,35.94374862667545,35.74598989233135
6.548485249371611,6.1471976010936205,4.7889932530758035,8.497596683864709,0.26899501697755435,39.352648057503195,34.39608413811351
6.883869851159571,8.078054690204223,0.0,7.59778470058844,0.4889235029421946,42.81758393907927,34.1337833160263
11.468635983999295,,3.4419095344850317,8.817970020660248,0.3780385951030814,38.00167040309464,33.47399885709262
