"config","seed","method","mae","sumdev","status"
"tmp__cement_MAR_10",0,"impKNNa",0.703531872897858,0.223144911184784,"ok"
"tmp__cement_MAR_10",0,"missForest",0.615872749114993,0.222741846984897,"ok"
"tmp__cement_MAR_10",0,"lrEMplus",NA,NA,"ERR: lrEM based on alr requires at least one complete column"
"tmp__cement_MAR_10",1,"impKNNa",0.445389487758027,0.171553417135177,"ok"
"tmp__cement_MAR_10",1,"missForest",0.578108581665017,0.229329979815675,"ok"
"tmp__cement_MAR_10",1,"lrEMplus",NA,NA,"ERR: lrEM based on alr requires at least one complete column"
"tmp__cement_MAR_10",10,"impKNNa",0.61194127715723,0.175585732425581,"ok"
"tmp__cement_MAR_10",10,"missForest",0.711386887639155,0.226663898543609,"ok"
"tmp__cement_MAR_10",10,"lrEMplus",NA,NA,"ERR: lrEM based on alr requires at least one complete column"
"tmp__cement_MAR_10",11,"impKNNa",0.648804470389652,0.237466391634055,"ok"
"tmp__cement_MAR_10",11,"missForest",0.632707142943416,0.238877481260602,"ok"
"tmp__cement_MAR_10",11,"lrEMplus",NA,NA,"ERR: lrEM based on alr requires at least one complete column"
"tmp__cement_MAR_10",12,"impKNNa",0.527871743506758,0.17442030031539,"ok"
"tmp__cement_MAR_10",12,"missForest",0.591812402480855,0.223557828652724,"ok"
"tmp__cement_MAR_10",12,"lrEMplus",NA,NA,"ERR: lrEM based on alr requires at least one complete column"
"tmp__cement_MAR_10",13,"impKNNa",0.648472018784767,0.216969480567238,"ok"
"tmp__cement_MAR_10",13,"missForest",0.720353562593141,0.240742872586919,"ok"
"tmp__cement_MAR_10",13,"lrEMplus",NA,NA,"ERR: lrEM based on alr requires at least one complete column"
"tmp__cement_MAR_10",14,"impKNNa",0.624015805219349,0.249695858132683,"ok"
"tmp__cement_MAR_10",14,"missForest",0.58468645647359,0.24340173557746,"ok"
"tmp__cement_MAR_10",14,"lrEMplus",NA,NA,"ERR: lrEM based on alr requires at least one complete column"
"tmp__cement_MAR_10",15,"impKNNa",0.623713283279023,0.211836438284324,"ok"
"tmp__cement_MAR_10",15,"missForest",0.552527783955139,0.238271670591579,"ok"
"tmp__cement_MAR_10",15,"lrEMplus",NA,NA,"ERR: lrEM based on alr requires at least one complete column"
"tmp__cement_MAR_10",16,"impKNNa",0.60423127687297,0.217268071332694,"ok"
"tmp__cement_MAR_10",16,"missForest",0.632438419896148,0.226186141148017,"ok"
"tmp__cement_MAR_10",16,"lrEMplus",NA,NA,"ERR: lrEM based on alr requires at least one complete column"
"tmp__cement_MAR_10",17,"impKNNa",0.545082534184345,0.206125450868994,"ok"
"tmp__cement_MAR_10",17,"missForest",0.600231777470885,0.236512283561965,"ok"
"tmp__cement_MAR_10",17,"lrEMplus",NA,NA,"ERR: lrEM based on alr requires at least one complete column"
"tmp__cement_MAR_10",18,"impKNNa",0.602782637723075,0.191791420508063,"ok"
"tmp__cement_MAR_10",18,"missForest",0.627163342054939,0.211908199083524,"ok"
"tmp__cement_MAR_10",18,"lrEMplus",NA,NA,"ERR: lrEM based on alr requires at least one complete column"
"tmp__cement_MAR_10",19,"impKNNa",0.544355548849353,0.211366472081972,"ok"
"tmp__cement_MAR_10",19,"missForest",0.622125462132225,0.264701954009518,"ok"
"tmp__cement_MAR_10",19,"lrEMplus",NA,NA,"ERR: lrEM based on alr requires at least one complete column"
"tmp__cement_MAR_10",2,"impKNNa",0.614603387681687,0.203936150995071,"ok"
"tmp__cement_MAR_10",2,"missForest",0.612413344498327,0.214450857414903,"ok"
"tmp__cement_MAR_10",2,"lrEMplus",NA,NA,"ERR: lrEM based on alr requires at least one complete column"
"tmp__cement_MAR_10",3,"impKNNa",0.573751338384149,0.229242518979807,"ok"
"tmp__cement_MAR_10",3,"missForest",0.639880114287171,0.261291655253441,"ok"
"tmp__cement_MAR_10",3,"lrEMplus",NA,NA,"ERR: lrEM based on alr requires at least one complete column"
"tmp__cement_MAR_10",4,"impKNNa",0.544559436880724,0.186610624165255,"ok"
"tmp__cement_MAR_10",4,"missForest",0.679716559454806,0.231689766044758,"ok"
"tmp__cement_MAR_10",4,"lrEMplus",NA,NA,"ERR: lrEM based on alr requires at least one complete column"
"tmp__cement_MAR_10",5,"impKNNa",0.686595242360641,0.228660191919754,"ok"
"tmp__cement_MAR_10",5,"missForest",0.609786052285169,0.245878457311607,"ok"
"tmp__cement_MAR_10",5,"lrEMplus",NA,NA,"ERR: lrEM based on alr requires at least one complete column"
"tmp__cement_MAR_10",6,"impKNNa",0.602019790187567,0.176265979709715,"ok"
"tmp__cement_MAR_10",6,"missForest",0.57021214429403,0.198075622696534,"ok"
"tmp__cement_MAR_10",6,"lrEMplus",NA,NA,"ERR: lrEM based on alr requires at least one complete column"
"tmp__cement_MAR_10",7,"impKNNa",0.524784411700058,0.227173086070716,"ok"
"tmp__cement_MAR_10",7,"missForest",0.52542772946303,0.213553554495678,"ok"
"tmp__cement_MAR_10",7,"lrEMplus",NA,NA,"ERR: lrEM based on alr requires at least one complete column"
"tmp__cement_MAR_10",8,"impKNNa",0.569121905386461,0.196498424052693,"ok"
"tmp__cement_MAR_10",8,"missForest",0.629941130228757,0.228446269680385,"ok"
"tmp__cement_MAR_10",8,"lrEMplus",NA,NA,"ERR: lrEM based on alr requires at least one complete column"
"tmp__cement_MAR_10",9,"impKNNa",0.598457411688251,0.226894911012862,"ok"
"tmp__cement_MAR_10",9,"missForest",0.567036690357589,0.261864353476522,"ok"
"tmp__cement_MAR_10",9,"lrEMplus",NA,NA,"ERR: lrEM based on alr requires at least one complete column"
"tmp__cement_MAR_20",0,"impKNNa",0.881844077422181,0.452545262241593,"ok"
"tmp__cement_MAR_20",0,"missForest",0.808276346365288,0.447950818689823,"ok"
"tmp__cement_MAR_20",0,"lrEMplus",NA,NA,"ERR: lrEM based on alr requires at least one complete column"
"tmp__cement_MAR_20",1,"impKNNa",0.781041586033669,0.471729507431486,"ok"
"tmp__cement_MAR_20",1,"missForest",0.775911556736213,0.448309125800349,"ok"
"tmp__cement_MAR_20",1,"lrEMplus",NA,NA,"ERR: lrEM based on alr requires at least one complete column"
"tmp__cement_MAR_20",10,"impKNNa",0.84493094613805,0.443801157793231,"ok"
"tmp__cement_MAR_20",10,"missForest",0.933928546531432,0.484842633015006,"ok"
"tmp__cement_MAR_20",10,"lrEMplus",NA,NA,"ERR: lrEM based on alr requires at least one complete column"
"tmp__cement_MAR_20",11,"impKNNa",0.774301772233355,0.461756299565191,"ok"
"tmp__cement_MAR_20",11,"missForest",0.836712186200245,0.44848066929861,"ok"
"tmp__cement_MAR_20",11,"lrEMplus",NA,NA,"ERR: lrEM based on alr requires at least one complete column"
"tmp__cement_MAR_20",12,"impKNNa",0.680149471291734,0.406609098152768,"ok"
"tmp__cement_MAR_20",12,"missForest",0.741937231217603,0.438357449005594,"ok"
"tmp__cement_MAR_20",12,"lrEMplus",NA,NA,"ERR: lrEM based on alr requires at least one complete column"
"tmp__cement_MAR_20",13,"impKNNa",0.791642034857037,0.44037203624128,"ok"
"tmp__cement_MAR_20",13,"missForest",0.852629877572985,0.465242661176493,"ok"
"tmp__cement_MAR_20",13,"lrEMplus",NA,NA,"ERR: lrEM based on alr requires at least one complete column"
"tmp__cement_MAR_20",14,"impKNNa",0.799094726725857,0.491574322682557,"ok"
"tmp__cement_MAR_20",14,"missForest",0.781414070578682,0.50540223837408,"ok"
"tmp__cement_MAR_20",14,"lrEMplus",NA,NA,"ERR: lrEM based on alr requires at least one complete column"
"tmp__cement_MAR_20",15,"impKNNa",0.748011327200767,0.415790122587219,"ok"
"tmp__cement_MAR_20",15,"missForest",0.776243609355132,0.450943310847861,"ok"
"tmp__cement_MAR_20",15,"lrEMplus",NA,NA,"ERR: lrEM based on alr requires at least one complete column"
"tmp__cement_MAR_20",16,"impKNNa",0.73111208017612,0.41314526834191,"ok"
"tmp__cement_MAR_20",16,"missForest",0.801237398263165,0.478674685524112,"ok"
"tmp__cement_MAR_20",16,"lrEMplus",NA,NA,"ERR: lrEM based on alr requires at least one complete column"
"tmp__cement_MAR_20",17,"impKNNa",0.784906828265371,0.4754522299106,"ok"
"tmp__cement_MAR_20",17,"missForest",0.841206621692734,0.526240595601127,"ok"
"tmp__cement_MAR_20",17,"lrEMplus",NA,NA,"ERR: lrEM based on alr requires at least one complete column"
"tmp__cement_MAR_20",18,"impKNNa",0.862850830763815,0.465970868308489,"ok"
"tmp__cement_MAR_20",18,"missForest",0.85126842135725,0.471368055315417,"ok"
"tmp__cement_MAR_20",18,"lrEMplus",NA,NA,"ERR: lrEM based on alr requires at least one complete column"
"tmp__cement_MAR_20",19,"impKNNa",0.740553032832819,0.451869140113082,"ok"
"tmp__cement_MAR_20",19,"missForest",0.816819233512311,0.504110168316843,"ok"
"tmp__cement_MAR_20",19,"lrEMplus",NA,NA,"ERR: lrEM based on alr requires at least one complete column"
"tmp__cement_MAR_20",2,"impKNNa",0.782179536097029,0.471966438770047,"ok"
"tmp__cement_MAR_20",2,"missForest",0.813814934025548,0.496173763603396,"ok"
"tmp__cement_MAR_20",2,"lrEMplus",NA,NA,"ERR: lrEM based on alr requires at least one complete column"
"tmp__cement_MAR_20",3,"impKNNa",0.705024326862394,0.411810074001645,"ok"
"tmp__cement_MAR_20",3,"missForest",0.792286961243428,0.416129104622434,"ok"
"tmp__cement_MAR_20",3,"lrEMplus",NA,NA,"ERR: lrEM based on alr requires at least one complete column"
"tmp__cement_MAR_20",4,"impKNNa",0.773121080726997,0.425329633233613,"ok"
"tmp__cement_MAR_20",4,"missForest",0.879305780798623,0.435795150560707,"ok"
"tmp__cement_MAR_20",4,"lrEMplus",NA,NA,"ERR: lrEM based on alr requires at least one complete column"
"tmp__cement_MAR_20",5,"impKNNa",0.783101424773312,0.446373577729532,"ok"
"tmp__cement_MAR_20",5,"missForest",0.828961264077476,0.476178123056063,"ok"
"tmp__cement_MAR_20",5,"lrEMplus",NA,NA,"ERR: lrEM based on alr requires at least one complete column"
"tmp__cement_MAR_20",6,"impKNNa",0.789041893987658,0.36894820225598,"ok"
"tmp__cement_MAR_20",6,"missForest",0.704802497355886,0.406862402861843,"ok"
"tmp__cement_MAR_20",6,"lrEMplus",NA,NA,"ERR: lrEM based on alr requires at least one complete column"
"tmp__cement_MAR_20",7,"impKNNa",0.73376779030341,0.401610694564753,"ok"
"tmp__cement_MAR_20",7,"missForest",0.755885579553684,0.440457157544271,"ok"
"tmp__cement_MAR_20",7,"lrEMplus",NA,NA,"ERR: lrEM based on alr requires at least one complete column"
"tmp__cement_MAR_20",8,"impKNNa",0.679155319646474,0.358107759356379,"ok"
"tmp__cement_MAR_20",8,"missForest",0.722980727867499,0.45370021001322,"ok"
"tmp__cement_MAR_20",8,"lrEMplus",NA,NA,"ERR: lrEM based on alr requires at least one complete column"
"tmp__cement_MAR_20",9,"impKNNa",0.786701716222113,0.450860062368959,"ok"
"tmp__cement_MAR_20",9,"missForest",0.789529066865188,0.475667889994714,"ok"
"tmp__cement_MAR_20",9,"lrEMplus",NA,NA,"ERR: lrEM based on alr requires at least one complete column"
"tmp__cement_MCAR_10",0,"impKNNa",0.668355863896558,0.236820816042224,"ok"
"tmp__cement_MCAR_10",0,"missForest",0.691819092460817,0.264150997750912,"ok"
"tmp__cement_MCAR_10",0,"lrEMplus",NA,NA,"ERR: lrEM based on alr requires at least one complete column"
"tmp__cement_MCAR_10",1,"impKNNa",0.469633094398417,0.195743153269078,"ok"
"tmp__cement_MCAR_10",1,"missForest",0.617353036300029,0.252708929772595,"ok"
"tmp__cement_MCAR_10",1,"lrEMplus",NA,NA,"ERR: lrEM based on alr requires at least one complete column"
"tmp__cement_MCAR_10",10,"impKNNa",0.532680448739601,0.192514156537103,"ok"
"tmp__cement_MCAR_10",10,"missForest",0.688375241942463,0.239349814479515,"ok"
"tmp__cement_MCAR_10",10,"lrEMplus",NA,NA,"ERR: lrEM based on alr requires at least one complete column"
"tmp__cement_MCAR_10",11,"impKNNa",0.670143921849025,0.208008369649347,"ok"
"tmp__cement_MCAR_10",11,"missForest",0.688754230490414,0.257865750831786,"ok"
"tmp__cement_MCAR_10",11,"lrEMplus",NA,NA,"ERR: lrEM based on alr requires at least one complete column"
"tmp__cement_MCAR_10",12,"impKNNa",0.578500481906197,0.242275948218674,"ok"
"tmp__cement_MCAR_10",12,"missForest",0.629527619726081,0.24149307858851,"ok"
"tmp__cement_MCAR_10",12,"lrEMplus",NA,NA,"ERR: lrEM based on alr requires at least one complete column"
"tmp__cement_MCAR_10",13,"impKNNa",0.650054480575902,0.270124673159077,"ok"
"tmp__cement_MCAR_10",13,"missForest",0.671370320648418,0.27774622495798,"ok"
"tmp__cement_MCAR_10",13,"lrEMplus",NA,NA,"ERR: lrEM based on alr requires at least one complete column"
"tmp__cement_MCAR_10",14,"impKNNa",0.593541212953232,0.209300360637199,"ok"
"tmp__cement_MCAR_10",14,"missForest",0.733546763290017,0.270865385072793,"ok"
"tmp__cement_MCAR_10",14,"lrEMplus",NA,NA,"ERR: lrEM based on alr requires at least one complete column"
"tmp__cement_MCAR_10",15,"impKNNa",0.58400804427084,0.220894726222393,"ok"
"tmp__cement_MCAR_10",15,"missForest",0.570641187276453,0.257898169982755,"ok"
"tmp__cement_MCAR_10",15,"lrEMplus",NA,NA,"ERR: lrEM based on alr requires at least one complete column"
"tmp__cement_MCAR_10",16,"impKNNa",0.556329825667196,0.214658356761302,"ok"
"tmp__cement_MCAR_10",16,"missForest",0.661671605108712,0.257985766464959,"ok"
"tmp__cement_MCAR_10",16,"lrEMplus",NA,NA,"ERR: lrEM based on alr requires at least one complete column"
"tmp__cement_MCAR_10",17,"impKNNa",0.607899033211887,0.215802910557874,"ok"
"tmp__cement_MCAR_10",17,"missForest",0.614716366391233,0.213223879854603,"ok"
"tmp__cement_MCAR_10",17,"lrEMplus",NA,NA,"ERR: lrEM based on alr requires at least one complete column"
"tmp__cement_MCAR_10",18,"impKNNa",0.64425455419926,0.211058768270656,"ok"
"tmp__cement_MCAR_10",18,"missForest",0.608655590609265,0.18357098737935,"ok"
"tmp__cement_MCAR_10",18,"lrEMplus",NA,NA,"ERR: lrEM based on alr requires at least one complete column"
"tmp__cement_MCAR_10",19,"impKNNa",0.552671821163156,0.245269325087068,"ok"
"tmp__cement_MCAR_10",19,"missForest",0.612724304350564,0.26937135477833,"ok"
"tmp__cement_MCAR_10",19,"lrEMplus",NA,NA,"ERR: lrEM based on alr requires at least one complete column"
"tmp__cement_MCAR_10",2,"impKNNa",0.52634821670066,0.197050099535299,"ok"
"tmp__cement_MCAR_10",2,"missForest",0.626941731142353,0.235412854197026,"ok"
"tmp__cement_MCAR_10",2,"lrEMplus",NA,NA,"ERR: lrEM based on alr requires at least one complete column"
"tmp__cement_MCAR_10",3,"impKNNa",0.538493048039084,0.213517468072906,"ok"
"tmp__cement_MCAR_10",3,"missForest",0.66025291168949,0.250897074130917,"ok"
"tmp__cement_MCAR_10",3,"lrEMplus",NA,NA,"ERR: lrEM based on alr requires at least one complete column"
"tmp__cement_MCAR_10",4,"impKNNa",0.517423787866045,0.200023509534207,"ok"
"tmp__cement_MCAR_10",4,"missForest",0.514808317230985,0.213428573099288,"ok"
"tmp__cement_MCAR_10",4,"lrEMplus",NA,NA,"ERR: lrEM based on alr requires at least one complete column"
"tmp__cement_MCAR_10",5,"impKNNa",0.634830939280693,0.227188117072385,"ok"
"tmp__cement_MCAR_10",5,"missForest",0.606724492800586,0.268686907385486,"ok"
"tmp__cement_MCAR_10",5,"lrEMplus",NA,NA,"ERR: lrEM based on alr requires at least one complete column"
"tmp__cement_MCAR_10",6,"impKNNa",0.571983007752823,0.208609379968438,"ok"
"tmp__cement_MCAR_10",6,"missForest",0.557395100536805,0.203105660936464,"ok"
"tmp__cement_MCAR_10",6,"lrEMplus",NA,NA,"ERR: lrEM based on alr requires at least one complete column"
"tmp__cement_MCAR_10",7,"impKNNa",0.595174136603293,0.233195177747659,"ok"
"tmp__cement_MCAR_10",7,"missForest",0.659977220047699,0.246992780756484,"ok"
"tmp__cement_MCAR_10",7,"lrEMplus",NA,NA,"ERR: lrEM based on alr requires at least one complete column"
"tmp__cement_MCAR_10",8,"impKNNa",0.588777618399473,0.207799713883614,"ok"
"tmp__cement_MCAR_10",8,"missForest",0.652430308234134,0.234350253788361,"ok"
"tmp__cement_MCAR_10",8,"lrEMplus",NA,NA,"ERR: lrEM based on alr requires at least one complete column"
"tmp__cement_MCAR_10",9,"impKNNa",0.759651899793639,0.203003197576707,"ok"
"tmp__cement_MCAR_10",9,"missForest",0.638992924485528,0.223724542381459,"ok"
"tmp__cement_MCAR_10",9,"lrEMplus",NA,NA,"ERR: lrEM based on alr requires at least one complete column"
"tmp__cement_MCAR_20",0,"impKNNa",0.817859205011535,0.481743529571383,"ok"
"tmp__cement_MCAR_20",0,"missForest",0.821413909939605,0.490179942839878,"ok"
"tmp__cement_MCAR_20",0,"lrEMplus",NA,NA,"ERR: lrEM based on alr requires at least one complete column"
"tmp__cement_MCAR_20",1,"impKNNa",0.653580626598867,0.401670672245449,"ok"
"tmp__cement_MCAR_20",1,"missForest",0.733075875046585,0.433896880133225,"ok"
"tmp__cement_MCAR_20",1,"lrEMplus",NA,NA,"ERR: lrEM based on alr requires at least one complete column"
"tmp__cement_MCAR_20",10,"impKNNa",0.669653785361812,0.43201802937785,"ok"
"tmp__cement_MCAR_20",10,"missForest",0.811793185363386,0.487792564114518,"ok"
"tmp__cement_MCAR_20",10,"lrEMplus",NA,NA,"ERR: lrEM based on alr requires at least one complete column"
"tmp__cement_MCAR_20",11,"impKNNa",0.755990524936349,0.414316964425687,"ok"
"tmp__cement_MCAR_20",11,"missForest",0.923091435882162,0.467861154310029,"ok"
"tmp__cement_MCAR_20",11,"lrEMplus",NA,NA,"ERR: lrEM based on alr requires at least one complete column"
"tmp__cement_MCAR_20",12,"impKNNa",0.848795033032808,0.521821796417894,"ok"
"tmp__cement_MCAR_20",12,"missForest",0.821869867943607,0.505470294634417,"ok"
"tmp__cement_MCAR_20",12,"lrEMplus",NA,NA,"ERR: lrEM based on alr requires at least one complete column"
"tmp__cement_MCAR_20",13,"impKNNa",0.860201098680189,0.467596418407755,"ok"
"tmp__cement_MCAR_20",13,"missForest",0.857114931521723,0.520554235275785,"ok"
"tmp__cement_MCAR_20",13,"lrEMplus",NA,NA,"ERR: lrEM based on alr requires at least one complete column"
"tmp__cement_MCAR_20",14,"impKNNa",0.785587195238498,0.464126405596888,"ok"
"tmp__cement_MCAR_20",14,"missForest",0.844852596642458,0.511153672332199,"ok"
"tmp__cement_MCAR_20",14,"lrEMplus",NA,NA,"ERR: lrEM based on alr requires at least one complete column"
"tmp__cement_MCAR_20",15,"impKNNa",0.764814472046722,0.413144061044052,"ok"
"tmp__cement_MCAR_20",15,"missForest",0.781435619168384,0.452931857808822,"ok"
"tmp__cement_MCAR_20",15,"lrEMplus",NA,NA,"ERR: lrEM based on alr requires at least one complete column"
"tmp__cement_MCAR_20",16,"impKNNa",0.672245113059667,0.436605774544486,"ok"
"tmp__cement_MCAR_20",16,"missForest",0.789982378014086,0.478380977928425,"ok"
"tmp__cement_MCAR_20",16,"lrEMplus",NA,NA,"ERR: lrEM based on alr requires at least one complete column"
"tmp__cement_MCAR_20",17,"impKNNa",0.82660426993855,0.474161805034468,"ok"
"tmp__cement_MCAR_20",17,"missForest",0.815496993901233,0.435153723106839,"ok"
"tmp__cement_MCAR_20",17,"lrEMplus",NA,NA,"ERR: lrEM based on alr requires at least one complete column"
"tmp__cement_MCAR_20",18,"impKNNa",0.766759366500734,0.430204862021508,"ok"
"tmp__cement_MCAR_20",18,"missForest",0.769624925830206,0.465268813319809,"ok"
"tmp__cement_MCAR_20",18,"lrEMplus",NA,NA,"ERR: lrEM based on alr requires at least one complete column"
"tmp__cement_MCAR_20",19,"impKNNa",0.861891642602575,0.532520070601099,"ok"
"tmp__cement_MCAR_20",19,"missForest",0.823785827618428,0.51336789631663,"ok"
"tmp__cement_MCAR_20",19,"lrEMplus",NA,NA,"ERR: lrEM based on alr requires at least one complete column"
"tmp__cement_MCAR_20",2,"impKNNa",0.7832305290079,0.474135096958127,"ok"
"tmp__cement_MCAR_20",2,"missForest",0.834575638491414,0.496854476069438,"ok"
"tmp__cement_MCAR_20",2,"lrEMplus",NA,NA,"ERR: lrEM based on alr requires at least one complete column"
"tmp__cement_MCAR_20",3,"impKNNa",0.80732294148221,0.454878150958185,"ok"
"tmp__cement_MCAR_20",3,"missForest",0.837460026603947,0.496348855453089,"ok"
"tmp__cement_MCAR_20",3,"lrEMplus",NA,NA,"ERR: lrEM based on alr requires at least one complete column"
"tmp__cement_MCAR_20",4,"impKNNa",0.815656721003416,0.486309272989757,"ok"
"tmp__cement_MCAR_20",4,"missForest",0.798598916361238,0.521609226060095,"ok"
"tmp__cement_MCAR_20",4,"lrEMplus",NA,NA,"ERR: lrEM based on alr requires at least one complete column"
"tmp__cement_MCAR_20",5,"impKNNa",0.838791114386744,0.512094296214377,"ok"
"tmp__cement_MCAR_20",5,"missForest",0.886566466118867,0.485110500998174,"ok"
"tmp__cement_MCAR_20",5,"lrEMplus",NA,NA,"ERR: lrEM based on alr requires at least one complete column"
"tmp__cement_MCAR_20",6,"impKNNa",0.894347095151908,0.519750823981115,"ok"
"tmp__cement_MCAR_20",6,"missForest",0.863500212242339,0.484809914291269,"ok"
"tmp__cement_MCAR_20",6,"lrEMplus",NA,NA,"ERR: lrEM based on alr requires at least one complete column"
"tmp__cement_MCAR_20",7,"impKNNa",0.754827880054397,0.421846765799822,"ok"
"tmp__cement_MCAR_20",7,"missForest",0.863248564192568,0.482649541756417,"ok"
"tmp__cement_MCAR_20",7,"lrEMplus",NA,NA,"ERR: lrEM based on alr requires at least one complete column"
"tmp__cement_MCAR_20",8,"impKNNa",0.83677818991458,0.429945321686013,"ok"
"tmp__cement_MCAR_20",8,"missForest",0.871578512025443,0.45154784075637,"ok"
"tmp__cement_MCAR_20",8,"lrEMplus",NA,NA,"ERR: lrEM based on alr requires at least one complete column"
"tmp__cement_MCAR_20",9,"impKNNa",0.810215884018401,0.418761960306583,"ok"
"tmp__cement_MCAR_20",9,"missForest",0.818485209941553,0.462118352649002,"ok"
"tmp__cement_MCAR_20",9,"lrEMplus",NA,NA,"ERR: lrEM based on alr requires at least one complete column"
"tmp__cement_MNAR_10",0,"impKNNa",0.445160149372879,0.106509498307156,"ok"
"tmp__cement_MNAR_10",0,"missForest",0.495912112565417,0.119440959887841,"ok"
"tmp__cement_MNAR_10",0,"lrEMplus",NA,NA,"ERR: lrEM based on alr requires at least one complete column"
"tmp__cement_MNAR_10",1,"impKNNa",0.377010699288597,0.0773941402056114,"ok"
"tmp__cement_MNAR_10",1,"missForest",0.439410925342129,0.098441536565528,"ok"
"tmp__cement_MNAR_10",1,"lrEMplus",NA,NA,"ERR: lrEM based on alr requires at least one complete column"
"tmp__cement_MNAR_10",10,"impKNNa",0.435743612665319,0.0798526415025664,"ok"
"tmp__cement_MNAR_10",10,"missForest",0.530807773129403,0.111018507387446,"ok"
"tmp__cement_MNAR_10",10,"lrEMplus",NA,NA,"ERR: lrEM based on alr requires at least one complete column"
"tmp__cement_MNAR_10",11,"impKNNa",0.504302463848529,0.118053585731107,"ok"
"tmp__cement_MNAR_10",11,"missForest",0.517216131484302,0.121960804737841,"ok"
"tmp__cement_MNAR_10",11,"lrEMplus",NA,NA,"ERR: lrEM based on alr requires at least one complete column"
"tmp__cement_MNAR_10",12,"impKNNa",0.42131333494465,0.0936179802285331,"ok"
"tmp__cement_MNAR_10",12,"missForest",0.552963956935202,0.118443427251902,"ok"
"tmp__cement_MNAR_10",12,"lrEMplus",NA,NA,"ERR: lrEM based on alr requires at least one complete column"
"tmp__cement_MNAR_10",13,"impKNNa",0.438392454199025,0.0869667682755116,"ok"
"tmp__cement_MNAR_10",13,"missForest",0.620371011521822,0.117026570240658,"ok"
"tmp__cement_MNAR_10",13,"lrEMplus",NA,NA,"ERR: lrEM based on alr requires at least one complete column"
"tmp__cement_MNAR_10",14,"impKNNa",0.510802820570658,0.1094386865259,"ok"
"tmp__cement_MNAR_10",14,"missForest",0.455183110186803,0.0972955721432355,"ok"
"tmp__cement_MNAR_10",14,"lrEMplus",NA,NA,"ERR: lrEM based on alr requires at least one complete column"
"tmp__cement_MNAR_10",15,"impKNNa",0.452194679101569,0.0928783679649748,"ok"
"tmp__cement_MNAR_10",15,"missForest",0.424005485254434,0.098265172341629,"ok"
"tmp__cement_MNAR_10",15,"lrEMplus",NA,NA,"ERR: lrEM based on alr requires at least one complete column"
"tmp__cement_MNAR_10",16,"impKNNa",0.621302534545949,0.0998929127608602,"ok"
"tmp__cement_MNAR_10",16,"missForest",0.5849567608037,0.118173502271419,"ok"
"tmp__cement_MNAR_10",16,"lrEMplus",NA,NA,"ERR: lrEM based on alr requires at least one complete column"
"tmp__cement_MNAR_10",17,"impKNNa",0.360845484945621,0.0916974673550723,"ok"
"tmp__cement_MNAR_10",17,"missForest",0.497485427654001,0.122193849170171,"ok"
"tmp__cement_MNAR_10",17,"lrEMplus",NA,NA,"ERR: lrEM based on alr requires at least one complete column"
"tmp__cement_MNAR_10",18,"impKNNa",0.635984946961044,0.119753637490755,"ok"
"tmp__cement_MNAR_10",18,"missForest",0.52662133656038,0.102255003757459,"ok"
"tmp__cement_MNAR_10",18,"lrEMplus",NA,NA,"ERR: lrEM based on alr requires at least one complete column"
"tmp__cement_MNAR_10",19,"impKNNa",0.451822669579992,0.0995422365315919,"ok"
"tmp__cement_MNAR_10",19,"missForest",0.523707214217879,0.13589645168302,"ok"
"tmp__cement_MNAR_10",19,"lrEMplus",NA,NA,"ERR: lrEM based on alr requires at least one complete column"
"tmp__cement_MNAR_10",2,"impKNNa",0.521018502547747,0.0921030970664589,"ok"
"tmp__cement_MNAR_10",2,"missForest",0.511192860646497,0.099410149254378,"ok"
"tmp__cement_MNAR_10",2,"lrEMplus",NA,NA,"ERR: lrEM based on alr requires at least one complete column"
"tmp__cement_MNAR_10",3,"impKNNa",0.428464869564635,0.109939197509883,"ok"
"tmp__cement_MNAR_10",3,"missForest",0.499985421168231,0.116441164008217,"ok"
"tmp__cement_MNAR_10",3,"lrEMplus",NA,NA,"ERR: lrEM based on alr requires at least one complete column"
"tmp__cement_MNAR_10",4,"impKNNa",0.535799985508735,0.0940924158777166,"ok"
"tmp__cement_MNAR_10",4,"missForest",0.544744441748489,0.0973967916414207,"ok"
"tmp__cement_MNAR_10",4,"lrEMplus",NA,NA,"ERR: lrEM based on alr requires at least one complete column"
"tmp__cement_MNAR_10",5,"impKNNa",0.599357149669775,0.12895427171602,"ok"
"tmp__cement_MNAR_10",5,"missForest",0.556631438434304,0.138029238253502,"ok"
"tmp__cement_MNAR_10",5,"lrEMplus",NA,NA,"ERR: lrEM based on alr requires at least one complete column"
"tmp__cement_MNAR_10",6,"impKNNa",0.50200552041343,0.084232146204826,"ok"
"tmp__cement_MNAR_10",6,"missForest",0.520598355265635,0.0913727922471045,"ok"
"tmp__cement_MNAR_10",6,"lrEMplus",NA,NA,"ERR: lrEM based on alr requires at least one complete column"
"tmp__cement_MNAR_10",7,"impKNNa",0.416791489503093,0.094360733189529,"ok"
"tmp__cement_MNAR_10",7,"missForest",0.440633683448326,0.100594291539663,"ok"
"tmp__cement_MNAR_10",7,"lrEMplus",NA,NA,"ERR: lrEM based on alr requires at least one complete column"
"tmp__cement_MNAR_10",8,"impKNNa",0.546186361155955,0.111166980202305,"ok"
"tmp__cement_MNAR_10",8,"missForest",0.515724429747189,0.113908739333235,"ok"
"tmp__cement_MNAR_10",8,"lrEMplus",NA,NA,"ERR: lrEM based on alr requires at least one complete column"
"tmp__cement_MNAR_10",9,"impKNNa",0.373991713274213,0.0941285882983696,"ok"
"tmp__cement_MNAR_10",9,"missForest",0.444568005564002,0.114778107036388,"ok"
"tmp__cement_MNAR_10",9,"lrEMplus",NA,NA,"ERR: lrEM based on alr requires at least one complete column"
"tmp__cement_MNAR_20",0,"impKNNa",0.614734002796043,0.217245288859357,"ok"
"tmp__cement_MNAR_20",0,"missForest",0.581215655972926,0.241146831050014,"ok"
"tmp__cement_MNAR_20",0,"lrEMplus",NA,NA,"ERR: lrEM based on alr requires at least one complete column"
"tmp__cement_MNAR_20",1,"impKNNa",0.518171271348495,0.167141213287135,"ok"
"tmp__cement_MNAR_20",1,"missForest",0.556224214058281,0.209977660631208,"ok"
"tmp__cement_MNAR_20",1,"lrEMplus",NA,NA,"ERR: lrEM based on alr requires at least one complete column"
"tmp__cement_MNAR_20",10,"impKNNa",0.626814341683688,0.176720015155526,"ok"
"tmp__cement_MNAR_20",10,"missForest",0.694832245359348,0.215225494100078,"ok"
"tmp__cement_MNAR_20",10,"lrEMplus",NA,NA,"ERR: lrEM based on alr requires at least one complete column"
"tmp__cement_MNAR_20",11,"impKNNa",0.624194700418113,0.231590297357402,"ok"
"tmp__cement_MNAR_20",11,"missForest",0.598872340808657,0.252798090371324,"ok"
"tmp__cement_MNAR_20",11,"lrEMplus",NA,NA,"ERR: lrEM based on alr requires at least one complete column"
"tmp__cement_MNAR_20",12,"impKNNa",0.516750681237119,0.182389431795458,"ok"
"tmp__cement_MNAR_20",12,"missForest",0.630472957945122,0.224628775768967,"ok"
"tmp__cement_MNAR_20",12,"lrEMplus",NA,NA,"ERR: lrEM based on alr requires at least one complete column"
"tmp__cement_MNAR_20",13,"impKNNa",0.589394583959011,0.203396412815325,"ok"
"tmp__cement_MNAR_20",13,"missForest",0.678360809183962,0.217387113195059,"ok"
"tmp__cement_MNAR_20",13,"lrEMplus",NA,NA,"ERR: lrEM based on alr requires at least one complete column"
"tmp__cement_MNAR_20",14,"impKNNa",0.547394573248509,0.225406377464756,"ok"
"tmp__cement_MNAR_20",14,"missForest",0.575626792154472,0.22561197109128,"ok"
"tmp__cement_MNAR_20",14,"lrEMplus",NA,NA,"ERR: lrEM based on alr requires at least one complete column"
"tmp__cement_MNAR_20",15,"impKNNa",0.57789004811233,0.212879768015618,"ok"
"tmp__cement_MNAR_20",15,"missForest",0.576348752096732,0.220763293395132,"ok"
"tmp__cement_MNAR_20",15,"lrEMplus",NA,NA,"ERR: lrEM based on alr requires at least one complete column"
"tmp__cement_MNAR_20",16,"impKNNa",0.510529722916587,0.189244442052047,"ok"
"tmp__cement_MNAR_20",16,"missForest",0.581855697069914,0.22437483277201,"ok"
"tmp__cement_MNAR_20",16,"lrEMplus",NA,NA,"ERR: lrEM based on alr requires at least one complete column"
"tmp__cement_MNAR_20",17,"impKNNa",0.526670098955962,0.216927852659158,"ok"
"tmp__cement_MNAR_20",17,"missForest",0.573541162312788,0.236825967176702,"ok"
"tmp__cement_MNAR_20",17,"lrEMplus",NA,NA,"ERR: lrEM based on alr requires at least one complete column"
"tmp__cement_MNAR_20",18,"impKNNa",0.720111098758846,0.212812502937048,"ok"
"tmp__cement_MNAR_20",18,"missForest",0.575190428391824,0.206043851082034,"ok"
"tmp__cement_MNAR_20",18,"lrEMplus",NA,NA,"ERR: lrEM based on alr requires at least one complete column"
"tmp__cement_MNAR_20",19,"impKNNa",0.467500428797532,0.190185197042594,"ok"
"tmp__cement_MNAR_20",19,"missForest",0.641241661239258,0.27622927687621,"ok"
"tmp__cement_MNAR_20",19,"lrEMplus",NA,NA,"ERR: lrEM based on alr requires at least one complete column"
"tmp__cement_MNAR_20",2,"impKNNa",0.596352288323499,0.222261445969698,"ok"
"tmp__cement_MNAR_20",2,"missForest",0.573480850495332,0.20899930141857,"ok"
"tmp__cement_MNAR_20",2,"lrEMplus",NA,NA,"ERR: lrEM based on alr requires at least one complete column"
"tmp__cement_MNAR_20",3,"impKNNa",0.638654806088559,0.238841250449623,"ok"
"tmp__cement_MNAR_20",3,"missForest",0.660505723160551,0.248138943421938,"ok"
"tmp__cement_MNAR_20",3,"lrEMplus",NA,NA,"ERR: lrEM based on alr requires at least one complete column"
"tmp__cement_MNAR_20",4,"impKNNa",0.614534063286037,0.205795155362196,"ok"
"tmp__cement_MNAR_20",4,"missForest",0.688434820614267,0.23515363299003,"ok"
"tmp__cement_MNAR_20",4,"lrEMplus",NA,NA,"ERR: lrEM based on alr requires at least one complete column"
"tmp__cement_MNAR_20",5,"impKNNa",0.670282995534066,0.233964452056409,"ok"
"tmp__cement_MNAR_20",5,"missForest",0.664612734438195,0.269684685049731,"ok"
"tmp__cement_MNAR_20",5,"lrEMplus",NA,NA,"ERR: lrEM based on alr requires at least one complete column"
"tmp__cement_MNAR_20",6,"impKNNa",0.612056386603982,0.182903034742767,"ok"
"tmp__cement_MNAR_20",6,"missForest",0.550090149892344,0.173835896473272,"ok"
"tmp__cement_MNAR_20",6,"lrEMplus",NA,NA,"ERR: lrEM based on alr requires at least one complete column"
"tmp__cement_MNAR_20",7,"impKNNa",0.475714855150171,0.203739379283613,"ok"
"tmp__cement_MNAR_20",7,"missForest",0.517390221060432,0.20248740997024,"ok"
"tmp__cement_MNAR_20",7,"lrEMplus",NA,NA,"ERR: lrEM based on alr requires at least one complete column"
"tmp__cement_MNAR_20",8,"impKNNa",0.537991964093476,0.205179220432515,"ok"
"tmp__cement_MNAR_20",8,"missForest",0.61145959807248,0.236460619196419,"ok"
"tmp__cement_MNAR_20",8,"lrEMplus",NA,NA,"ERR: lrEM based on alr requires at least one complete column"
"tmp__cement_MNAR_20",9,"impKNNa",0.534739610376042,0.227053879896108,"ok"
"tmp__cement_MNAR_20",9,"missForest",0.539912286882277,0.232793047917718,"ok"
"tmp__cement_MNAR_20",9,"lrEMplus",NA,NA,"ERR: lrEM based on alr requires at least one complete column"
"tmp__ge_MAR_10",0,"impKNNa",9.42035635768817,3.39570984986434,"ok"
"tmp__ge_MAR_10",0,"missForest",10.3274437965737,3.72268322899748,"ok"
"tmp__ge_MAR_10",0,"lrEMplus",NA,NA,"ERR: lrEM based on alr requires at least one complete column"
"tmp__ge_MAR_10",1,"impKNNa",12.0144357997701,4.05137951387597,"ok"
"tmp__ge_MAR_10",1,"missForest",9.72167107932694,3.27823792209862,"ok"
"tmp__ge_MAR_10",1,"lrEMplus",NA,NA,"ERR: lrEM based on alr requires at least one complete column"
"tmp__ge_MAR_10",10,"impKNNa",10.6810415662295,3.47754841691194,"ok"
"tmp__ge_MAR_10",10,"missForest",11.658016632144,3.72063151323247,"ok"
"tmp__ge_MAR_10",10,"lrEMplus",NA,NA,"ERR: lrEM based on alr requires at least one complete column"
"tmp__ge_MAR_10",11,"impKNNa",11.7194841678018,5.58719594046366,"ok"
"tmp__ge_MAR_10",11,"missForest",11.1947554929744,5.3370345954878,"ok"
"tmp__ge_MAR_10",11,"lrEMplus",NA,NA,"ERR: lrEM based on alr requires at least one complete column"
"tmp__ge_MAR_10",12,"impKNNa",13.1841544861494,4.44581953602713,"ok"
"tmp__ge_MAR_10",12,"missForest",12.5531005215143,4.23302226888273,"ok"
"tmp__ge_MAR_10",12,"lrEMplus",NA,NA,"ERR: lrEM based on alr requires at least one complete column"
"tmp__ge_MAR_10",13,"impKNNa",12.0174230788889,4.61133676282946,"ok"
"tmp__ge_MAR_10",13,"missForest",10.6951013840775,4.10393425202975,"ok"
"tmp__ge_MAR_10",13,"lrEMplus",NA,NA,"ERR: lrEM based on alr requires at least one complete column"
"tmp__ge_MAR_10",14,"impKNNa",11.2109486537464,2.47683749326955,"ok"
"tmp__ge_MAR_10",14,"missForest",10.8773863436472,2.40314349452671,"ok"
"tmp__ge_MAR_10",14,"lrEMplus",NA,NA,"ERR: lrEM based on alr requires at least one complete column"
"tmp__ge_MAR_10",15,"impKNNa",11.4256596781198,2.89785851482413,"ok"
"tmp__ge_MAR_10",15,"missForest",9.46685652134577,2.64191344781743,"ok"
"tmp__ge_MAR_10",15,"lrEMplus",NA,NA,"ERR: lrEM based on alr requires at least one complete column"
"tmp__ge_MAR_10",16,"impKNNa",9.03036277348485,3.46513920377907,"ok"
"tmp__ge_MAR_10",16,"missForest",9.79314855713029,3.7187834176596,"ok"
"tmp__ge_MAR_10",16,"lrEMplus",NA,NA,"ERR: lrEM based on alr requires at least one complete column"
"tmp__ge_MAR_10",17,"impKNNa",11.2930743501613,3.95448028901163,"ok"
"tmp__ge_MAR_10",17,"missForest",10.6164434105541,3.82685750845556,"ok"
"tmp__ge_MAR_10",17,"lrEMplus",NA,NA,"ERR: lrEM based on alr requires at least one complete column"
"tmp__ge_MAR_10",18,"impKNNa",10.5871212120455,2.70833333331396,"ok"
"tmp__ge_MAR_10",18,"missForest",10.1394565492582,2.59381446608932,"ok"
"tmp__ge_MAR_10",18,"lrEMplus",NA,NA,"ERR: lrEM based on alr requires at least one complete column"
"tmp__ge_MAR_10",19,"impKNNa",12.5440206176277,3.82195996134824,"ok"
"tmp__ge_MAR_10",19,"missForest",9.90197583646419,3.10875985563411,"ok"
"tmp__ge_MAR_10",19,"lrEMplus",NA,NA,"ERR: lrEM based on alr requires at least one complete column"
"tmp__ge_MAR_10",2,"impKNNa",11.4327191371692,3.35678391515778,"ok"
"tmp__ge_MAR_10",2,"missForest",11.591484043721,3.63918685093565,"ok"
"tmp__ge_MAR_10",2,"lrEMplus",NA,NA,"ERR: lrEM based on alr requires at least one complete column"
"tmp__ge_MAR_10",3,"impKNNa",11.1976488698149,3.38533570482777,"ok"
"tmp__ge_MAR_10",3,"missForest",10.8311407250248,3.27453091686796,"ok"
"tmp__ge_MAR_10",3,"lrEMplus",NA,NA,"ERR: lrEM based on alr requires at least one complete column"
"tmp__ge_MAR_10",4,"impKNNa",8.28479505860582,2.02303135152003,"ok"
"tmp__ge_MAR_10",4,"missForest",10.7227742813321,2.61835185939505,"ok"
"tmp__ge_MAR_10",4,"lrEMplus",NA,NA,"ERR: lrEM based on alr requires at least one complete column"
"tmp__ge_MAR_10",5,"impKNNa",11.5997558903004,5.5293381478211,"ok"
"tmp__ge_MAR_10",5,"missForest",9.56298977573115,4.67029733233382,"ok"
"tmp__ge_MAR_10",5,"lrEMplus",NA,NA,"ERR: lrEM based on alr requires at least one complete column"
"tmp__ge_MAR_10",6,"impKNNa",12.5453454256343,3.91011246416,"ok"
"tmp__ge_MAR_10",6,"missForest",11.150034106862,3.63024366269924,"ok"
"tmp__ge_MAR_10",6,"lrEMplus",NA,NA,"ERR: lrEM based on alr requires at least one complete column"
"tmp__ge_MAR_10",7,"impKNNa",13.6067974267658,5.3794315408144,"ok"
"tmp__ge_MAR_10",7,"missForest",10.7892744705877,4.26552711627884,"ok"
"tmp__ge_MAR_10",7,"lrEMplus",NA,NA,"ERR: lrEM based on alr requires at least one complete column"
"tmp__ge_MAR_10",8,"impKNNa",12.6666666664444,4.18604651155039,"ok"
"tmp__ge_MAR_10",8,"missForest",10.7317367014794,3.74362908191142,"ok"
"tmp__ge_MAR_10",8,"lrEMplus",NA,NA,"ERR: lrEM based on alr requires at least one complete column"
"tmp__ge_MAR_10",9,"impKNNa",8.00920287515152,2.04886585178295,"ok"
"tmp__ge_MAR_10",9,"missForest",10.2267796285346,2.61615292822978,"ok"
"tmp__ge_MAR_10",9,"lrEMplus",NA,NA,"ERR: lrEM based on alr requires at least one complete column"
"tmp__ge_MAR_20",0,"impKNNa",10.9005644922727,6.97129124505814,"ok"
"tmp__ge_MAR_20",0,"missForest",10.6030452593275,6.66399101774593,"ok"
"tmp__ge_MAR_20",0,"lrEMplus",NA,NA,"ERR: lrEM based on alr requires at least one complete column"
"tmp__ge_MAR_20",1,"impKNNa",11.0578487407222,7.30780144701551,"ok"
"tmp__ge_MAR_20",1,"missForest",9.78779091795162,6.82869133810578,"ok"
"tmp__ge_MAR_20",1,"lrEMplus",NA,NA,"ERR: lrEM based on alr requires at least one complete column"
"tmp__ge_MAR_20",10,"impKNNa",10.5336532381092,7.35526566889144,"ok"
"tmp__ge_MAR_20",10,"missForest",11.9761892361374,8.26984562173421,"ok"
"tmp__ge_MAR_20",10,"lrEMplus",NA,NA,"ERR: lrEM based on alr requires at least one complete column"
"tmp__ge_MAR_20",11,"impKNNa",10.5065312366921,9.05276918122608,"ok"
"tmp__ge_MAR_20",11,"missForest",11.0644585818643,10.630843343182,"ok"
"tmp__ge_MAR_20",11,"lrEMplus",NA,NA,"ERR: lrEM based on alr requires at least one complete column"
"tmp__ge_MAR_20",12,"impKNNa",11.2540816946296,8.01171100885659,"ok"
"tmp__ge_MAR_20",12,"missForest",11.7264032743746,8.59027216611159,"ok"
"tmp__ge_MAR_20",12,"lrEMplus",NA,NA,"ERR: lrEM based on alr requires at least one complete column"
"tmp__ge_MAR_20",13,"impKNNa",9.76677347486712,7.09658987112359,"ok"
"tmp__ge_MAR_20",13,"missForest",11.3871901604222,8.34177883844881,"ok"
"tmp__ge_MAR_20",13,"lrEMplus",NA,NA,"ERR: lrEM based on alr requires at least one complete column"
"tmp__ge_MAR_20",14,"impKNNa",11.9993080412115,6.97634188442527,"ok"
"tmp__ge_MAR_20",14,"missForest",11.2934394484581,6.56595316770818,"ok"
"tmp__ge_MAR_20",14,"lrEMplus",NA,NA,"ERR: lrEM based on alr requires at least one complete column"
"tmp__ge_MAR_20",15,"impKNNa",11.3569681346154,6.08683492780862,"ok"
"tmp__ge_MAR_20",15,"missForest",9.63384713971483,5.37703096170131,"ok"
"tmp__ge_MAR_20",15,"lrEMplus",NA,NA,"ERR: lrEM based on alr requires at least one complete column"
"tmp__ge_MAR_20",16,"impKNNa",12.0575416164001,8.60029211433963,"ok"
"tmp__ge_MAR_20",16,"missForest",10.7286445657371,7.83535029419848,"ok"
"tmp__ge_MAR_20",16,"lrEMplus",NA,NA,"ERR: lrEM based on alr requires at least one complete column"
"tmp__ge_MAR_20",17,"impKNNa",9.09009558169372,6.48460490286866,"ok"
"tmp__ge_MAR_20",17,"missForest",10.1263116113119,7.29651347023986,"ok"
"tmp__ge_MAR_20",17,"lrEMplus",NA,NA,"ERR: lrEM based on alr requires at least one complete column"
"tmp__ge_MAR_20",18,"impKNNa",10.2451205879482,6.16451510469557,"ok"
"tmp__ge_MAR_20",18,"missForest",10.4838796799807,6.62291740309771,"ok"
"tmp__ge_MAR_20",18,"lrEMplus",NA,NA,"ERR: lrEM based on alr requires at least one complete column"
"tmp__ge_MAR_20",19,"impKNNa",11.9571468377749,8.50398958072145,"ok"
"tmp__ge_MAR_20",19,"missForest",12.1698508547867,8.73067317915114,"ok"
"tmp__ge_MAR_20",19,"lrEMplus",NA,NA,"ERR: lrEM based on alr requires at least one complete column"
"tmp__ge_MAR_20",2,"impKNNa",11.9364441389725,8.48906437925921,"ok"
"tmp__ge_MAR_20",2,"missForest",12.3914321126155,8.84686110944392,"ok"
"tmp__ge_MAR_20",2,"lrEMplus",NA,NA,"ERR: lrEM based on alr requires at least one complete column"
"tmp__ge_MAR_20",3,"impKNNa",10.44395679436,6.86401787533165,"ok"
"tmp__ge_MAR_20",3,"missForest",10.3649575204254,6.86979742632849,"ok"
"tmp__ge_MAR_20",3,"lrEMplus",NA,NA,"ERR: lrEM based on alr requires at least one complete column"
"tmp__ge_MAR_20",4,"impKNNa",9.78463770646066,5.46119313848967,"ok"
"tmp__ge_MAR_20",4,"missForest",11.7302053828603,6.5470913764802,"ok"
"tmp__ge_MAR_20",4,"lrEMplus",NA,NA,"ERR: lrEM based on alr requires at least one complete column"
"tmp__ge_MAR_20",5,"impKNNa",11.0996331211659,8.28997413789862,"ok"
"tmp__ge_MAR_20",5,"missForest",10.3876564431337,8.21049662581721,"ok"
"tmp__ge_MAR_20",5,"lrEMplus",NA,NA,"ERR: lrEM based on alr requires at least one complete column"
"tmp__ge_MAR_20",6,"impKNNa",10.8692072696354,6.93237636125302,"ok"
"tmp__ge_MAR_20",6,"missForest",11.1035371610193,7.76068855245997,"ok"
"tmp__ge_MAR_20",6,"lrEMplus",NA,NA,"ERR: lrEM based on alr requires at least one complete column"
"tmp__ge_MAR_20",7,"impKNNa",11.859812146123,7.4513505446072,"ok"
"tmp__ge_MAR_20",7,"missForest",10.533184514335,6.82392469090603,"ok"
"tmp__ge_MAR_20",7,"lrEMplus",NA,NA,"ERR: lrEM based on alr requires at least one complete column"
"tmp__ge_MAR_20",8,"impKNNa",10.6490903421469,7.22825190147287,"ok"
"tmp__ge_MAR_20",8,"missForest",11.6203033281181,7.97206856231361,"ok"
"tmp__ge_MAR_20",8,"lrEMplus",NA,NA,"ERR: lrEM based on alr requires at least one complete column"
"tmp__ge_MAR_20",9,"impKNNa",10.2822701255689,6.11594590233398,"ok"
"tmp__ge_MAR_20",9,"missForest",10.4812430623607,6.52237393532518,"ok"
"tmp__ge_MAR_20",9,"lrEMplus",NA,NA,"ERR: lrEM based on alr requires at least one complete column"
"tmp__ge_MCAR_10",0,"impKNNa",10.963541666875,3.96317829465116,"ok"
"tmp__ge_MCAR_10",0,"missForest",11.5416986576527,4.29458554703358,"ok"
"tmp__ge_MCAR_10",0,"lrEMplus",NA,NA,"ERR: lrEM based on alr requires at least one complete column"
"tmp__ge_MCAR_10",1,"impKNNa",9.82413124823471,3.42702252845397,"ok"
"tmp__ge_MCAR_10",1,"missForest",9.99581693871442,3.48691288559805,"ok"
"tmp__ge_MCAR_10",1,"lrEMplus",NA,NA,"ERR: lrEM based on alr requires at least one complete column"
"tmp__ge_MCAR_10",10,"impKNNa",11.0378523989216,4.36380211120155,"ok"
"tmp__ge_MCAR_10",10,"missForest",9.0579643545149,3.58105567504078,"ok"
"tmp__ge_MCAR_10",10,"lrEMplus",NA,NA,"ERR: lrEM based on alr requires at least one complete column"
"tmp__ge_MCAR_10",11,"impKNNa",12.6321690780159,6.16919885205427,"ok"
"tmp__ge_MCAR_10",11,"missForest",12.6731457419256,6.18921071117297,"ok"
"tmp__ge_MCAR_10",11,"lrEMplus",NA,NA,"ERR: lrEM based on alr requires at least one complete column"
"tmp__ge_MCAR_10",12,"impKNNa",11.3606427711087,5.54822088821588,"ok"
"tmp__ge_MCAR_10",12,"missForest",11.8825535622539,5.80310755365891,"ok"
"tmp__ge_MCAR_10",12,"lrEMplus",NA,NA,"ERR: lrEM based on alr requires at least one complete column"
"tmp__ge_MCAR_10",13,"impKNNa",12.2051727258818,5.41862484080689,"ok"
"tmp__ge_MCAR_10",13,"missForest",10.2794292060134,4.6616016166805,"ok"
"tmp__ge_MCAR_10",13,"lrEMplus",NA,NA,"ERR: lrEM based on alr requires at least one complete column"
"tmp__ge_MCAR_10",14,"impKNNa",11.5722627159709,4.44051941426792,"ok"
"tmp__ge_MCAR_10",14,"missForest",11.0887921599593,4.2550016427751,"ok"
"tmp__ge_MCAR_10",14,"lrEMplus",NA,NA,"ERR: lrEM based on alr requires at least one complete column"
"tmp__ge_MCAR_10",15,"impKNNa",10.9090932534289,4.05919748964797,"ok"
"tmp__ge_MCAR_10",15,"missForest",11.0197347204801,4.10036640762049,"ok"
"tmp__ge_MCAR_10",15,"lrEMplus",NA,NA,"ERR: lrEM based on alr requires at least one complete column"
"tmp__ge_MCAR_10",16,"impKNNa",11.4887514768891,5.0937361348683,"ok"
"tmp__ge_MCAR_10",16,"missForest",10.6708705047483,4.83911569401377,"ok"
"tmp__ge_MCAR_10",16,"lrEMplus",NA,NA,"ERR: lrEM based on alr requires at least one complete column"
"tmp__ge_MCAR_10",17,"impKNNa",11.8473055665111,4.0165019418062,"ok"
"tmp__ge_MCAR_10",17,"missForest",12.2385172687091,4.142591009978,"ok"
"tmp__ge_MCAR_10",17,"lrEMplus",NA,NA,"ERR: lrEM based on alr requires at least one complete column"
"tmp__ge_MCAR_10",18,"impKNNa",10.807539248046,3.64440276968992,"ok"
"tmp__ge_MCAR_10",18,"missForest",12.4227083490963,4.18905281539295,"ok"
"tmp__ge_MCAR_10",18,"lrEMplus",NA,NA,"ERR: lrEM based on alr requires at least one complete column"
"tmp__ge_MCAR_10",19,"impKNNa",12.3903017735417,4.61034484596899,"ok"
"tmp__ge_MCAR_10",19,"missForest",10.3186019984668,3.83947981338302,"ok"
"tmp__ge_MCAR_10",19,"lrEMplus",NA,NA,"ERR: lrEM based on alr requires at least one complete column"
"tmp__ge_MCAR_10",2,"impKNNa",9.62643678172414,3.24612403104651,"ok"
"tmp__ge_MCAR_10",2,"missForest",10.6524003085888,3.59208847615204,"ok"
"tmp__ge_MCAR_10",2,"lrEMplus",NA,NA,"ERR: lrEM based on alr requires at least one complete column"
"tmp__ge_MCAR_10",3,"impKNNa",11.035457810925,4.87613252110638,"ok"
"tmp__ge_MCAR_10",3,"missForest",10.1864342080442,4.46904769925053,"ok"
"tmp__ge_MCAR_10",3,"lrEMplus",NA,NA,"ERR: lrEM based on alr requires at least one complete column"
"tmp__ge_MCAR_10",4,"impKNNa",14.1090517734375,5.01732159011628,"ok"
"tmp__ge_MCAR_10",4,"missForest",11.568791829051,4.30466672708874,"ok"
"tmp__ge_MCAR_10",4,"lrEMplus",NA,NA,"ERR: lrEM based on alr requires at least one complete column"
"tmp__ge_MCAR_10",5,"impKNNa",10.2544162554356,5.42678078779114,"ok"
"tmp__ge_MCAR_10",5,"missForest",10.5264866312471,5.63044633764382,"ok"
"tmp__ge_MCAR_10",5,"lrEMplus",NA,NA,"ERR: lrEM based on alr requires at least one complete column"
"tmp__ge_MCAR_10",6,"impKNNa",10.8694937944207,3.91807334450048,"ok"
"tmp__ge_MCAR_10",6,"missForest",10.7923227192131,3.89025586390238,"ok"
"tmp__ge_MCAR_10",6,"lrEMplus",NA,NA,"ERR: lrEM based on alr requires at least one complete column"
"tmp__ge_MCAR_10",7,"impKNNa",9.62962962969136,2.90697674420543,"ok"
"tmp__ge_MCAR_10",7,"missForest",9.81666249548799,3.00346848765373,"ok"
"tmp__ge_MCAR_10",7,"lrEMplus",NA,NA,"ERR: lrEM based on alr requires at least one complete column"
"tmp__ge_MCAR_10",8,"impKNNa",11.2935046469643,3.63819531141473,"ok"
"tmp__ge_MCAR_10",8,"missForest",10.0774531811234,3.28103126827273,"ok"
"tmp__ge_MCAR_10",8,"lrEMplus",NA,NA,"ERR: lrEM based on alr requires at least one complete column"
"tmp__ge_MCAR_10",9,"impKNNa",14.2583545030556,3.74651753573644,"ok"
"tmp__ge_MCAR_10",9,"missForest",10.5430342846524,2.94224212594951,"ok"
"tmp__ge_MCAR_10",9,"lrEMplus",NA,NA,"ERR: lrEM based on alr requires at least one complete column"
"tmp__ge_MCAR_20",0,"impKNNa",12.1783442646939,9.82165631154965,"ok"
"tmp__ge_MCAR_20",0,"missForest",11.7802891824971,9.72558758089879,"ok"
"tmp__ge_MCAR_20",0,"lrEMplus",NA,NA,"ERR: lrEM based on alr requires at least one complete column"
"tmp__ge_MCAR_20",1,"impKNNa",10.8649122131037,8.00946547082618,"ok"
"tmp__ge_MCAR_20",1,"missForest",11.2694924809672,8.91076149657873,"ok"
"tmp__ge_MCAR_20",1,"lrEMplus",NA,NA,"ERR: lrEM based on alr requires at least one complete column"
"tmp__ge_MCAR_20",10,"impKNNa",10.4558750507422,8.99873938710726,"ok"
"tmp__ge_MCAR_20",10,"missForest",12.045997987923,10.9186041858663,"ok"
"tmp__ge_MCAR_20",10,"lrEMplus",NA,NA,"ERR: lrEM based on alr requires at least one complete column"
"tmp__ge_MCAR_20",11,"impKNNa",10.7265713921311,10.4452616573109,"ok"
"tmp__ge_MCAR_20",11,"missForest",12.635258989295,12.6123262576761,"ok"
"tmp__ge_MCAR_20",11,"lrEMplus",NA,NA,"ERR: lrEM based on alr requires at least one complete column"
"tmp__ge_MCAR_20",12,"impKNNa",10.2531821644724,8.35738930431347,"ok"
"tmp__ge_MCAR_20",12,"missForest",12.9669039541535,11.155627520937,"ok"
"tmp__ge_MCAR_20",12,"lrEMplus",NA,NA,"ERR: lrEM based on alr requires at least one complete column"
"tmp__ge_MCAR_20",13,"impKNNa",11.4034068064646,8.49033026720223,"ok"
"tmp__ge_MCAR_20",13,"missForest",11.3089979182448,9.05296922868048,"ok"
"tmp__ge_MCAR_20",13,"lrEMplus",NA,NA,"ERR: lrEM based on alr requires at least one complete column"
"tmp__ge_MCAR_20",14,"impKNNa",12.5336693239665,8.7746647373243,"ok"
"tmp__ge_MCAR_20",14,"missForest",11.6513746579335,8.53530934243965,"ok"
"tmp__ge_MCAR_20",14,"lrEMplus",NA,NA,"ERR: lrEM based on alr requires at least one complete column"
"tmp__ge_MCAR_20",15,"impKNNa",9.71595162476327,7.33354314516166,"ok"
"tmp__ge_MCAR_20",15,"missForest",11.3270815725838,8.88326327997311,"ok"
"tmp__ge_MCAR_20",15,"lrEMplus",NA,NA,"ERR: lrEM based on alr requires at least one complete column"
"tmp__ge_MCAR_20",16,"impKNNa",10.1435483945375,7.71040260653351,"ok"
"tmp__ge_MCAR_20",16,"missForest",11.459526801966,9.04315330724436,"ok"
"tmp__ge_MCAR_20",16,"lrEMplus",NA,NA,"ERR: lrEM based on alr requires at least one complete column"
"tmp__ge_MCAR_20",17,"impKNNa",10.3465236259799,6.92780718091618,"ok"
"tmp__ge_MCAR_20",17,"missForest",12.0747899883549,8.34439563243684,"ok"
"tmp__ge_MCAR_20",17,"lrEMplus",NA,NA,"ERR: lrEM based on alr requires at least one complete column"
"tmp__ge_MCAR_20",18,"impKNNa",12.0824369971839,7.50908541670543,"ok"
"tmp__ge_MCAR_20",18,"missForest",12.8374213305089,8.51918383566773,"ok"
"tmp__ge_MCAR_20",18,"lrEMplus",NA,NA,"ERR: lrEM based on alr requires at least one complete column"
"tmp__ge_MCAR_20",19,"impKNNa",10.025889790947,7.50079010845094,"ok"
"tmp__ge_MCAR_20",19,"missForest",10.4856594241081,8.1174224630852,"ok"
"tmp__ge_MCAR_20",19,"lrEMplus",NA,NA,"ERR: lrEM based on alr requires at least one complete column"
"tmp__ge_MCAR_20",2,"impKNNa",10.3500042944105,7.96189792401799,"ok"
"tmp__ge_MCAR_20",2,"missForest",11.3530915040253,9.61898559989882,"ok"
"tmp__ge_MCAR_20",2,"lrEMplus",NA,NA,"ERR: lrEM based on alr requires at least one complete column"
"tmp__ge_MCAR_20",3,"impKNNa",10.7364601560437,8.73672633203661,"ok"
"tmp__ge_MCAR_20",3,"missForest",11.4252136647156,9.56529516115722,"ok"
"tmp__ge_MCAR_20",3,"lrEMplus",NA,NA,"ERR: lrEM based on alr requires at least one complete column"
"tmp__ge_MCAR_20",4,"impKNNa",11.2523262521999,8.95543593207437,"ok"
"tmp__ge_MCAR_20",4,"missForest",11.7234512673548,9.78922818094889,"ok"
"tmp__ge_MCAR_20",4,"lrEMplus",NA,NA,"ERR: lrEM based on alr requires at least one complete column"
"tmp__ge_MCAR_20",5,"impKNNa",10.9323715900923,10.2044757964091,"ok"
"tmp__ge_MCAR_20",5,"missForest",12.4405190981073,12.2958618992921,"ok"
"tmp__ge_MCAR_20",5,"lrEMplus",NA,NA,"ERR: lrEM based on alr requires at least one complete column"
"tmp__ge_MCAR_20",6,"impKNNa",11.2081188714484,8.34430966333769,"ok"
"tmp__ge_MCAR_20",6,"missForest",12.1290669738091,9.4439430213055,"ok"
"tmp__ge_MCAR_20",6,"lrEMplus",NA,NA,"ERR: lrEM based on alr requires at least one complete column"
"tmp__ge_MCAR_20",7,"impKNNa",12.0111376403783,9.04628438052418,"ok"
"tmp__ge_MCAR_20",7,"missForest",12.3874389425589,9.9464072744078,"ok"
"tmp__ge_MCAR_20",7,"lrEMplus",NA,NA,"ERR: lrEM based on alr requires at least one complete column"
"tmp__ge_MCAR_20",8,"impKNNa",12.1643414754387,7.85882407756839,"ok"
"tmp__ge_MCAR_20",8,"missForest",11.3050804002004,7.75581097223053,"ok"
"tmp__ge_MCAR_20",8,"lrEMplus",NA,NA,"ERR: lrEM based on alr requires at least one complete column"
"tmp__ge_MCAR_20",9,"impKNNa",11.1710027376405,7.53873175062458,"ok"
"tmp__ge_MCAR_20",9,"missForest",11.8216846088436,8.32626132072927,"ok"
"tmp__ge_MCAR_20",9,"lrEMplus",NA,NA,"ERR: lrEM based on alr requires at least one complete column"
"tmp__ge_MNAR_10",0,"impKNNa",8.94915409352941,1.76901883244186,"ok"
"tmp__ge_MNAR_10",0,"missForest",9.73069794073696,1.92351005805266,"ok"
"tmp__ge_MNAR_10",0,"lrEMplus",NA,NA,"ERR: lrEM based on alr requires at least one complete column"
"tmp__ge_MNAR_10",1,"impKNNa",9.35659101055555,1.95835625802326,"ok"
"tmp__ge_MNAR_10",1,"missForest",9.69120379517189,2.02839149201272,"ok"
"tmp__ge_MNAR_10",1,"lrEMplus",NA,NA,"ERR: lrEM based on alr requires at least one complete column"
"tmp__ge_MNAR_10",10,"impKNNa",9.99458317700517,2.09188950216387,"ok"
"tmp__ge_MNAR_10",10,"missForest",11.6201785601587,2.43213039631228,"ok"
"tmp__ge_MNAR_10",10,"lrEMplus",NA,NA,"ERR: lrEM based on alr requires at least one complete column"
"tmp__ge_MNAR_10",11,"impKNNa",10.6875704116071,3.4796740875,"ok"
"tmp__ge_MNAR_10",11,"missForest",10.4524386562335,3.40311956249463,"ok"
"tmp__ge_MNAR_10",11,"lrEMplus",NA,NA,"ERR: lrEM based on alr requires at least one complete column"
"tmp__ge_MNAR_10",12,"impKNNa",13.20833333325,3.07170542633721,"ok"
"tmp__ge_MNAR_10",12,"missForest",10.1056234021601,2.35014497724653,"ok"
"tmp__ge_MNAR_10",12,"lrEMplus",NA,NA,"ERR: lrEM based on alr requires at least one complete column"
"tmp__ge_MNAR_10",13,"impKNNa",9.46969696954545,2.42248062011628,"ok"
"tmp__ge_MNAR_10",13,"missForest",9.06923695850045,2.32003736147686,"ok"
"tmp__ge_MNAR_10",13,"lrEMplus",NA,NA,"ERR: lrEM based on alr requires at least one complete column"
"tmp__ge_MNAR_10",14,"impKNNa",10.6060606059091,1.35658914726744,"ok"
"tmp__ge_MNAR_10",14,"missForest",8.72714344561894,1.11626253374196,"ok"
"tmp__ge_MNAR_10",14,"lrEMplus",NA,NA,"ERR: lrEM based on alr requires at least one complete column"
"tmp__ge_MNAR_10",15,"impKNNa",8.58681908388889,1.49770100300388,"ok"
"tmp__ge_MNAR_10",15,"missForest",8.70038797215471,1.51750953002699,"ok"
"tmp__ge_MNAR_10",15,"lrEMplus",NA,NA,"ERR: lrEM based on alr requires at least one complete column"
"tmp__ge_MNAR_10",16,"impKNNa",7.25426524291667,1.68703842858527,"ok"
"tmp__ge_MNAR_10",16,"missForest",8.55363015460497,1.98921631502441,"ok"
"tmp__ge_MNAR_10",16,"lrEMplus",NA,NA,"ERR: lrEM based on alr requires at least one complete column"
"tmp__ge_MNAR_10",17,"impKNNa",9.71385383434783,2.48161207197675,"ok"
"tmp__ge_MNAR_10",17,"missForest",9.27614710672008,2.48083004016932,"ok"
"tmp__ge_MNAR_10",17,"lrEMplus",NA,NA,"ERR: lrEM based on alr requires at least one complete column"
"tmp__ge_MNAR_10",18,"impKNNa",12.1212121209091,1.55038759686047,"ok"
"tmp__ge_MNAR_10",18,"missForest",9.90323528311893,1.2666928850501,"ok"
"tmp__ge_MNAR_10",18,"lrEMplus",NA,NA,"ERR: lrEM based on alr requires at least one complete column"
"tmp__ge_MNAR_10",19,"impKNNa",14.3518518518519,3.00387596899225,"ok"
"tmp__ge_MNAR_10",19,"missForest",8.8377622177316,1.84976418510662,"ok"
"tmp__ge_MNAR_10",19,"lrEMplus",NA,NA,"ERR: lrEM based on alr requires at least one complete column"
"tmp__ge_MNAR_10",2,"impKNNa",10.5555555555556,1.84108527131783,"ok"
"tmp__ge_MNAR_10",2,"missForest",10.7340324016916,1.87221495378341,"ok"
"tmp__ge_MNAR_10",2,"lrEMplus",NA,NA,"ERR: lrEM based on alr requires at least one complete column"
"tmp__ge_MNAR_10",3,"impKNNa",10.3616964183891,2.04824231526297,"ok"
"tmp__ge_MNAR_10",3,"missForest",9.28381326349555,1.83517238929563,"ok"
"tmp__ge_MNAR_10",3,"lrEMplus",NA,NA,"ERR: lrEM based on alr requires at least one complete column"
"tmp__ge_MNAR_10",4,"impKNNa",12.2486211593373,1.99396158407817,"ok"
"tmp__ge_MNAR_10",4,"missForest",11.0869763074766,1.80485660819387,"ok"
"tmp__ge_MNAR_10",4,"lrEMplus",NA,NA,"ERR: lrEM based on alr requires at least one complete column"
"tmp__ge_MNAR_10",5,"impKNNa",8.97967758740826,2.71478624735599,"ok"
"tmp__ge_MNAR_10",5,"missForest",8.77489639397187,2.6528756539915,"ok"
"tmp__ge_MNAR_10",5,"lrEMplus",NA,NA,"ERR: lrEM based on alr requires at least one complete column"
"tmp__ge_MNAR_10",6,"impKNNa",11.3333333331111,1.97674418600775,"ok"
"tmp__ge_MNAR_10",6,"missForest",10.0403372843193,1.75122161935803,"ok"
"tmp__ge_MNAR_10",6,"lrEMplus",NA,NA,"ERR: lrEM based on alr requires at least one complete column"
"tmp__ge_MNAR_10",7,"impKNNa",12.0282619945472,3.07699725441905,"ok"
"tmp__ge_MNAR_10",7,"missForest",9.98027410566426,2.5530933758676,"ok"
"tmp__ge_MNAR_10",7,"lrEMplus",NA,NA,"ERR: lrEM based on alr requires at least one complete column"
"tmp__ge_MNAR_10",8,"impKNNa",12.44791666625,2.3158914727907,"ok"
"tmp__ge_MNAR_10",8,"missForest",10.2611612357174,1.90905325315673,"ok"
"tmp__ge_MNAR_10",8,"lrEMplus",NA,NA,"ERR: lrEM based on alr requires at least one complete column"
"tmp__ge_MNAR_10",9,"impKNNa",9.83608691717949,1.48685034794574,"ok"
"tmp__ge_MNAR_10",9,"missForest",9.7127462833799,1.46820583353417,"ok"
"tmp__ge_MNAR_10",9,"lrEMplus",NA,NA,"ERR: lrEM based on alr requires at least one complete column"
"tmp__ge_MNAR_20",0,"impKNNa",9.38289756378788,3.48413511168605,"ok"
"tmp__ge_MNAR_20",0,"missForest",9.3044680583742,3.57031913867848,"ok"
"tmp__ge_MNAR_20",0,"lrEMplus",NA,NA,"ERR: lrEM based on alr requires at least one complete column"
"tmp__ge_MNAR_20",1,"impKNNa",11.0903325423148,4.64246478515504,"ok"
"tmp__ge_MNAR_20",1,"missForest",9.49279972868182,3.97373011898309,"ok"
"tmp__ge_MNAR_20",1,"lrEMplus",NA,NA,"ERR: lrEM based on alr requires at least one complete column"
"tmp__ge_MNAR_20",10,"impKNNa",11.0240102867201,4.35832964823816,"ok"
"tmp__ge_MNAR_20",10,"missForest",10.3656008313399,4.02685744975135,"ok"
"tmp__ge_MNAR_20",10,"lrEMplus",NA,NA,"ERR: lrEM based on alr requires at least one complete column"
"tmp__ge_MNAR_20",11,"impKNNa",9.99272864238858,5.15114942871947,"ok"
"tmp__ge_MNAR_20",11,"missForest",10.6020382044034,5.61631252479716,"ok"
"tmp__ge_MNAR_20",11,"lrEMplus",NA,NA,"ERR: lrEM based on alr requires at least one complete column"
"tmp__ge_MNAR_20",12,"impKNNa",11.7634491507018,5.19780311310078,"ok"
"tmp__ge_MNAR_20",12,"missForest",10.7172656032474,4.7355359642256,"ok"
"tmp__ge_MNAR_20",12,"lrEMplus",NA,NA,"ERR: lrEM based on alr requires at least one complete column"
"tmp__ge_MNAR_20",13,"impKNNa",10.551559744668,5.27577987233398,"ok"
"tmp__ge_MNAR_20",13,"missForest",10.2565260300453,5.12826301502265,"ok"
"tmp__ge_MNAR_20",13,"lrEMplus",NA,NA,"ERR: lrEM based on alr requires at least one complete column"
"tmp__ge_MNAR_20",14,"impKNNa",11.9779485618403,3.62124026288196,"ok"
"tmp__ge_MNAR_20",14,"missForest",9.90752252346212,2.9952975070932,"ok"
"tmp__ge_MNAR_20",14,"lrEMplus",NA,NA,"ERR: lrEM based on alr requires at least one complete column"
"tmp__ge_MNAR_20",15,"impKNNa",11.9393263259479,3.59652485030862,"ok"
"tmp__ge_MNAR_20",15,"missForest",8.45542544479801,2.7529292145854,"ok"
"tmp__ge_MNAR_20",15,"lrEMplus",NA,NA,"ERR: lrEM based on alr requires at least one complete column"
"tmp__ge_MNAR_20",16,"impKNNa",10.3933302338095,5.07581243976744,"ok"
"tmp__ge_MNAR_20",16,"missForest",9.844715434256,4.77910332355459,"ok"
"tmp__ge_MNAR_20",16,"lrEMplus",NA,NA,"ERR: lrEM based on alr requires at least one complete column"
"tmp__ge_MNAR_20",17,"impKNNa",11.7877160115385,5.05489447034884,"ok"
"tmp__ge_MNAR_20",17,"missForest",9.80805065616692,4.44783692547105,"ok"
"tmp__ge_MNAR_20",17,"lrEMplus",NA,NA,"ERR: lrEM based on alr requires at least one complete column"
"tmp__ge_MNAR_20",18,"impKNNa",9.59362894143311,3.40002903702822,"ok"
"tmp__ge_MNAR_20",18,"missForest",8.97579393160182,3.23546060325182,"ok"
"tmp__ge_MNAR_20",18,"lrEMplus",NA,NA,"ERR: lrEM based on alr requires at least one complete column"
"tmp__ge_MNAR_20",19,"impKNNa",11.1833940003483,4.8955715583056,"ok"
"tmp__ge_MNAR_20",19,"missForest",9.71404790044075,4.54598208212936,"ok"
"tmp__ge_MNAR_20",19,"lrEMplus",NA,NA,"ERR: lrEM based on alr requires at least one complete column"
"tmp__ge_MNAR_20",2,"impKNNa",9.81981982004504,4.10852713187985,"ok"
"tmp__ge_MNAR_20",2,"missForest",9.60573692755264,4.1053876768398,"ok"
"tmp__ge_MNAR_20",2,"lrEMplus",NA,NA,"ERR: lrEM based on alr requires at least one complete column"
"tmp__ge_MNAR_20",3,"impKNNa",11.3640262223734,4.22847487344126,"ok"
"tmp__ge_MNAR_20",3,"missForest",8.99604314119302,3.34736488974624,"ok"
"tmp__ge_MNAR_20",3,"lrEMplus",NA,NA,"ERR: lrEM based on alr requires at least one complete column"
"tmp__ge_MNAR_20",4,"impKNNa",10.5439534368115,3.43291507245026,"ok"
"tmp__ge_MNAR_20",4,"missForest",11.2145859756767,3.65126055022033,"ok"
"tmp__ge_MNAR_20",4,"lrEMplus",NA,NA,"ERR: lrEM based on alr requires at least one complete column"
"tmp__ge_MNAR_20",5,"impKNNa",12.121058455162,6.31422186875134,"ok"
"tmp__ge_MNAR_20",5,"missForest",9.50758149857982,5.19600384224711,"ok"
"tmp__ge_MNAR_20",5,"lrEMplus",NA,NA,"ERR: lrEM based on alr requires at least one complete column"
"tmp__ge_MNAR_20",6,"impKNNa",10.2829284906979,3.97173446326853,"ok"
"tmp__ge_MNAR_20",6,"missForest",9.5009237331884,3.86665500769296,"ok"
"tmp__ge_MNAR_20",6,"lrEMplus",NA,NA,"ERR: lrEM based on alr requires at least one complete column"
"tmp__ge_MNAR_20",7,"impKNNa",13.7685503816979,6.24387749867697,"ok"
"tmp__ge_MNAR_20",7,"missForest",9.63526351475743,4.36947996599465,"ok"
"tmp__ge_MNAR_20",7,"lrEMplus",NA,NA,"ERR: lrEM based on alr requires at least one complete column"
"tmp__ge_MNAR_20",8,"impKNNa",10.0450450448649,3.8565891472093,"ok"
"tmp__ge_MNAR_20",8,"missForest",10.4316425467477,4.48803225848446,"ok"
"tmp__ge_MNAR_20",8,"lrEMplus",NA,NA,"ERR: lrEM based on alr requires at least one complete column"
"tmp__ge_MNAR_20",9,"impKNNa",8.95674877522222,2.95002864251938,"ok"
"tmp__ge_MNAR_20",9,"missForest",9.31446702944716,3.24923268469087,"ok"
"tmp__ge_MNAR_20",9,"lrEMplus",NA,NA,"ERR: lrEM based on alr requires at least one complete column"
"tmp__glass_MAR_10",0,"impKNNa",0.157517791615769,0.106289539153205,"ok"
"tmp__glass_MAR_10",0,"missForest",0.150969208178829,0.104475265904637,"ok"
"tmp__glass_MAR_10",0,"lrEMplus",1.22540540256023,0.880150520831171,"ok"
"tmp__glass_MAR_10",1,"impKNNa",0.164607655774593,0.0740734450985709,"ok"
"tmp__glass_MAR_10",1,"missForest",0.186618851803326,0.0839784833115008,"ok"
"tmp__glass_MAR_10",1,"lrEMplus",0.880570289680634,0.400711193076327,"ok"
"tmp__glass_MAR_10",10,"impKNNa",0.131296971976479,0.0388724357297324,"ok"
"tmp__glass_MAR_10",10,"missForest",0.158716314495297,0.0484237627202678,"ok"
"tmp__glass_MAR_10",10,"lrEMplus",0.549339187895045,0.198008093156726,"ok"
"tmp__glass_MAR_10",11,"impKNNa",0.170257899795035,0.117012992047613,"ok"
"tmp__glass_MAR_10",11,"missForest",0.192884451939049,0.121178809180607,"ok"
"tmp__glass_MAR_10",11,"lrEMplus",0.941682851083429,0.766173739861447,"ok"
"tmp__glass_MAR_10",12,"impKNNa",0.135426216184422,0.072248616450959,"ok"
"tmp__glass_MAR_10",12,"missForest",0.158082698272888,0.0948772985822664,"ok"
"tmp__glass_MAR_10",12,"lrEMplus",1.94816323433213,1.2901057791339,"ok"
"tmp__glass_MAR_10",13,"impKNNa",0.131913483515458,0.0580052192221629,"ok"
"tmp__glass_MAR_10",13,"missForest",0.122638591078128,0.0569537811740719,"ok"
"tmp__glass_MAR_10",13,"lrEMplus",1.2293222191471,0.656220393507437,"ok"
"tmp__glass_MAR_10",14,"impKNNa",0.128986261740252,0.0930868426043471,"ok"
"tmp__glass_MAR_10",14,"missForest",0.152966761832925,0.104127131844594,"ok"
"tmp__glass_MAR_10",14,"lrEMplus",1.36361095746141,1.04554880006227,"ok"
"tmp__glass_MAR_10",15,"impKNNa",0.0970094832851015,0.0410190079237946,"ok"
"tmp__glass_MAR_10",15,"missForest",0.144922950698507,0.0677557775021263,"ok"
"tmp__glass_MAR_10",15,"lrEMplus",NA,NA,"ERR: lrEM based on alr requires at least one complete column"
"tmp__glass_MAR_10",16,"impKNNa",0.178490967023283,0.128715854730849,"ok"
"tmp__glass_MAR_10",16,"missForest",0.188757351030381,0.130280817052446,"ok"
"tmp__glass_MAR_10",16,"lrEMplus",NA,NA,"ERR: lrEM based on alr requires at least one complete column"
"tmp__glass_MAR_10",17,"impKNNa",0.266009322238971,0.113313521422376,"ok"
"tmp__glass_MAR_10",17,"missForest",0.169151509421297,0.0958772519252225,"ok"
"tmp__glass_MAR_10",17,"lrEMplus",1.01618704529241,0.683537547960044,"ok"
"tmp__glass_MAR_10",18,"impKNNa",0.245494030927638,0.137159114976443,"ok"
"tmp__glass_MAR_10",18,"missForest",0.20002466356594,0.099316759831456,"ok"
"tmp__glass_MAR_10",18,"lrEMplus",0.894272422236663,0.561440245462475,"ok"
"tmp__glass_MAR_10",19,"impKNNa",0.177387394012884,0.111208885477651,"ok"
"tmp__glass_MAR_10",19,"missForest",0.163014991495854,0.0993968731215546,"ok"
"tmp__glass_MAR_10",19,"lrEMplus",NA,NA,"ERR: Zero values not labelled as censored or missing values were found in the data set"
"tmp__glass_MAR_10",2,"impKNNa",0.179239618087274,0.110098707422345,"ok"
"tmp__glass_MAR_10",2,"missForest",0.111275748846611,0.0579910252291008,"ok"
"tmp__glass_MAR_10",2,"lrEMplus",NA,NA,"ERR: lrEM based on alr requires at least one complete column"
"tmp__glass_MAR_10",3,"impKNNa",0.157189418804232,0.0746649739320105,"ok"
"tmp__glass_MAR_10",3,"missForest",0.206792910937244,0.0982266326951919,"ok"
"tmp__glass_MAR_10",3,"lrEMplus",0.506612856650891,0.246522663414033,"ok"
"tmp__glass_MAR_10",4,"impKNNa",0.174000008482731,0.0637927501904183,"ok"
"tmp__glass_MAR_10",4,"missForest",0.121504754814919,0.0436567883246251,"ok"
"tmp__glass_MAR_10",4,"lrEMplus",1.7540034422454,0.79295882276196,"ok"
"tmp__glass_MAR_10",5,"impKNNa",0.233083103312847,0.104807805389863,"ok"
"tmp__glass_MAR_10",5,"missForest",0.209091862069246,0.113033117787988,"ok"
"tmp__glass_MAR_10",5,"lrEMplus",370.423788529255,277.800716108623,"ok"
"tmp__glass_MAR_10",6,"impKNNa",0.160416998482034,0.0687167113643078,"ok"
"tmp__glass_MAR_10",6,"missForest",0.123736809371988,0.0538479867605989,"ok"
"tmp__glass_MAR_10",6,"lrEMplus",NA,NA,"ERR: lrEM based on alr requires at least one complete column"
"tmp__glass_MAR_10",7,"impKNNa",0.143116733250875,0.0899912099248166,"ok"
"tmp__glass_MAR_10",7,"missForest",0.129073057969668,0.0832260541240217,"ok"
"tmp__glass_MAR_10",7,"lrEMplus",1.11768774935505,0.704165487514397,"ok"
"tmp__glass_MAR_10",8,"impKNNa",0.150735937379032,0.0821894994581676,"ok"
"tmp__glass_MAR_10",8,"missForest",0.175212832369077,0.100850698490507,"ok"
"tmp__glass_MAR_10",8,"lrEMplus",1.09837681254266,0.73502353015278,"ok"
"tmp__glass_MAR_10",9,"impKNNa",0.175747233332079,0.064209064200114,"ok"
"tmp__glass_MAR_10",9,"missForest",0.139304732546465,0.0589987674028805,"ok"
"tmp__glass_MAR_10",9,"lrEMplus",1.62616898129346,0.668239762383481,"ok"
"tmp__glass_MAR_20",0,"impKNNa",0.216733915741141,0.222958379377099,"ok"
"tmp__glass_MAR_20",0,"missForest",0.167057575009158,0.186089146407437,"ok"
"tmp__glass_MAR_20",0,"lrEMplus",NA,NA,"ERR: lrEM based on alr requires at least one complete column"
"tmp__glass_MAR_20",1,"impKNNa",0.215559855753325,0.132371764962043,"ok"
"tmp__glass_MAR_20",1,"missForest",0.192716276087033,0.130255481035459,"ok"
"tmp__glass_MAR_20",1,"lrEMplus",1.77282065360849,1.95652063186242,"ok"
"tmp__glass_MAR_20",10,"impKNNa",0.158598369859349,0.123388774642395,"ok"
"tmp__glass_MAR_20",10,"missForest",0.175040034455971,0.153121578413633,"ok"
"tmp__glass_MAR_20",10,"lrEMplus",0.852134159021426,0.980129076228584,"ok"
"tmp__glass_MAR_20",11,"impKNNa",0.180200131434681,0.164804936475107,"ok"
"tmp__glass_MAR_20",11,"missForest",0.173602275130234,0.14698536844816,"ok"
"tmp__glass_MAR_20",11,"lrEMplus",1.71118088362561,2.57379138570353,"ok"
"tmp__glass_MAR_20",12,"impKNNa",0.178229013188296,0.172160366887934,"ok"
"tmp__glass_MAR_20",12,"missForest",0.15090363779975,0.151892726804366,"ok"
"tmp__glass_MAR_20",12,"lrEMplus",2.47360770816489,3.32802107951232,"ok"
"tmp__glass_MAR_20",13,"impKNNa",0.157011605410929,0.110122692136114,"ok"
"tmp__glass_MAR_20",13,"missForest",0.180350542225556,0.152487187281489,"ok"
"tmp__glass_MAR_20",13,"lrEMplus",NA,NA,"ERR: lrEM based on alr requires at least one complete column"
"tmp__glass_MAR_20",14,"impKNNa",0.223041244503869,0.247382960647879,"ok"
"tmp__glass_MAR_20",14,"missForest",0.179386054973616,0.163451472010383,"ok"
"tmp__glass_MAR_20",14,"lrEMplus",1.22362406663741,1.5530524337217,"ok"
"tmp__glass_MAR_20",15,"impKNNa",0.129965589665431,0.0886300553646848,"ok"
"tmp__glass_MAR_20",15,"missForest",0.15734357226905,0.114315213333331,"ok"
"tmp__glass_MAR_20",15,"lrEMplus",NA,NA,"ERR: lrEM based on alr requires at least one complete column"
"tmp__glass_MAR_20",16,"impKNNa",0.233116264991376,0.216285514305154,"ok"
"tmp__glass_MAR_20",16,"missForest",0.183788429434353,0.175161672981985,"ok"
"tmp__glass_MAR_20",16,"lrEMplus",NA,NA,"ERR: lrEM based on alr requires at least one complete column"
"tmp__glass_MAR_20",17,"impKNNa",0.241826129887028,0.201279446736457,"ok"
"tmp__glass_MAR_20",17,"missForest",0.188017181926092,0.17936026283083,"ok"
"tmp__glass_MAR_20",17,"lrEMplus",1.27280764763921,1.50754717298438,"ok"
"tmp__glass_MAR_20",18,"impKNNa",0.246793723448594,0.213912906032612,"ok"
"tmp__glass_MAR_20",18,"missForest",0.1880138722987,0.168573390773244,"ok"
"tmp__glass_MAR_20",18,"lrEMplus",2.25582465045881,2.98117538989785,"ok"
"tmp__glass_MAR_20",19,"impKNNa",0.173717668093817,0.157636283362508,"ok"
"tmp__glass_MAR_20",19,"missForest",0.164814846470933,0.155377426587724,"ok"
"tmp__glass_MAR_20",19,"lrEMplus",0.927791618696165,1.28728937860748,"ok"
"tmp__glass_MAR_20",2,"impKNNa",0.194891829383326,0.165147982491545,"ok"
"tmp__glass_MAR_20",2,"missForest",0.145027975189272,0.124083601704503,"ok"
"tmp__glass_MAR_20",2,"lrEMplus",NA,NA,"ERR: lrEM based on alr requires at least one complete column"
"tmp__glass_MAR_20",3,"impKNNa",0.161877633357406,0.138579326887764,"ok"
"tmp__glass_MAR_20",3,"missForest",0.17490403030781,0.153390318494105,"ok"
"tmp__glass_MAR_20",3,"lrEMplus",NA,NA,"ERR: lrEM based on alr requires at least one complete column"
"tmp__glass_MAR_20",4,"impKNNa",0.203519418144927,0.0884946747542706,"ok"
"tmp__glass_MAR_20",4,"missForest",0.122526695909976,0.0866653287396431,"ok"
"tmp__glass_MAR_20",4,"lrEMplus",1.39229983292525,1.19261095786746,"ok"
"tmp__glass_MAR_20",5,"impKNNa",0.218571975330644,0.19720121831438,"ok"
"tmp__glass_MAR_20",5,"missForest",0.20355357281747,0.163498222717188,"ok"
"tmp__glass_MAR_20",5,"lrEMplus",1.39328240106193,1.67557614238514,"ok"
"tmp__glass_MAR_20",6,"impKNNa",0.199374636212265,0.132710370150568,"ok"
"tmp__glass_MAR_20",6,"missForest",0.173259530684996,0.161173898969695,"ok"
"tmp__glass_MAR_20",6,"lrEMplus",NA,NA,"ERR: Cannot compute finite geometric means; at least one column has no positive observed values"
"tmp__glass_MAR_20",7,"impKNNa",0.168787482007552,0.172059008714379,"ok"
"tmp__glass_MAR_20",7,"missForest",0.162051175229131,0.149480620836863,"ok"
"tmp__glass_MAR_20",7,"lrEMplus",NA,NA,"ERR: lrEM based on alr requires at least one complete column"
"tmp__glass_MAR_20",8,"impKNNa",0.203753618469108,0.183394957267699,"ok"
"tmp__glass_MAR_20",8,"missForest",0.196110920813518,0.168256352643914,"ok"
"tmp__glass_MAR_20",8,"lrEMplus",NA,NA,"ERR: lrEM based on alr requires at least one complete column"
"tmp__glass_MAR_20",9,"impKNNa",0.220973465447708,0.186802504687892,"ok"
"tmp__glass_MAR_20",9,"missForest",0.166198554235892,0.12786166424377,"ok"
"tmp__glass_MAR_20",9,"lrEMplus",1.11576905010783,1.00772916080297,"ok"
"tmp__glass_MCAR_10",0,"impKNNa",0.202047372195204,0.0995188275127436,"ok"
"tmp__glass_MCAR_10",0,"missForest",0.193013582288167,0.0866466285329828,"ok"
"tmp__glass_MCAR_10",0,"lrEMplus",2.0232078733583,1.18644409092076,"ok"
"tmp__glass_MCAR_10",1,"impKNNa",0.12404560345,0.0727588105657269,"ok"
"tmp__glass_MCAR_10",1,"missForest",0.143955471135864,0.0895942000447469,"ok"
"tmp__glass_MCAR_10",1,"lrEMplus",0.686562277123997,0.454033205022881,"ok"
"tmp__glass_MCAR_10",10,"impKNNa",0.178164629286054,0.0678693233195563,"ok"
"tmp__glass_MCAR_10",10,"missForest",0.158711657723578,0.0663086235043455,"ok"
"tmp__glass_MCAR_10",10,"lrEMplus",3.50513414659708,1.49824390357769,"ok"
"tmp__glass_MCAR_10",11,"impKNNa",0.220263164566235,0.145261760824144,"ok"
"tmp__glass_MCAR_10",11,"missForest",0.205111839106481,0.112786116840182,"ok"
"tmp__glass_MCAR_10",11,"lrEMplus",0.861003359486994,0.689633834853845,"ok"
"tmp__glass_MCAR_10",12,"impKNNa",0.141853814179811,0.100472785639084,"ok"
"tmp__glass_MCAR_10",12,"missForest",0.172096751076634,0.117226887140064,"ok"
"tmp__glass_MCAR_10",12,"lrEMplus",0.687049279660763,0.552261182854415,"ok"
"tmp__glass_MCAR_10",13,"impKNNa",0.132607661179728,0.0452890697593293,"ok"
"tmp__glass_MCAR_10",13,"missForest",0.142462942718943,0.0498697063725256,"ok"
"tmp__glass_MCAR_10",13,"lrEMplus",0.809870060773096,0.361701856300251,"ok"
"tmp__glass_MCAR_10",14,"impKNNa",0.142436279838712,0.068082759954121,"ok"
"tmp__glass_MCAR_10",14,"missForest",0.140510587350223,0.0624855833394612,"ok"
"tmp__glass_MCAR_10",14,"lrEMplus",0.748162623302332,0.474666374183695,"ok"
"tmp__glass_MCAR_10",15,"impKNNa",0.14154071012731,0.0530777662977453,"ok"
"tmp__glass_MCAR_10",15,"missForest",0.150414728284311,0.0564055231066217,"ok"
"tmp__glass_MCAR_10",15,"lrEMplus",1.17572968679718,0.441445021243317,"ok"
"tmp__glass_MCAR_10",16,"impKNNa",0.179079693745593,0.106792682468484,"ok"
"tmp__glass_MCAR_10",16,"missForest",0.201903592193969,0.125831041319745,"ok"
"tmp__glass_MCAR_10",16,"lrEMplus",1.79504847939602,1.27351403101789,"ok"
"tmp__glass_MCAR_10",17,"impKNNa",0.133870836310081,0.0687940853669922,"ok"
"tmp__glass_MCAR_10",17,"missForest",0.139680705656023,0.0741305095770073,"ok"
"tmp__glass_MCAR_10",17,"lrEMplus",0.530051243869898,0.334013018560881,"ok"
"tmp__glass_MCAR_10",18,"impKNNa",0.110787700736607,0.0369082756535683,"ok"
"tmp__glass_MCAR_10",18,"missForest",0.126061478042235,0.0469702939540053,"ok"
"tmp__glass_MCAR_10",18,"lrEMplus",1.32071558278546,0.749459169723641,"ok"
"tmp__glass_MCAR_10",19,"impKNNa",0.206269543150141,0.110606594461255,"ok"
"tmp__glass_MCAR_10",19,"missForest",0.231368912696405,0.108095843568228,"ok"
"tmp__glass_MCAR_10",19,"lrEMplus",2.08700929601345,1.39738000225321,"ok"
"tmp__glass_MCAR_10",2,"impKNNa",0.199667478857258,0.119639817427641,"ok"
"tmp__glass_MCAR_10",2,"missForest",0.155471440574529,0.0945807299325143,"ok"
"tmp__glass_MCAR_10",2,"lrEMplus",0.745876620639146,0.498679628752339,"ok"
"tmp__glass_MCAR_10",3,"impKNNa",0.0899239719400603,0.0387631959951445,"ok"
"tmp__glass_MCAR_10",3,"missForest",0.14727135044216,0.0646263295184653,"ok"
"tmp__glass_MCAR_10",3,"lrEMplus",2.01941062021121,1.11857178711941,"ok"
"tmp__glass_MCAR_10",4,"impKNNa",0.163181959094529,0.0551089260886855,"ok"
"tmp__glass_MCAR_10",4,"missForest",0.166376442972009,0.0684077968100517,"ok"
"tmp__glass_MCAR_10",4,"lrEMplus",2.59539008884461,1.36893907800646,"ok"
"tmp__glass_MCAR_10",5,"impKNNa",0.192363967677557,0.110170592997821,"ok"
"tmp__glass_MCAR_10",5,"missForest",0.210171302477737,0.11658954763577,"ok"
"tmp__glass_MCAR_10",5,"lrEMplus",1.33207210722665,0.962392292058648,"ok"
"tmp__glass_MCAR_10",6,"impKNNa",0.156494671379471,0.0969069158626507,"ok"
"tmp__glass_MCAR_10",6,"missForest",0.158428557263259,0.0965194708524937,"ok"
"tmp__glass_MCAR_10",6,"lrEMplus",NA,NA,"ERR: lrEM based on alr requires at least one complete column"
"tmp__glass_MCAR_10",7,"impKNNa",0.14794658782656,0.0724977555507476,"ok"
"tmp__glass_MCAR_10",7,"missForest",0.11297770053502,0.0583411160080225,"ok"
"tmp__glass_MCAR_10",7,"lrEMplus",0.876684034316671,0.579266277086248,"ok"
"tmp__glass_MCAR_10",8,"impKNNa",0.220020845577559,0.125119217089566,"ok"
"tmp__glass_MCAR_10",8,"missForest",0.197812570675605,0.122293883228207,"ok"
"tmp__glass_MCAR_10",8,"lrEMplus",0.847818799702319,0.542924563256412,"ok"
"tmp__glass_MCAR_10",9,"impKNNa",0.1604581851173,0.0568787896824478,"ok"
"tmp__glass_MCAR_10",9,"missForest",0.202930016542688,0.0782103284444929,"ok"
"tmp__glass_MCAR_10",9,"lrEMplus",1.50781576693967,0.814601870274617,"ok"
"tmp__glass_MCAR_20",0,"impKNNa",0.228950379482788,0.194481741831739,"ok"
"tmp__glass_MCAR_20",0,"missForest",0.217628658684866,0.198034902520841,"ok"
"tmp__glass_MCAR_20",0,"lrEMplus",1.62358773067544,1.79824124518777,"ok"
"tmp__glass_MCAR_20",1,"impKNNa",0.141485827818247,0.122625923831471,"ok"
"tmp__glass_MCAR_20",1,"missForest",0.153004596512906,0.121441631769725,"ok"
"tmp__glass_MCAR_20",1,"lrEMplus",0.959705231116554,1.12456179609896,"ok"
"tmp__glass_MCAR_20",10,"impKNNa",0.198021794032426,0.116734045138371,"ok"
"tmp__glass_MCAR_20",10,"missForest",0.158752124965338,0.119599764561061,"ok"
"tmp__glass_MCAR_20",10,"lrEMplus",2.06351288952915,2.3321317645276,"ok"
"tmp__glass_MCAR_20",11,"impKNNa",0.265555227205083,0.174482479827608,"ok"
"tmp__glass_MCAR_20",11,"missForest",0.217911409720218,0.168457575096655,"ok"
"tmp__glass_MCAR_20",11,"lrEMplus",1.55620935848503,2.06398780806091,"ok"
"tmp__glass_MCAR_20",12,"impKNNa",0.194639800780094,0.185623788722237,"ok"
"tmp__glass_MCAR_20",12,"missForest",0.179663800927652,0.148554175256282,"ok"
"tmp__glass_MCAR_20",12,"lrEMplus",1.79858535270373,2.57473109448094,"ok"
"tmp__glass_MCAR_20",13,"impKNNa",0.183234807489183,0.153647273134668,"ok"
"tmp__glass_MCAR_20",13,"missForest",0.180591667376194,0.14342323093908,"ok"
"tmp__glass_MCAR_20",13,"lrEMplus",9.73798499405299,10.6744125420774,"ok"
"tmp__glass_MCAR_20",14,"impKNNa",0.166232085224682,0.114891275087964,"ok"
"tmp__glass_MCAR_20",14,"missForest",0.165534521826164,0.146136338504787,"ok"
"tmp__glass_MCAR_20",14,"lrEMplus",0.529455257005185,0.588138686256479,"ok"
"tmp__glass_MCAR_20",15,"impKNNa",0.249393026770092,0.112072801698009,"ok"
"tmp__glass_MCAR_20",15,"missForest",0.168871647693168,0.109051939823471,"ok"
"tmp__glass_MCAR_20",15,"lrEMplus",NA,NA,"ERR: lrEM based on alr requires at least one complete column"
"tmp__glass_MCAR_20",16,"impKNNa",0.221752914203614,0.159572709465499,"ok"
"tmp__glass_MCAR_20",16,"missForest",0.188480684373883,0.157637419612771,"ok"
"tmp__glass_MCAR_20",16,"lrEMplus",7.31097175078939,9.92076528939892,"ok"
"tmp__glass_MCAR_20",17,"impKNNa",0.167758267316943,0.170529017813485,"ok"
"tmp__glass_MCAR_20",17,"missForest",0.161251083890503,0.160558438594247,"ok"
"tmp__glass_MCAR_20",17,"lrEMplus",0.767741554619348,0.872079835134338,"ok"
"tmp__glass_MCAR_20",18,"impKNNa",0.205335555392858,0.169866018905798,"ok"
"tmp__glass_MCAR_20",18,"missForest",0.194864106614738,0.163472805776649,"ok"
"tmp__glass_MCAR_20",18,"lrEMplus",2.89534893330474,3.85732869670701,"ok"
"tmp__glass_MCAR_20",19,"impKNNa",0.165117116928321,0.172437058354724,"ok"
"tmp__glass_MCAR_20",19,"missForest",0.204973123877727,0.157704955378496,"ok"
"tmp__glass_MCAR_20",19,"lrEMplus",1.77401434216931,2.3115515172007,"ok"
"tmp__glass_MCAR_20",2,"impKNNa",0.194608067527412,0.186508333910941,"ok"
"tmp__glass_MCAR_20",2,"missForest",0.167217294291763,0.18558753126708,"ok"
"tmp__glass_MCAR_20",2,"lrEMplus",0.401563868245062,0.441435423775656,"ok"
"tmp__glass_MCAR_20",3,"impKNNa",0.183490825686366,0.15959260842626,"ok"
"tmp__glass_MCAR_20",3,"missForest",0.167164227204978,0.145822205201036,"ok"
"tmp__glass_MCAR_20",3,"lrEMplus",0.925077365422268,1.05059739340469,"ok"
"tmp__glass_MCAR_20",4,"impKNNa",0.174843614716817,0.121604481901717,"ok"
"tmp__glass_MCAR_20",4,"missForest",0.182847382761494,0.116944856080667,"ok"
"tmp__glass_MCAR_20",4,"lrEMplus",1.23831540451184,1.14086767529917,"ok"
"tmp__glass_MCAR_20",5,"impKNNa",0.171276062292345,0.139943131876553,"ok"
"tmp__glass_MCAR_20",5,"missForest",0.199697864146024,0.154767580567427,"ok"
"tmp__glass_MCAR_20",5,"lrEMplus",NA,NA,"ERR: lrEM based on alr requires at least one complete column"
"tmp__glass_MCAR_20",6,"impKNNa",0.184996569640964,0.130312351026199,"ok"
"tmp__glass_MCAR_20",6,"missForest",0.168167060694459,0.157168610302254,"ok"
"tmp__glass_MCAR_20",6,"lrEMplus",NA,NA,"ERR: lrEM based on alr requires at least one complete column"
"tmp__glass_MCAR_20",7,"impKNNa",0.193403079066486,0.172278536944311,"ok"
"tmp__glass_MCAR_20",7,"missForest",0.156699216973801,0.138461571425407,"ok"
"tmp__glass_MCAR_20",7,"lrEMplus",NA,NA,"ERR: lrEM based on alr requires at least one complete column"
"tmp__glass_MCAR_20",8,"impKNNa",0.216197668451799,0.153320806658759,"ok"
"tmp__glass_MCAR_20",8,"missForest",0.223384276402075,0.200260262433326,"ok"
"tmp__glass_MCAR_20",8,"lrEMplus",0.584628599299755,0.720431497628285,"ok"
"tmp__glass_MCAR_20",9,"impKNNa",0.230775438393881,0.135515798842451,"ok"
"tmp__glass_MCAR_20",9,"missForest",0.187236954082348,0.141245521541142,"ok"
"tmp__glass_MCAR_20",9,"lrEMplus",2.29710545984372,2.69040876036907,"ok"
"tmp__glass_MNAR_10",0,"impKNNa",0.133693484793644,0.0300810340785752,"ok"
"tmp__glass_MNAR_10",0,"missForest",0.122354588083334,0.0275297823187547,"ok"
"tmp__glass_MNAR_10",0,"lrEMplus",1.51537309583365,0.35065930800055,"ok"
"tmp__glass_MNAR_10",1,"impKNNa",0.0616075049853061,0.0107813133724335,"ok"
"tmp__glass_MNAR_10",1,"missForest",0.0752087778819038,0.0131615361293388,"ok"
"tmp__glass_MNAR_10",1,"lrEMplus",0.247244506495709,0.0467478373961143,"ok"
"tmp__glass_MNAR_10",10,"impKNNa",0.194709395277523,0.0194709395277577,"ok"
"tmp__glass_MNAR_10",10,"missForest",0.253588578576729,0.0253588578576785,"ok"
"tmp__glass_MNAR_10",10,"lrEMplus",0.374814526146658,0.0386451541124657,"ok"
"tmp__glass_MNAR_10",11,"impKNNa",0.0890295234304177,0.0192351280777657,"ok"
"tmp__glass_MNAR_10",11,"missForest",0.0790653523969726,0.0170423351201272,"ok"
"tmp__glass_MNAR_10",11,"lrEMplus",0.157327517499295,0.0363853048786183,"ok"
"tmp__glass_MNAR_10",12,"impKNNa",0.161026937783679,0.0218081315263621,"ok"
"tmp__glass_MNAR_10",12,"missForest",0.162305676833012,0.0285358741256903,"ok"
"tmp__glass_MNAR_10",12,"lrEMplus",0.700223895207875,0.155659032662616,"ok"
"tmp__glass_MNAR_10",13,"impKNNa",0.094628196691796,0.0118285245864801,"ok"
"tmp__glass_MNAR_10",13,"missForest",0.0479744099935268,0.00599680124919608,"ok"
"tmp__glass_MNAR_10",13,"lrEMplus",0.127460574433905,0.0185838319539375,"ok"
"tmp__glass_MNAR_10",14,"impKNNa",0.169366480159979,0.0423416200400002,"ok"
"tmp__glass_MNAR_10",14,"missForest",0.169169499465485,0.042292374866377,"ok"
"tmp__glass_MNAR_10",14,"lrEMplus",0.539532669955873,0.14964642197099,"ok"
"tmp__glass_MNAR_10",15,"impKNNa",0.133134361272557,0.0266268722545163,"ok"
"tmp__glass_MNAR_10",15,"missForest",0.207683854608591,0.0415367709217229,"ok"
"tmp__glass_MNAR_10",15,"lrEMplus",0.555920062684933,0.113832642062706,"ok"
"tmp__glass_MNAR_10",16,"impKNNa",0.226062267923466,0.0425315856873294,"ok"
"tmp__glass_MNAR_10",16,"missForest",0.218905048025746,0.0392243666919484,"ok"
"tmp__glass_MNAR_10",16,"lrEMplus",1.31463727196466,0.267377226993701,"ok"
"tmp__glass_MNAR_10",17,"impKNNa",0.287364586668552,0.0921995582854123,"ok"
"tmp__glass_MNAR_10",17,"missForest",0.176807734839531,0.0637816903815707,"ok"
"tmp__glass_MNAR_10",17,"lrEMplus",0.415875804249169,0.140190102901352,"ok"
"tmp__glass_MNAR_10",18,"impKNNa",0.136767142734642,0.0376109642520298,"ok"
"tmp__glass_MNAR_10",18,"missForest",0.150817127884982,0.0408430958443532,"ok"
"tmp__glass_MNAR_10",18,"lrEMplus",0.393853678634803,0.115195099733192,"ok"
"tmp__glass_MNAR_10",19,"impKNNa",0.171533292286329,0.0385949907644292,"ok"
"tmp__glass_MNAR_10",19,"missForest",0.16291902802636,0.0366567813059369,"ok"
"tmp__glass_MNAR_10",19,"lrEMplus",NA,NA,"ERR: Zero values not labelled as censored or missing values were found in the data set"
"tmp__glass_MNAR_10",2,"impKNNa",0.130218424121654,0.0260436848243362,"ok"
"tmp__glass_MNAR_10",2,"missForest",0.0984423547382915,0.0196884709476635,"ok"
"tmp__glass_MNAR_10",2,"lrEMplus",1.10748841449904,0.223232403230678,"ok"
"tmp__glass_MNAR_10",3,"impKNNa",0.129335452158277,0.0258670904316592,"ok"
"tmp__glass_MNAR_10",3,"missForest",0.239768411626053,0.047953682325215,"ok"
"tmp__glass_MNAR_10",3,"lrEMplus",0.425466258901641,0.0880436891708154,"ok"
"tmp__glass_MNAR_10",4,"impKNNa",0.123666972914132,0.0154583716142721,"ok"
"tmp__glass_MNAR_10",4,"missForest",0.0985377949660255,0.0123172243707593,"ok"
"tmp__glass_MNAR_10",4,"lrEMplus",0.220583776733808,0.0319533662944366,"ok"
"tmp__glass_MNAR_10",5,"impKNNa",0.0989789082126999,0.0247447270531811,"ok"
"tmp__glass_MNAR_10",5,"missForest",0.185352587652116,0.0430815253321395,"ok"
"tmp__glass_MNAR_10",5,"lrEMplus",0.524423532351347,0.13888847394565,"ok"
"tmp__glass_MNAR_10",6,"impKNNa",0.0441265505244128,0.00330949128933682,"ok"
"tmp__glass_MNAR_10",6,"missForest",0.0459404871464172,0.00344553653598716,"ok"
"tmp__glass_MNAR_10",6,"lrEMplus",2.74908992684219,0.208898312451977,"ok"
"tmp__glass_MNAR_10",7,"impKNNa",0.221504918555936,0.0609138526028875,"ok"
"tmp__glass_MNAR_10",7,"missForest",0.155123137023363,0.0426588626814304,"ok"
"tmp__glass_MNAR_10",7,"lrEMplus",1.02127355251753,0.30711017069282,"ok"
"tmp__glass_MNAR_10",8,"impKNNa",0.219357930750631,0.022986136778421,"ok"
"tmp__glass_MNAR_10",8,"missForest",0.196246893732799,0.0228341149916133,"ok"
"tmp__glass_MNAR_10",8,"lrEMplus",0.602473605149599,0.0926801804411426,"ok"
"tmp__glass_MNAR_10",9,"impKNNa",0.0792333434812573,0.0118850015221934,"ok"
"tmp__glass_MNAR_10",9,"missForest",0.062174168717727,0.00932612530766477,"ok"
"tmp__glass_MNAR_10",9,"lrEMplus",0.269649089005298,0.0431679102455092,"ok"
"tmp__glass_MNAR_20",0,"impKNNa",0.149938075995623,0.0578640923349216,"ok"
"tmp__glass_MNAR_20",0,"missForest",0.137101531064818,0.0559429568237551,"ok"
"tmp__glass_MNAR_20",0,"lrEMplus",1.42539921125713,0.610561853774597,"ok"
"tmp__glass_MNAR_20",1,"impKNNa",0.118919666741435,0.0386488916909698,"ok"
"tmp__glass_MNAR_20",1,"missForest",0.175405574582068,0.0570068117391756,"ok"
"tmp__glass_MNAR_20",1,"lrEMplus",0.297387026186726,0.0998553508714654,"ok"
"tmp__glass_MNAR_20",10,"impKNNa",0.114172303247437,0.0243158789310097,"ok"
"tmp__glass_MNAR_20",10,"missForest",0.158161860725028,0.0353018448838206,"ok"
"tmp__glass_MNAR_20",10,"lrEMplus",0.385593921248965,0.113671697810828,"ok"
"tmp__glass_MNAR_20",11,"impKNNa",0.144742665265135,0.0402539760109441,"ok"
"tmp__glass_MNAR_20",11,"missForest",0.158882886423615,0.0452053495559476,"ok"
"tmp__glass_MNAR_20",11,"lrEMplus",0.337728745088035,0.147196007611814,"ok"
"tmp__glass_MNAR_20",12,"impKNNa",0.177484967944836,0.0640160903878026,"ok"
"tmp__glass_MNAR_20",12,"missForest",0.142782094766993,0.0583887203061565,"ok"
"tmp__glass_MNAR_20",12,"lrEMplus",1.19361085360642,0.517852345139985,"ok"
"tmp__glass_MNAR_20",13,"impKNNa",0.141367320719117,0.0360670315983175,"ok"
"tmp__glass_MNAR_20",13,"missForest",0.109391282273011,0.0268091766055921,"ok"
"tmp__glass_MNAR_20",13,"lrEMplus",0.723228436564231,0.215375373999867,"ok"
"tmp__glass_MNAR_20",14,"impKNNa",0.199146328729767,0.0813225024455196,"ok"
"tmp__glass_MNAR_20",14,"missForest",0.177374952379488,0.0847599811550822,"ok"
"tmp__glass_MNAR_20",14,"lrEMplus",0.756106470658239,0.392560100313938,"ok"
"tmp__glass_MNAR_20",15,"impKNNa",0.117331759807611,0.0401273104162701,"ok"
"tmp__glass_MNAR_20",15,"missForest",0.165180088088866,0.0606491790074067,"ok"
"tmp__glass_MNAR_20",15,"lrEMplus",NA,NA,"ERR: lrEM based on alr requires at least one complete column"
"tmp__glass_MNAR_20",16,"impKNNa",0.229274272573668,0.0898859494141973,"ok"
"tmp__glass_MNAR_20",16,"missForest",0.191229615737866,0.0753566206267006,"ok"
"tmp__glass_MNAR_20",16,"lrEMplus",NA,NA,"ERR: lrEM based on alr requires at least one complete column"
"tmp__glass_MNAR_20",17,"impKNNa",0.30285351773279,0.105850760343782,"ok"
"tmp__glass_MNAR_20",17,"missForest",0.180736828833815,0.0819162731048397,"ok"
"tmp__glass_MNAR_20",17,"lrEMplus",0.542042295281783,0.254976814989473,"ok"
"tmp__glass_MNAR_20",18,"impKNNa",0.249725192833432,0.103836697929098,"ok"
"tmp__glass_MNAR_20",18,"missForest",0.249812066081101,0.0976111442753563,"ok"
"tmp__glass_MNAR_20",18,"lrEMplus",0.680104859509724,0.292010572067068,"ok"
"tmp__glass_MNAR_20",19,"impKNNa",0.137701791239241,0.0609065002382529,"ok"
"tmp__glass_MNAR_20",19,"missForest",0.137503600329334,0.060681471638021,"ok"
"tmp__glass_MNAR_20",19,"lrEMplus",NA,NA,"ERR: Zero values not labelled as censored or missing values were found in the data set"
"tmp__glass_MNAR_20",2,"impKNNa",0.156455671248106,0.0704050520616509,"ok"
"tmp__glass_MNAR_20",2,"missForest",0.0954522220059343,0.041752633801979,"ok"
"tmp__glass_MNAR_20",2,"lrEMplus",0.414444307152357,0.186122184334985,"ok"
"tmp__glass_MNAR_20",3,"impKNNa",0.0982917001362485,0.0294875100408763,"ok"
"tmp__glass_MNAR_20",3,"missForest",0.181299651868126,0.0543898955604419,"ok"
"tmp__glass_MNAR_20",3,"lrEMplus",0.323612294234313,0.100022082599081,"ok"
"tmp__glass_MNAR_20",4,"impKNNa",0.213343848178781,0.0441623046223551,"ok"
"tmp__glass_MNAR_20",4,"missForest",0.177256502270316,0.0362231133262242,"ok"
"tmp__glass_MNAR_20",4,"lrEMplus",0.248998703130171,0.0730280594798593,"ok"
"tmp__glass_MNAR_20",5,"impKNNa",0.255681998045209,0.0852475688777112,"ok"
"tmp__glass_MNAR_20",5,"missForest",0.224258985750549,0.0891359991841558,"ok"
"tmp__glass_MNAR_20",5,"lrEMplus",378169.670919488,179630.605181219,"ok"
"tmp__glass_MNAR_20",6,"impKNNa",0.115120418349395,0.0374141359635573,"ok"
"tmp__glass_MNAR_20",6,"missForest",0.0895452676312959,0.0291022119801767,"ok"
"tmp__glass_MNAR_20",6,"lrEMplus",1.08304915998323,0.356270696386997,"ok"
"tmp__glass_MNAR_20",7,"impKNNa",0.193966638346027,0.0967618553603781,"ok"
"tmp__glass_MNAR_20",7,"missForest",0.138217143052264,0.0683223668416819,"ok"
"tmp__glass_MNAR_20",7,"lrEMplus",0.562676511972899,0.275248767378718,"ok"
"tmp__glass_MNAR_20",8,"impKNNa",0.204771477539361,0.0615261666476815,"ok"
"tmp__glass_MNAR_20",8,"missForest",0.211967437221884,0.0738338464901872,"ok"
"tmp__glass_MNAR_20",8,"lrEMplus",0.841995663052406,0.300083359089203,"ok"
"tmp__glass_MNAR_20",9,"impKNNa",0.176816602846405,0.0489559378016125,"ok"
"tmp__glass_MNAR_20",9,"missForest",0.158598414239676,0.0475795242719073,"ok"
"tmp__glass_MNAR_20",9,"lrEMplus",0.745419840584187,0.225307090647709,"ok"
"tmp__steel_MAR_10",0,"impKNNa",1.06808801462358,0.961995617113149,"ok"
"tmp__steel_MAR_10",0,"missForest",1.47404062293999,1.34712268503183,"ok"
"tmp__steel_MAR_10",0,"lrEMplus",NA,NA,"ERR: lrEM based on alr requires at least one complete column"
"tmp__steel_MAR_10",1,"impKNNa",1.42156482331351,0.838856886662923,"ok"
"tmp__steel_MAR_10",1,"missForest",1.50262252377036,1.27216238099361,"ok"
"tmp__steel_MAR_10",1,"lrEMplus",NA,NA,"ERR: lrEM based on alr requires at least one complete column"
"tmp__steel_MAR_10",10,"impKNNa",1.25392324452701,0.915423907956515,"ok"
"tmp__steel_MAR_10",10,"missForest",1.89478856842022,1.50261965890963,"ok"
"tmp__steel_MAR_10",10,"lrEMplus",9.32937342351567,9.06265206213886,"ok"
"tmp__steel_MAR_10",11,"impKNNa",0.784968801069237,0.622756802246402,"ok"
"tmp__steel_MAR_10",11,"missForest",1.32001613612436,1.10466520843877,"ok"
"tmp__steel_MAR_10",11,"lrEMplus",NA,NA,"ERR: lrEM based on alr requires at least one complete column"
"tmp__steel_MAR_10",12,"impKNNa",1.25922969393608,0.948644616831483,"ok"
"tmp__steel_MAR_10",12,"missForest",1.5283170123619,1.36011921179175,"ok"
"tmp__steel_MAR_10",12,"lrEMplus",NA,NA,"ERR: lrEM based on alr requires at least one complete column"
"tmp__steel_MAR_10",13,"impKNNa",0.960425191958688,0.944217932025897,"ok"
"tmp__steel_MAR_10",13,"missForest",1.41663105490959,1.3499497644394,"ok"
"tmp__steel_MAR_10",13,"lrEMplus",112063.464226996,121401.601240874,"ok"
"tmp__steel_MAR_10",14,"impKNNa",1.1536380582295,1.04544650203464,"ok"
"tmp__steel_MAR_10",14,"missForest",1.46583387077454,1.32626803613511,"ok"
"tmp__steel_MAR_10",14,"lrEMplus",NA,NA,"ERR: lrEM based on alr requires at least one complete column"
"tmp__steel_MAR_10",15,"impKNNa",0.971415270472307,0.731828056178698,"ok"
"tmp__steel_MAR_10",15,"missForest",2.02725548709079,1.42470474076877,"ok"
"tmp__steel_MAR_10",15,"lrEMplus",NA,NA,"ERR: lrEM based on alr requires at least one complete column"
"tmp__steel_MAR_10",16,"impKNNa",0.857595131385019,0.808719843466683,"ok"
"tmp__steel_MAR_10",16,"missForest",1.25183021141703,1.05431252172703,"ok"
"tmp__steel_MAR_10",16,"lrEMplus",NA,NA,"ERR: lrEM based on alr requires at least one complete column"
"tmp__steel_MAR_10",17,"impKNNa",1.48390784781251,0.727397431973739,"ok"
"tmp__steel_MAR_10",17,"missForest",1.39329562076165,1.10989820947081,"ok"
"tmp__steel_MAR_10",17,"lrEMplus",14.6531870954529,14.1189469429125,"ok"
"tmp__steel_MAR_10",18,"impKNNa",1.59275227576907,0.86744425693754,"ok"
"tmp__steel_MAR_10",18,"missForest",1.72508657127651,1.47010387947501,"ok"
"tmp__steel_MAR_10",18,"lrEMplus",NA,NA,"ERR: lrEM based on alr requires at least one complete column"
"tmp__steel_MAR_10",19,"impKNNa",1.57085875431994,1.22145744157701,"ok"
"tmp__steel_MAR_10",19,"missForest",1.42956668735523,1.45734959080653,"ok"
"tmp__steel_MAR_10",19,"lrEMplus",NA,NA,"ERR: lrEM based on alr requires at least one complete column"
"tmp__steel_MAR_10",2,"impKNNa",1.29527067970723,0.780652822505862,"ok"
"tmp__steel_MAR_10",2,"missForest",1.58959309865637,1.1988115956352,"ok"
"tmp__steel_MAR_10",2,"lrEMplus",NA,NA,"ERR: lrEM based on alr requires at least one complete column"
"tmp__steel_MAR_10",3,"impKNNa",1.20557511148725,1.05884601014144,"ok"
"tmp__steel_MAR_10",3,"missForest",1.38717329808606,1.28554295027557,"ok"
"tmp__steel_MAR_10",3,"lrEMplus",NA,NA,"ERR: lrEM based on alr requires at least one complete column"
"tmp__steel_MAR_10",4,"impKNNa",1.15060561706088,1.01071265394808,"ok"
"tmp__steel_MAR_10",4,"missForest",1.37796421712635,1.29734106671135,"ok"
"tmp__steel_MAR_10",4,"lrEMplus",117.513752125963,126.895100808989,"ok"
"tmp__steel_MAR_10",5,"impKNNa",1.00198555426872,0.802218093365199,"ok"
"tmp__steel_MAR_10",5,"missForest",1.28728522675922,1.25232869689423,"ok"
"tmp__steel_MAR_10",5,"lrEMplus",NA,NA,"ERR: lrEM based on alr requires at least one complete column"
"tmp__steel_MAR_10",6,"impKNNa",1.00145205279042,0.719874665735506,"ok"
"tmp__steel_MAR_10",6,"missForest",1.22351196997214,0.997759667506507,"ok"
"tmp__steel_MAR_10",6,"lrEMplus",NA,NA,"ERR: lrEM based on alr requires at least one complete column"
"tmp__steel_MAR_10",7,"impKNNa",1.30331773058243,0.945638905862477,"ok"
"tmp__steel_MAR_10",7,"missForest",1.54462324699224,1.34636728924727,"ok"
"tmp__steel_MAR_10",7,"lrEMplus",NA,NA,"ERR: lrEM based on alr requires at least one complete column"
"tmp__steel_MAR_10",8,"impKNNa",1.03421867831747,0.868197461121009,"ok"
"tmp__steel_MAR_10",8,"missForest",1.4381789072073,1.24044429621471,"ok"
"tmp__steel_MAR_10",8,"lrEMplus",NA,NA,"ERR: lrEM based on alr requires at least one complete column"
"tmp__steel_MAR_10",9,"impKNNa",1.67622328912174,0.911766954176562,"ok"
"tmp__steel_MAR_10",9,"missForest",1.61087831427899,1.24776458319695,"ok"
"tmp__steel_MAR_10",9,"lrEMplus",NA,NA,"ERR: lrEM based on alr requires at least one complete column"
"tmp__steel_MAR_20",0,"impKNNa",1.42942247309087,1.97707870386194,"ok"
"tmp__steel_MAR_20",0,"missForest",1.78752129585128,2.58042637600118,"ok"
"tmp__steel_MAR_20",0,"lrEMplus",NA,NA,"ERR: lrEM based on alr requires at least one complete column"
"tmp__steel_MAR_20",1,"impKNNa",2.27535542863343,2.81476727800864,"ok"
"tmp__steel_MAR_20",1,"missForest",1.61217288594741,2.48627606673946,"ok"
"tmp__steel_MAR_20",1,"lrEMplus",NA,NA,"ERR: lrEM based on alr requires at least one complete column"
"tmp__steel_MAR_20",10,"impKNNa",2.13766002291606,1.9622614315475,"ok"
"tmp__steel_MAR_20",10,"missForest",1.88552001514541,2.24542635585111,"ok"
"tmp__steel_MAR_20",10,"lrEMplus",NA,NA,"ERR: lrEM based on alr requires at least one complete column"
"tmp__steel_MAR_20",11,"impKNNa",1.55830913377657,2.36391315128283,"ok"
"tmp__steel_MAR_20",11,"missForest",1.48809282351189,2.17720238545172,"ok"
"tmp__steel_MAR_20",11,"lrEMplus",NA,NA,"ERR: lrEM based on alr requires at least one complete column"
"tmp__steel_MAR_20",12,"impKNNa",1.77871037264391,1.89221530262601,"ok"
"tmp__steel_MAR_20",12,"missForest",1.80301460800137,2.6342926385631,"ok"
"tmp__steel_MAR_20",12,"lrEMplus",NA,NA,"ERR: lrEM based on alr requires at least one complete column"
"tmp__steel_MAR_20",13,"impKNNa",2.10096304679954,2.26158380405355,"ok"
"tmp__steel_MAR_20",13,"missForest",1.51816233806477,2.23298838733225,"ok"
"tmp__steel_MAR_20",13,"lrEMplus",5067.50342505597,9880.15996975991,"ok"
"tmp__steel_MAR_20",14,"impKNNa",1.80560482861871,1.96471805682431,"ok"
"tmp__steel_MAR_20",14,"missForest",1.59723314828271,2.10998245871056,"ok"
"tmp__steel_MAR_20",14,"lrEMplus",NA,NA,"ERR: lrEM based on alr requires at least one complete column"
"tmp__steel_MAR_20",15,"impKNNa",1.71477341053221,1.81270403902938,"ok"
"tmp__steel_MAR_20",15,"missForest",1.73338864475443,2.2634547787956,"ok"
"tmp__steel_MAR_20",15,"lrEMplus",NA,NA,"ERR: lrEM based on alr requires at least one complete column"
"tmp__steel_MAR_20",16,"impKNNa",1.07032234077985,1.67039003434386,"ok"
"tmp__steel_MAR_20",16,"missForest",1.4436872918841,2.39164304135089,"ok"
"tmp__steel_MAR_20",16,"lrEMplus",NA,NA,"ERR: lrEM based on alr requires at least one complete column"
"tmp__steel_MAR_20",17,"impKNNa",1.73714631534953,2.09042954232892,"ok"
"tmp__steel_MAR_20",17,"missForest",1.65939835330601,2.41113091515834,"ok"
"tmp__steel_MAR_20",17,"lrEMplus",NA,NA,"ERR: lrEM based on alr requires at least one complete column"
"tmp__steel_MAR_20",18,"impKNNa",1.97674505512975,2.29343437171732,"ok"
"tmp__steel_MAR_20",18,"missForest",1.92957203400026,2.75793449963454,"ok"
"tmp__steel_MAR_20",18,"lrEMplus",NA,NA,"ERR: lrEM based on alr requires at least one complete column"
"tmp__steel_MAR_20",19,"impKNNa",1.71055165424517,2.25686888711227,"ok"
"tmp__steel_MAR_20",19,"missForest",1.68297351268332,2.50957008363534,"ok"
"tmp__steel_MAR_20",19,"lrEMplus",NA,NA,"ERR: lrEM based on alr requires at least one complete column"
"tmp__steel_MAR_20",2,"impKNNa",1.96306877405254,1.82500171752525,"ok"
"tmp__steel_MAR_20",2,"missForest",1.78500031827204,2.31777125928443,"ok"
"tmp__steel_MAR_20",2,"lrEMplus",NA,NA,"ERR: lrEM based on alr requires at least one complete column"
"tmp__steel_MAR_20",3,"impKNNa",1.94453682969003,2.53345953858864,"ok"
"tmp__steel_MAR_20",3,"missForest",1.67204456319418,2.57159027714771,"ok"
"tmp__steel_MAR_20",3,"lrEMplus",NA,NA,"ERR: lrEM based on alr requires at least one complete column"
"tmp__steel_MAR_20",4,"impKNNa",1.6596629146965,2.46234096125087,"ok"
"tmp__steel_MAR_20",4,"missForest",1.7452694237559,2.56465962985994,"ok"
"tmp__steel_MAR_20",4,"lrEMplus",NA,NA,"ERR: lrEM based on alr requires at least one complete column"
"tmp__steel_MAR_20",5,"impKNNa",1.887671896729,2.43654885912359,"ok"
"tmp__steel_MAR_20",5,"missForest",1.6296530102515,2.54691884572453,"ok"
"tmp__steel_MAR_20",5,"lrEMplus",NA,NA,"ERR: lrEM based on alr requires at least one complete column"
"tmp__steel_MAR_20",6,"impKNNa",1.327908343115,1.62134666645777,"ok"
"tmp__steel_MAR_20",6,"missForest",1.39867715022946,2.06377705737531,"ok"
"tmp__steel_MAR_20",6,"lrEMplus",NA,NA,"ERR: lrEM based on alr requires at least one complete column"
"tmp__steel_MAR_20",7,"impKNNa",1.75950039178802,1.97473989516922,"ok"
"tmp__steel_MAR_20",7,"missForest",1.79572444915754,2.36343618833945,"ok"
"tmp__steel_MAR_20",7,"lrEMplus",NA,NA,"ERR: lrEM based on alr requires at least one complete column"
"tmp__steel_MAR_20",8,"impKNNa",1.64790882060775,1.87561525046448,"ok"
"tmp__steel_MAR_20",8,"missForest",1.81091087557516,2.34546222704425,"ok"
"tmp__steel_MAR_20",8,"lrEMplus",NA,NA,"ERR: lrEM based on alr requires at least one complete column"
"tmp__steel_MAR_20",9,"impKNNa",1.65845395466405,1.9094183060843,"ok"
"tmp__steel_MAR_20",9,"missForest",1.82880771444935,2.37087364876518,"ok"
"tmp__steel_MAR_20",9,"lrEMplus",NA,NA,"ERR: lrEM based on alr requires at least one complete column"
"tmp__steel_MCAR_10",0,"impKNNa",1.45631873749334,1.14098622104054,"ok"
"tmp__steel_MCAR_10",0,"missForest",1.57018616104977,1.28137789087011,"ok"
"tmp__steel_MCAR_10",0,"lrEMplus",NA,NA,"ERR: lrEM based on alr requires at least one complete column"
"tmp__steel_MCAR_10",1,"impKNNa",1.26990327241418,1.01037595520448,"ok"
"tmp__steel_MCAR_10",1,"missForest",1.59303792392875,1.52370326012487,"ok"
"tmp__steel_MCAR_10",1,"lrEMplus",NA,NA,"ERR: lrEM based on alr requires at least one complete column"
"tmp__steel_MCAR_10",10,"impKNNa",1.51375874157928,1.21110274654788,"ok"
"tmp__steel_MCAR_10",10,"missForest",1.881908324754,1.58799598937943,"ok"
"tmp__steel_MCAR_10",10,"lrEMplus",NA,NA,"ERR: lrEM based on alr requires at least one complete column"
"tmp__steel_MCAR_10",11,"impKNNa",1.50517421405626,1.02112413438322,"ok"
"tmp__steel_MCAR_10",11,"missForest",1.89441020562247,1.52150828254838,"ok"
"tmp__steel_MCAR_10",11,"lrEMplus",NA,NA,"ERR: lrEM based on alr requires at least one complete column"
"tmp__steel_MCAR_10",12,"impKNNa",1.27297673108381,0.839496382364097,"ok"
"tmp__steel_MCAR_10",12,"missForest",1.31831358784534,1.3727358443316,"ok"
"tmp__steel_MCAR_10",12,"lrEMplus",NA,NA,"ERR: lrEM based on alr requires at least one complete column"
"tmp__steel_MCAR_10",13,"impKNNa",1.10478565292018,0.875674505638248,"ok"
"tmp__steel_MCAR_10",13,"missForest",1.74606436958048,1.48854273442098,"ok"
"tmp__steel_MCAR_10",13,"lrEMplus",NA,NA,"ERR: lrEM based on alr requires at least one complete column"
"tmp__steel_MCAR_10",14,"impKNNa",1.24247323366514,1.05916518912372,"ok"
"tmp__steel_MCAR_10",14,"missForest",1.80060208009125,1.54049941159512,"ok"
"tmp__steel_MCAR_10",14,"lrEMplus",NA,NA,"ERR: lrEM based on alr requires at least one complete column"
"tmp__steel_MCAR_10",15,"impKNNa",1.13412263531892,0.956283256911877,"ok"
"tmp__steel_MCAR_10",15,"missForest",1.61512746620932,1.38184210386637,"ok"
"tmp__steel_MCAR_10",15,"lrEMplus",10.7410404502339,11.1556356307766,"ok"
"tmp__steel_MCAR_10",16,"impKNNa",1.58720009098814,1.29720626272739,"ok"
"tmp__steel_MCAR_10",16,"missForest",1.66160577231972,1.36558858091979,"ok"
"tmp__steel_MCAR_10",16,"lrEMplus",30.6350284068283,31.9826604854985,"ok"
"tmp__steel_MCAR_10",17,"impKNNa",1.19628583306437,0.949472922114987,"ok"
"tmp__steel_MCAR_10",17,"missForest",1.34004373301393,1.07986878985182,"ok"
"tmp__steel_MCAR_10",17,"lrEMplus",466.12676734424,470.224203267767,"ok"
"tmp__steel_MCAR_10",18,"impKNNa",0.987938019617865,0.908333301512496,"ok"
"tmp__steel_MCAR_10",18,"missForest",1.49592735403816,1.39098615951505,"ok"
"tmp__steel_MCAR_10",18,"lrEMplus",NA,NA,"ERR: lrEM based on alr requires at least one complete column"
"tmp__steel_MCAR_10",19,"impKNNa",1.63449389091001,0.972525647218038,"ok"
"tmp__steel_MCAR_10",19,"missForest",1.88432935645211,1.55966479763507,"ok"
"tmp__steel_MCAR_10",19,"lrEMplus",NA,NA,"ERR: lrEM based on alr requires at least one complete column"
"tmp__steel_MCAR_10",2,"impKNNa",1.34011351690204,0.921271938283326,"ok"
"tmp__steel_MCAR_10",2,"missForest",1.40900276033811,1.0946606185166,"ok"
"tmp__steel_MCAR_10",2,"lrEMplus",10.1239869679381,10.0212036116673,"ok"
"tmp__steel_MCAR_10",3,"impKNNa",1.40297960180732,1.12305516529579,"ok"
"tmp__steel_MCAR_10",3,"missForest",1.639314602107,1.6936900134641,"ok"
"tmp__steel_MCAR_10",3,"lrEMplus",NA,NA,"ERR: lrEM based on alr requires at least one complete column"
"tmp__steel_MCAR_10",4,"impKNNa",1.2964703333347,1.03157466698782,"ok"
"tmp__steel_MCAR_10",4,"missForest",1.51717639902831,1.32633073656032,"ok"
"tmp__steel_MCAR_10",4,"lrEMplus",NA,NA,"ERR: lrEM based on alr requires at least one complete column"
"tmp__steel_MCAR_10",5,"impKNNa",1.4012140816287,1.03150712384706,"ok"
"tmp__steel_MCAR_10",5,"missForest",1.65043444439064,1.44916392449621,"ok"
"tmp__steel_MCAR_10",5,"lrEMplus",NA,NA,"ERR: lrEM based on alr requires at least one complete column"
"tmp__steel_MCAR_10",6,"impKNNa",1.03899910738816,0.808777812943713,"ok"
"tmp__steel_MCAR_10",6,"missForest",1.50040969177491,1.33910970260362,"ok"
"tmp__steel_MCAR_10",6,"lrEMplus",NA,NA,"ERR: lrEM based on alr requires at least one complete column"
"tmp__steel_MCAR_10",7,"impKNNa",1.45704445817197,1.0751154694897,"ok"
"tmp__steel_MCAR_10",7,"missForest",1.49228604092604,1.3464769189891,"ok"
"tmp__steel_MCAR_10",7,"lrEMplus",NA,NA,"ERR: lrEM based on alr requires at least one complete column"
"tmp__steel_MCAR_10",8,"impKNNa",1.26352138069092,1.00756285590347,"ok"
"tmp__steel_MCAR_10",8,"missForest",1.71510226338294,1.5059669788825,"ok"
"tmp__steel_MCAR_10",8,"lrEMplus",85016.3378569229,85582.3111149522,"ok"
"tmp__steel_MCAR_10",9,"impKNNa",1.57323305522828,0.79671700927329,"ok"
"tmp__steel_MCAR_10",9,"missForest",1.61274068294306,1.30364731216089,"ok"
"tmp__steel_MCAR_10",9,"lrEMplus",NA,NA,"ERR: lrEM based on alr requires at least one complete column"
"tmp__steel_MCAR_20",0,"impKNNa",2.00827096954713,2.56122104828512,"ok"
"tmp__steel_MCAR_20",0,"missForest",1.93004910867799,2.92135541882166,"ok"
"tmp__steel_MCAR_20",0,"lrEMplus",NA,NA,"ERR: lrEM based on alr requires at least one complete column"
"tmp__steel_MCAR_20",1,"impKNNa",1.84401599140836,3.06966620055859,"ok"
"tmp__steel_MCAR_20",1,"missForest",1.96892417157333,3.15165691079697,"ok"
"tmp__steel_MCAR_20",1,"lrEMplus",NA,NA,"ERR: lrEM based on alr requires at least one complete column"
"tmp__steel_MCAR_20",10,"impKNNa",2.21831955435579,2.52788224065647,"ok"
"tmp__steel_MCAR_20",10,"missForest",2.22099324904306,2.6243422994246,"ok"
"tmp__steel_MCAR_20",10,"lrEMplus",NA,NA,"ERR: lrEM based on alr requires at least one complete column"
"tmp__steel_MCAR_20",11,"impKNNa",2.44313932753674,3.17881771795597,"ok"
"tmp__steel_MCAR_20",11,"missForest",2.5244378275618,3.34847769109301,"ok"
"tmp__steel_MCAR_20",11,"lrEMplus",NA,NA,"ERR: lrEM based on alr requires at least one complete column"
"tmp__steel_MCAR_20",12,"impKNNa",1.76364965360794,2.40983034751147,"ok"
"tmp__steel_MCAR_20",12,"missForest",1.77803845873661,3.04490086873782,"ok"
"tmp__steel_MCAR_20",12,"lrEMplus",NA,NA,"ERR: lrEM based on alr requires at least one complete column"
"tmp__steel_MCAR_20",13,"impKNNa",2.55931450314783,2.67783401295089,"ok"
"tmp__steel_MCAR_20",13,"missForest",2.03554280062278,2.60470919328769,"ok"
"tmp__steel_MCAR_20",13,"lrEMplus",NA,NA,"ERR: lrEM based on alr requires at least one complete column"
"tmp__steel_MCAR_20",14,"impKNNa",1.74094281860202,2.30420807738496,"ok"
"tmp__steel_MCAR_20",14,"missForest",1.84650167672253,2.79663828079268,"ok"
"tmp__steel_MCAR_20",14,"lrEMplus",NA,NA,"ERR: lrEM based on alr requires at least one complete column"
"tmp__steel_MCAR_20",15,"impKNNa",1.72329131882105,2.5035583878842,"ok"
"tmp__steel_MCAR_20",15,"missForest",1.86036052682864,2.86387667542735,"ok"
"tmp__steel_MCAR_20",15,"lrEMplus",NA,NA,"ERR: lrEM based on alr requires at least one complete column"
"tmp__steel_MCAR_20",16,"impKNNa",2.40380483564259,2.71060417776104,"ok"
"tmp__steel_MCAR_20",16,"missForest",1.98949208895442,2.5119541873208,"ok"
"tmp__steel_MCAR_20",16,"lrEMplus",NA,NA,"ERR: lrEM based on alr requires at least one complete column"
"tmp__steel_MCAR_20",17,"impKNNa",1.8678347898352,2.69572326059684,"ok"
"tmp__steel_MCAR_20",17,"missForest",1.6775952883279,2.44347042730706,"ok"
"tmp__steel_MCAR_20",17,"lrEMplus",NA,NA,"ERR: lrEM based on alr requires at least one complete column"
"tmp__steel_MCAR_20",18,"impKNNa",1.77498988265128,2.19165860033536,"ok"
"tmp__steel_MCAR_20",18,"missForest",1.65515477172644,2.59623180851321,"ok"
"tmp__steel_MCAR_20",18,"lrEMplus",NA,NA,"ERR: lrEM based on alr requires at least one complete column"
"tmp__steel_MCAR_20",19,"impKNNa",2.07523151878127,2.57019951655842,"ok"
"tmp__steel_MCAR_20",19,"missForest",2.04089545911632,2.85321952075633,"ok"
"tmp__steel_MCAR_20",19,"lrEMplus",NA,NA,"ERR: lrEM based on alr requires at least one complete column"
"tmp__steel_MCAR_20",2,"impKNNa",2.15547513360986,2.4155791653393,"ok"
"tmp__steel_MCAR_20",2,"missForest",1.60562959782136,2.5056527761513,"ok"
"tmp__steel_MCAR_20",2,"lrEMplus",375829124.052848,826824072.244414,"ok"
"tmp__steel_MCAR_20",3,"impKNNa",2.78356641991086,3.21494450568847,"ok"
"tmp__steel_MCAR_20",3,"missForest",1.90035819182024,3.0923361900081,"ok"
"tmp__steel_MCAR_20",3,"lrEMplus",NA,NA,"ERR: lrEM based on alr requires at least one complete column"
"tmp__steel_MCAR_20",4,"impKNNa",2.38024253255159,3.13308588442994,"ok"
"tmp__steel_MCAR_20",4,"missForest",2.14315841833275,2.94778351118837,"ok"
"tmp__steel_MCAR_20",4,"lrEMplus",NA,NA,"ERR: lrEM based on alr requires at least one complete column"
"tmp__steel_MCAR_20",5,"impKNNa",2.26517824021529,2.66861918053938,"ok"
"tmp__steel_MCAR_20",5,"missForest",1.9328175626619,2.71234236465309,"ok"
"tmp__steel_MCAR_20",5,"lrEMplus",NA,NA,"ERR: lrEM based on alr requires at least one complete column"
"tmp__steel_MCAR_20",6,"impKNNa",2.80271877306735,3.0717528927741,"ok"
"tmp__steel_MCAR_20",6,"missForest",2.09203600132133,2.66784175868694,"ok"
"tmp__steel_MCAR_20",6,"lrEMplus",NA,NA,"ERR: lrEM based on alr requires at least one complete column"
"tmp__steel_MCAR_20",7,"impKNNa",1.91061251312844,2.17886714902595,"ok"
"tmp__steel_MCAR_20",7,"missForest",1.97110246988751,2.80429121141578,"ok"
"tmp__steel_MCAR_20",7,"lrEMplus",NA,NA,"ERR: lrEM based on alr requires at least one complete column"
"tmp__steel_MCAR_20",8,"impKNNa",2.31829963356818,1.95666206785167,"ok"
"tmp__steel_MCAR_20",8,"missForest",1.99793076857693,2.56356410567457,"ok"
"tmp__steel_MCAR_20",8,"lrEMplus",NA,NA,"ERR: lrEM based on alr requires at least one complete column"
"tmp__steel_MCAR_20",9,"impKNNa",1.93415434809478,2.2885083150997,"ok"
"tmp__steel_MCAR_20",9,"missForest",1.81149804342087,2.63590406273884,"ok"
"tmp__steel_MCAR_20",9,"lrEMplus",NA,NA,"ERR: lrEM based on alr requires at least one complete column"
"tmp__steel_MNAR_10",0,"impKNNa",0.808564202346026,0.736699254420667,"ok"
"tmp__steel_MNAR_10",0,"missForest",1.29835235548832,1.13409010514951,"ok"
"tmp__steel_MNAR_10",0,"lrEMplus",7.33021163058121,6.85540619759336,"ok"
"tmp__steel_MNAR_10",1,"impKNNa",1.32613565451944,0.703967142432797,"ok"
"tmp__steel_MNAR_10",1,"missForest",1.27136566739051,1.02145028443545,"ok"
"tmp__steel_MNAR_10",1,"lrEMplus",NA,NA,"ERR: lrEM based on alr requires at least one complete column"
"tmp__steel_MNAR_10",10,"impKNNa",0.715461640248106,0.616538925169738,"ok"
"tmp__steel_MNAR_10",10,"missForest",1.57249282858701,1.29206480267929,"ok"
"tmp__steel_MNAR_10",10,"lrEMplus",8.051594732913,7.18175407631001,"ok"
"tmp__steel_MNAR_10",11,"impKNNa",0.568953556531374,0.429317436890567,"ok"
"tmp__steel_MNAR_10",11,"missForest",1.21011619898688,0.882709005291732,"ok"
"tmp__steel_MNAR_10",11,"lrEMplus",NA,NA,"ERR: lrEM based on alr requires at least one complete column"
"tmp__steel_MNAR_10",12,"impKNNa",1.16142494512408,0.883153764981189,"ok"
"tmp__steel_MNAR_10",12,"missForest",1.33717128582497,1.10342355744264,"ok"
"tmp__steel_MNAR_10",12,"lrEMplus",4.59808860537027,3.86471713074028,"ok"
"tmp__steel_MNAR_10",13,"impKNNa",0.75241488482827,0.710820246337066,"ok"
"tmp__steel_MNAR_10",13,"missForest",1.29462290201149,1.18282283016864,"ok"
"tmp__steel_MNAR_10",13,"lrEMplus",449068.297560183,443080.324363554,"ok"
"tmp__steel_MNAR_10",14,"impKNNa",0.72682038556407,0.662803800550777,"ok"
"tmp__steel_MNAR_10",14,"missForest",0.956124987243032,0.868813822478674,"ok"
"tmp__steel_MNAR_10",14,"lrEMplus",NA,NA,"ERR: lrEM based on alr requires at least one complete column"
"tmp__steel_MNAR_10",15,"impKNNa",0.83867894787737,0.542695355180247,"ok"
"tmp__steel_MNAR_10",15,"missForest",1.35654313732498,1.06329834471617,"ok"
"tmp__steel_MNAR_10",15,"lrEMplus",5.78870831617742,4.79228665074364,"ok"
"tmp__steel_MNAR_10",16,"impKNNa",0.778892425653575,0.653396645855338,"ok"
"tmp__steel_MNAR_10",16,"missForest",1.08484847651349,0.890930152645516,"ok"
"tmp__steel_MNAR_10",16,"lrEMplus",NA,NA,"ERR: lrEM based on alr requires at least one complete column"
"tmp__steel_MNAR_10",17,"impKNNa",1.39169751967673,0.657553301748374,"ok"
"tmp__steel_MNAR_10",17,"missForest",0.983088548970339,0.780119012331904,"ok"
"tmp__steel_MNAR_10",17,"lrEMplus",5.31514255811804,4.47470767818437,"ok"
"tmp__steel_MNAR_10",18,"impKNNa",1.20058794653889,0.648766980287961,"ok"
"tmp__steel_MNAR_10",18,"missForest",1.62024071746749,1.30282562564049,"ok"
"tmp__steel_MNAR_10",18,"lrEMplus",NA,NA,"ERR: lrEM based on alr requires at least one complete column"
"tmp__steel_MNAR_10",19,"impKNNa",1.38560485080438,0.894647990986429,"ok"
"tmp__steel_MNAR_10",19,"missForest",1.37828639150837,1.25424633397165,"ok"
"tmp__steel_MNAR_10",19,"lrEMplus",NA,NA,"ERR: lrEM based on alr requires at least one complete column"
"tmp__steel_MNAR_10",2,"impKNNa",0.924837819308427,0.788143111049346,"ok"
"tmp__steel_MNAR_10",2,"missForest",1.50135083020885,1.14008997780759,"ok"
"tmp__steel_MNAR_10",2,"lrEMplus",NA,NA,"ERR: lrEM based on alr requires at least one complete column"
"tmp__steel_MNAR_10",3,"impKNNa",1.08813113998624,0.68645996089026,"ok"
"tmp__steel_MNAR_10",3,"missForest",1.17964480022151,0.926850959657742,"ok"
"tmp__steel_MNAR_10",3,"lrEMplus",NA,NA,"ERR: lrEM based on alr requires at least one complete column"
"tmp__steel_MNAR_10",4,"impKNNa",0.953572643344563,0.786426527214763,"ok"
"tmp__steel_MNAR_10",4,"missForest",1.22128142952149,1.04739690956286,"ok"
"tmp__steel_MNAR_10",4,"lrEMplus",248.711596094236,233.553780024956,"ok"
"tmp__steel_MNAR_10",5,"impKNNa",0.920003103874687,0.761844872176688,"ok"
"tmp__steel_MNAR_10",5,"missForest",1.27985692977179,1.19963838440711,"ok"
"tmp__steel_MNAR_10",5,"lrEMplus",NA,NA,"ERR: lrEM based on alr requires at least one complete column"
"tmp__steel_MNAR_10",6,"impKNNa",0.737595807536678,0.590567351685082,"ok"
"tmp__steel_MNAR_10",6,"missForest",1.10124029481949,0.885982268699702,"ok"
"tmp__steel_MNAR_10",6,"lrEMplus",NA,NA,"ERR: lrEM based on alr requires at least one complete column"
"tmp__steel_MNAR_10",7,"impKNNa",1.43593101007045,0.833631015634823,"ok"
"tmp__steel_MNAR_10",7,"missForest",1.31496493036767,1.0280689150749,"ok"
"tmp__steel_MNAR_10",7,"lrEMplus",NA,NA,"ERR: lrEM based on alr requires at least one complete column"
"tmp__steel_MNAR_10",8,"impKNNa",0.988023463924653,0.78487757388783,"ok"
"tmp__steel_MNAR_10",8,"missForest",1.37617633899086,1.05256631743891,"ok"
"tmp__steel_MNAR_10",8,"lrEMplus",NA,NA,"ERR: lrEM based on alr requires at least one complete column"
"tmp__steel_MNAR_10",9,"impKNNa",1.04698187673301,0.76871177229185,"ok"
"tmp__steel_MNAR_10",9,"missForest",1.21431030954409,0.859477976188718,"ok"
"tmp__steel_MNAR_10",9,"lrEMplus",NA,NA,"ERR: lrEM based on alr requires at least one complete column"
"tmp__steel_MNAR_20",0,"impKNNa",1.16502436037241,1.55206267203995,"ok"
"tmp__steel_MNAR_20",0,"missForest",1.50093941945349,2.366571490496,"ok"
"tmp__steel_MNAR_20",0,"lrEMplus",NA,NA,"ERR: lrEM based on alr requires at least one complete column"
"tmp__steel_MNAR_20",1,"impKNNa",1.87130350149456,2.05200312589577,"ok"
"tmp__steel_MNAR_20",1,"missForest",1.40548473109762,2.02763889763087,"ok"
"tmp__steel_MNAR_20",1,"lrEMplus",NA,NA,"ERR: lrEM based on alr requires at least one complete column"
"tmp__steel_MNAR_20",10,"impKNNa",2.01744627936718,1.87704364586491,"ok"
"tmp__steel_MNAR_20",10,"missForest",1.62104946274102,2.12535437260462,"ok"
"tmp__steel_MNAR_20",10,"lrEMplus",NA,NA,"ERR: lrEM based on alr requires at least one complete column"
"tmp__steel_MNAR_20",11,"impKNNa",1.18333003075181,1.61950130167245,"ok"
"tmp__steel_MNAR_20",11,"missForest",1.31596756167982,1.82375546467443,"ok"
"tmp__steel_MNAR_20",11,"lrEMplus",NA,NA,"ERR: lrEM based on alr requires at least one complete column"
"tmp__steel_MNAR_20",12,"impKNNa",1.38757154731534,1.77056488808796,"ok"
"tmp__steel_MNAR_20",12,"missForest",1.5604935378689,2.33193942418453,"ok"
"tmp__steel_MNAR_20",12,"lrEMplus",NA,NA,"ERR: lrEM based on alr requires at least one complete column"
"tmp__steel_MNAR_20",13,"impKNNa",1.46841070627708,1.95807672046545,"ok"
"tmp__steel_MNAR_20",13,"missForest",1.35938712193379,2.1278247696573,"ok"
"tmp__steel_MNAR_20",13,"lrEMplus",18918.7817687,34053.2177243029,"ok"
"tmp__steel_MNAR_20",14,"impKNNa",1.16265976498277,1.72271144957738,"ok"
"tmp__steel_MNAR_20",14,"missForest",1.3949395558889,1.89914280623175,"ok"
"tmp__steel_MNAR_20",14,"lrEMplus",NA,NA,"ERR: lrEM based on alr requires at least one complete column"
"tmp__steel_MNAR_20",15,"impKNNa",1.21032974190957,1.39173665421007,"ok"
"tmp__steel_MNAR_20",15,"missForest",1.62150094109071,2.08569856417216,"ok"
"tmp__steel_MNAR_20",15,"lrEMplus",NA,NA,"ERR: lrEM based on alr requires at least one complete column"
"tmp__steel_MNAR_20",16,"impKNNa",0.993238045344203,1.43738084567756,"ok"
"tmp__steel_MNAR_20",16,"missForest",1.19936942747638,1.89857065136754,"ok"
"tmp__steel_MNAR_20",16,"lrEMplus",NA,NA,"ERR: lrEM based on alr requires at least one complete column"
"tmp__steel_MNAR_20",17,"impKNNa",1.46823082308239,1.45518035013082,"ok"
"tmp__steel_MNAR_20",17,"missForest",1.520694911009,2.01596626674476,"ok"
"tmp__steel_MNAR_20",17,"lrEMplus",NA,NA,"ERR: lrEM based on alr requires at least one complete column"
"tmp__steel_MNAR_20",18,"impKNNa",1.77047033866899,1.96397429664681,"ok"
"tmp__steel_MNAR_20",18,"missForest",1.65013770280722,2.55848694764709,"ok"
"tmp__steel_MNAR_20",18,"lrEMplus",NA,NA,"ERR: lrEM based on alr requires at least one complete column"
"tmp__steel_MNAR_20",19,"impKNNa",1.32214245790634,1.67470191808758,"ok"
"tmp__steel_MNAR_20",19,"missForest",1.34521856100274,1.98279522208861,"ok"
"tmp__steel_MNAR_20",19,"lrEMplus",NA,NA,"ERR: lrEM based on alr requires at least one complete column"
"tmp__steel_MNAR_20",2,"impKNNa",1.65669543834716,1.50072769518102,"ok"
"tmp__steel_MNAR_20",2,"missForest",1.59571949091207,2.05245771831464,"ok"
"tmp__steel_MNAR_20",2,"lrEMplus",NA,NA,"ERR: lrEM based on alr requires at least one complete column"
"tmp__steel_MNAR_20",3,"impKNNa",1.63097532062218,1.90600378780577,"ok"
"tmp__steel_MNAR_20",3,"missForest",1.57836828443276,2.33573912149465,"ok"
"tmp__steel_MNAR_20",3,"lrEMplus",NA,NA,"ERR: lrEM based on alr requires at least one complete column"
"tmp__steel_MNAR_20",4,"impKNNa",1.25971501777247,1.87207284656619,"ok"
"tmp__steel_MNAR_20",4,"missForest",1.64375223364417,2.36924414409682,"ok"
"tmp__steel_MNAR_20",4,"lrEMplus",NA,NA,"ERR: lrEM based on alr requires at least one complete column"
"tmp__steel_MNAR_20",5,"impKNNa",1.44719783272481,1.75313425669756,"ok"
"tmp__steel_MNAR_20",5,"missForest",1.45548126634868,2.15104288702367,"ok"
"tmp__steel_MNAR_20",5,"lrEMplus",NA,NA,"ERR: lrEM based on alr requires at least one complete column"
"tmp__steel_MNAR_20",6,"impKNNa",1.16219783822638,1.28340730099284,"ok"
"tmp__steel_MNAR_20",6,"missForest",1.28342021572602,1.71426905781525,"ok"
"tmp__steel_MNAR_20",6,"lrEMplus",NA,NA,"ERR: lrEM based on alr requires at least one complete column"
"tmp__steel_MNAR_20",7,"impKNNa",1.36406966177254,1.44815029892279,"ok"
"tmp__steel_MNAR_20",7,"missForest",1.54222570935484,1.79306871471455,"ok"
"tmp__steel_MNAR_20",7,"lrEMplus",NA,NA,"ERR: lrEM based on alr requires at least one complete column"
"tmp__steel_MNAR_20",8,"impKNNa",1.14400587889156,1.49727109221908,"ok"
"tmp__steel_MNAR_20",8,"missForest",1.60610649967368,2.1572455895872,"ok"
"tmp__steel_MNAR_20",8,"lrEMplus",NA,NA,"ERR: lrEM based on alr requires at least one complete column"
"tmp__steel_MNAR_20",9,"impKNNa",1.32911735339646,1.64274398262024,"ok"
"tmp__steel_MNAR_20",9,"missForest",1.47801814784635,1.81007673734578,"ok"
"tmp__steel_MNAR_20",9,"lrEMplus",NA,NA,"ERR: lrEM based on alr requires at least one complete column"
"tmp__synthetic_MAR_10",0,"impKNNa",9.61190972222222,3.46151666666667,"ok"
"tmp__synthetic_MAR_10",0,"missForest",10.9234286229263,4.69296508732055,"ok"
"tmp__synthetic_MAR_10",0,"lrEMplus",NA,NA,"ERR: lrEM based on alr requires at least one complete column"
"tmp__synthetic_MAR_10",1,"impKNNa",10.739347826087,3.09218333333333,"ok"
"tmp__synthetic_MAR_10",1,"missForest",10.6070103609787,3.66080362287019,"ok"
"tmp__synthetic_MAR_10",1,"lrEMplus",NA,NA,"ERR: lrEM based on alr requires at least one complete column"
"tmp__synthetic_MAR_10",10,"impKNNa",11.5997008547009,3.33778333333333,"ok"
"tmp__synthetic_MAR_10",10,"missForest",10.3568782283891,3.54402547790119,"ok"
"tmp__synthetic_MAR_10",10,"lrEMplus",NA,NA,"ERR: lrEM based on alr requires at least one complete column"
"tmp__synthetic_MAR_10",11,"impKNNa",11.712578125,3.94216666666667,"ok"
"tmp__synthetic_MAR_10",11,"missForest",13.1339035250255,5.32407197664092,"ok"
"tmp__synthetic_MAR_10",11,"lrEMplus",NA,NA,"ERR: lrEM based on alr requires at least one complete column"
"tmp__synthetic_MAR_10",12,"impKNNa",11.185347826087,3.00238333333333,"ok"
"tmp__synthetic_MAR_10",12,"missForest",12.0744192396696,4.02794474130848,"ok"
"tmp__synthetic_MAR_10",12,"lrEMplus",NA,NA,"ERR: lrEM based on alr requires at least one complete column"
"tmp__synthetic_MAR_10",13,"impKNNa",12.1051773049645,4.07153333333333,"ok"
"tmp__synthetic_MAR_10",13,"missForest",10.4880015930602,3.90293157952835,"ok"
"tmp__synthetic_MAR_10",13,"lrEMplus",NA,NA,"ERR: lrEM based on alr requires at least one complete column"
"tmp__synthetic_MAR_10",14,"impKNNa",11.1300406504065,3.77758333333333,"ok"
"tmp__synthetic_MAR_10",14,"missForest",12.9523611847739,4.92754290636917,"ok"
"tmp__synthetic_MAR_10",14,"lrEMplus",NA,NA,"ERR: lrEM based on alr requires at least one complete column"
"tmp__synthetic_MAR_10",15,"impKNNa",10.9313888888889,2.56775,"ok"
"tmp__synthetic_MAR_10",15,"missForest",10.631417324931,2.96223027713195,"ok"
"tmp__synthetic_MAR_10",15,"lrEMplus",NA,NA,"ERR: lrEM based on alr requires at least one complete column"
"tmp__synthetic_MAR_10",16,"impKNNa",9.84491525423729,2.91123333333333,"ok"
"tmp__synthetic_MAR_10",16,"missForest",11.1806105944722,3.8364521792594,"ok"
"tmp__synthetic_MAR_10",16,"lrEMplus",NA,NA,"ERR: lrEM based on alr requires at least one complete column"
"tmp__synthetic_MAR_10",17,"impKNNa",11.7344537815126,3.2102,"ok"
"tmp__synthetic_MAR_10",17,"missForest",13.0802134440917,4.39885933631155,"ok"
"tmp__synthetic_MAR_10",17,"lrEMplus",NA,NA,"ERR: lrEM based on alr requires at least one complete column"
"tmp__synthetic_MAR_10",18,"impKNNa",9.66541666666667,3.0905,"ok"
"tmp__synthetic_MAR_10",18,"missForest",10.3119895439011,3.87748596822049,"ok"
"tmp__synthetic_MAR_10",18,"lrEMplus",NA,NA,"ERR: lrEM based on alr requires at least one complete column"
"tmp__synthetic_MAR_10",19,"impKNNa",11.3023931623932,3.1986,"ok"
"tmp__synthetic_MAR_10",19,"missForest",12.1749356220297,4.31080665153638,"ok"
"tmp__synthetic_MAR_10",19,"lrEMplus",NA,NA,"ERR: lrEM based on alr requires at least one complete column"
"tmp__synthetic_MAR_10",2,"impKNNa",10.7131081081081,3.24311666666667,"ok"
"tmp__synthetic_MAR_10",2,"missForest",9.81909509573348,2.99647169306289,"ok"
"tmp__synthetic_MAR_10",2,"lrEMplus",NA,NA,"ERR: lrEM based on alr requires at least one complete column"
"tmp__synthetic_MAR_10",3,"impKNNa",11.427925170068,4.67371666666667,"ok"
"tmp__synthetic_MAR_10",3,"missForest",12.7425891627928,5.5078519877831,"ok"
"tmp__synthetic_MAR_10",3,"lrEMplus",NA,NA,"ERR: lrEM based on alr requires at least one complete column"
"tmp__synthetic_MAR_10",4,"impKNNa",10.8083486238532,3.393,"ok"
"tmp__synthetic_MAR_10",4,"missForest",11.6260665404428,3.81258639416946,"ok"
"tmp__synthetic_MAR_10",4,"lrEMplus",NA,NA,"ERR: lrEM based on alr requires at least one complete column"
"tmp__synthetic_MAR_10",5,"impKNNa",10.0608450704225,3.8639,"ok"
"tmp__synthetic_MAR_10",5,"missForest",11.0411642914865,4.37014691842829,"ok"
"tmp__synthetic_MAR_10",5,"lrEMplus",NA,NA,"ERR: lrEM based on alr requires at least one complete column"
"tmp__synthetic_MAR_10",6,"impKNNa",10.4987878787879,2.73066666666667,"ok"
"tmp__synthetic_MAR_10",6,"missForest",12.0653400198149,3.73015568267234,"ok"
"tmp__synthetic_MAR_10",6,"lrEMplus",NA,NA,"ERR: lrEM based on alr requires at least one complete column"
"tmp__synthetic_MAR_10",7,"impKNNa",9.60771653543307,2.8108,"ok"
"tmp__synthetic_MAR_10",7,"missForest",12.6251268871221,4.5879117104021,"ok"
"tmp__synthetic_MAR_10",7,"lrEMplus",NA,NA,"ERR: lrEM based on alr requires at least one complete column"
"tmp__synthetic_MAR_10",8,"impKNNa",8.85207547169811,2.66056666666667,"ok"
"tmp__synthetic_MAR_10",8,"missForest",13.3363992930272,4.42196908829367,"ok"
"tmp__synthetic_MAR_10",8,"lrEMplus",NA,NA,"ERR: lrEM based on alr requires at least one complete column"
"tmp__synthetic_MAR_10",9,"impKNNa",12.0921621621622,3.2276,"ok"
"tmp__synthetic_MAR_10",9,"missForest",12.679485613872,3.99564083597142,"ok"
"tmp__synthetic_MAR_10",9,"lrEMplus",NA,NA,"ERR: lrEM based on alr requires at least one complete column"
"tmp__synthetic_MAR_20",0,"impKNNa",12.8350735294118,7.94896666666667,"ok"
"tmp__synthetic_MAR_20",0,"missForest",13.281176803664,10.1210263541995,"ok"
"tmp__synthetic_MAR_20",0,"lrEMplus",NA,NA,"ERR: lrEM based on alr requires at least one complete column"
"tmp__synthetic_MAR_20",1,"impKNNa",12.5483333333333,7.14726666666667,"ok"
"tmp__synthetic_MAR_20",1,"missForest",10.9641396871224,6.77777065078445,"ok"
"tmp__synthetic_MAR_20",1,"lrEMplus",NA,NA,"ERR: lrEM based on alr requires at least one complete column"
"tmp__synthetic_MAR_20",10,"impKNNa",13.6958299595142,6.8339,"ok"
"tmp__synthetic_MAR_20",10,"missForest",11.5621582845677,7.15500234665887,"ok"
"tmp__synthetic_MAR_20",10,"lrEMplus",NA,NA,"ERR: lrEM based on alr requires at least one complete column"
"tmp__synthetic_MAR_20",11,"impKNNa",14.0978685258964,8.27211666666667,"ok"
"tmp__synthetic_MAR_20",11,"missForest",13.6381649976444,9.64879231399371,"ok"
"tmp__synthetic_MAR_20",11,"lrEMplus",NA,NA,"ERR: lrEM based on alr requires at least one complete column"
"tmp__synthetic_MAR_20",12,"impKNNa",14.8083695652174,7.56521666666667,"ok"
"tmp__synthetic_MAR_20",12,"missForest",12.3602655689706,7.17471267271249,"ok"
"tmp__synthetic_MAR_20",12,"lrEMplus",NA,NA,"ERR: lrEM based on alr requires at least one complete column"
"tmp__synthetic_MAR_20",13,"impKNNa",13.7588715953307,7.47796666666667,"ok"
"tmp__synthetic_MAR_20",13,"missForest",12.5203217521236,7.74340000625354,"ok"
"tmp__synthetic_MAR_20",13,"lrEMplus",NA,NA,"ERR: lrEM based on alr requires at least one complete column"
"tmp__synthetic_MAR_20",14,"impKNNa",14.995826446281,7.51713333333333,"ok"
"tmp__synthetic_MAR_20",14,"missForest",12.6957520117666,8.45011778896244,"ok"
"tmp__synthetic_MAR_20",14,"lrEMplus",NA,NA,"ERR: lrEM based on alr requires at least one complete column"
"tmp__synthetic_MAR_20",15,"impKNNa",14.7652403846154,6.49283333333333,"ok"
"tmp__synthetic_MAR_20",15,"missForest",11.880632695814,7.04249370421144,"ok"
"tmp__synthetic_MAR_20",15,"lrEMplus",NA,NA,"ERR: lrEM based on alr requires at least one complete column"
"tmp__synthetic_MAR_20",16,"impKNNa",13.33376,6.9953,"ok"
"tmp__synthetic_MAR_20",16,"missForest",12.2427514026634,7.58790988369675,"ok"
"tmp__synthetic_MAR_20",16,"lrEMplus",NA,NA,"ERR: lrEM based on alr requires at least one complete column"
"tmp__synthetic_MAR_20",17,"impKNNa",14.6246926229508,7.34338333333333,"ok"
"tmp__synthetic_MAR_20",17,"missForest",12.2488588140363,7.72345387241783,"ok"
"tmp__synthetic_MAR_20",17,"lrEMplus",NA,NA,"ERR: lrEM based on alr requires at least one complete column"
"tmp__synthetic_MAR_20",18,"impKNNa",13.0647489539749,7.07255,"ok"
"tmp__synthetic_MAR_20",18,"missForest",12.8637291553362,8.31104818787569,"ok"
"tmp__synthetic_MAR_20",18,"lrEMplus",NA,NA,"ERR: lrEM based on alr requires at least one complete column"
"tmp__synthetic_MAR_20",19,"impKNNa",14.8214957264957,6.8742,"ok"
"tmp__synthetic_MAR_20",19,"missForest",12.1661217925793,7.71053359651803,"ok"
"tmp__synthetic_MAR_20",19,"lrEMplus",NA,NA,"ERR: lrEM based on alr requires at least one complete column"
"tmp__synthetic_MAR_20",2,"impKNNa",14.9045041322314,7.20306666666667,"ok"
"tmp__synthetic_MAR_20",2,"missForest",12.1463720404698,7.2067007339737,"ok"
"tmp__synthetic_MAR_20",2,"lrEMplus",NA,NA,"ERR: lrEM based on alr requires at least one complete column"
"tmp__synthetic_MAR_20",3,"impKNNa",13.0870411985019,8.24763333333333,"ok"
"tmp__synthetic_MAR_20",3,"missForest",13.6221088381395,9.60579937746317,"ok"
"tmp__synthetic_MAR_20",3,"lrEMplus",NA,NA,"ERR: lrEM based on alr requires at least one complete column"
"tmp__synthetic_MAR_20",4,"impKNNa",15.6580172413793,7.02056666666667,"ok"
"tmp__synthetic_MAR_20",4,"missForest",12.6137368902818,8.18074734678255,"ok"
"tmp__synthetic_MAR_20",4,"lrEMplus",NA,NA,"ERR: lrEM based on alr requires at least one complete column"
"tmp__synthetic_MAR_20",5,"impKNNa",11.424749034749,7.06866666666667,"ok"
"tmp__synthetic_MAR_20",5,"missForest",11.3609671809266,7.76835265384321,"ok"
"tmp__synthetic_MAR_20",5,"lrEMplus",NA,NA,"ERR: lrEM based on alr requires at least one complete column"
"tmp__synthetic_MAR_20",6,"impKNNa",13.7861415525114,6.22878333333333,"ok"
"tmp__synthetic_MAR_20",6,"missForest",12.1735607034206,7.34240750515222,"ok"
"tmp__synthetic_MAR_20",6,"lrEMplus",NA,NA,"ERR: lrEM based on alr requires at least one complete column"
"tmp__synthetic_MAR_20",7,"impKNNa",13.4250806451613,6.7103,"ok"
"tmp__synthetic_MAR_20",7,"missForest",12.7294507173109,8.22185601550007,"ok"
"tmp__synthetic_MAR_20",7,"lrEMplus",NA,NA,"ERR: lrEM based on alr requires at least one complete column"
"tmp__synthetic_MAR_20",8,"impKNNa",12.5091860465116,5.84215,"ok"
"tmp__synthetic_MAR_20",8,"missForest",12.3846645516023,7.59448993345184,"ok"
"tmp__synthetic_MAR_20",8,"lrEMplus",NA,NA,"ERR: lrEM based on alr requires at least one complete column"
"tmp__synthetic_MAR_20",9,"impKNNa",15.0357510729614,6.51926666666667,"ok"
"tmp__synthetic_MAR_20",9,"missForest",12.7824400339935,7.24243918895217,"ok"
"tmp__synthetic_MAR_20",9,"lrEMplus",NA,NA,"ERR: lrEM based on alr requires at least one complete column"
"tmp__synthetic_MCAR_10",0,"impKNNa",11.9861258278146,4.33978333333333,"ok"
"tmp__synthetic_MCAR_10",0,"missForest",14.7144949524386,6.43236673562021,"ok"
"tmp__synthetic_MCAR_10",0,"lrEMplus",NA,NA,"ERR: lrEM based on alr requires at least one complete column"
"tmp__synthetic_MCAR_10",1,"impKNNa",10.6312878787879,3.3926,"ok"
"tmp__synthetic_MCAR_10",1,"missForest",12.7452870240129,4.87984730462889,"ok"
"tmp__synthetic_MCAR_10",1,"lrEMplus",NA,NA,"ERR: lrEM based on alr requires at least one complete column"
"tmp__synthetic_MCAR_10",10,"impKNNa",11.4105223880597,3.97106666666667,"ok"
"tmp__synthetic_MCAR_10",10,"missForest",13.8388512328844,5.54900496549224,"ok"
"tmp__synthetic_MCAR_10",10,"lrEMplus",NA,NA,"ERR: lrEM based on alr requires at least one complete column"
"tmp__synthetic_MCAR_10",11,"impKNNa",12.3024615384615,3.30256666666667,"ok"
"tmp__synthetic_MCAR_10",11,"missForest",13.4312999438928,4.89326787271876,"ok"
"tmp__synthetic_MCAR_10",11,"lrEMplus",NA,NA,"ERR: lrEM based on alr requires at least one complete column"
"tmp__synthetic_MCAR_10",12,"impKNNa",12.0791549295775,4.24273333333333,"ok"
"tmp__synthetic_MCAR_10",12,"missForest",13.0935353507555,5.36322514653731,"ok"
"tmp__synthetic_MCAR_10",12,"lrEMplus",NA,NA,"ERR: lrEM based on alr requires at least one complete column"
"tmp__synthetic_MCAR_10",13,"impKNNa",12.6839285714286,5.00271666666667,"ok"
"tmp__synthetic_MCAR_10",13,"missForest",13.6214666062707,6.0108287943522,"ok"
"tmp__synthetic_MCAR_10",13,"lrEMplus",NA,NA,"ERR: lrEM based on alr requires at least one complete column"
"tmp__synthetic_MCAR_10",14,"impKNNa",12.2074087591241,3.94825,"ok"
"tmp__synthetic_MCAR_10",14,"missForest",13.5353143137137,5.19922910298847,"ok"
"tmp__synthetic_MCAR_10",14,"lrEMplus",NA,NA,"ERR: lrEM based on alr requires at least one complete column"
"tmp__synthetic_MCAR_10",15,"impKNNa",12.5053781512605,3.8586,"ok"
"tmp__synthetic_MCAR_10",15,"missForest",14.5216617719939,5.41015421139954,"ok"
"tmp__synthetic_MCAR_10",15,"lrEMplus",NA,NA,"ERR: lrEM based on alr requires at least one complete column"
"tmp__synthetic_MCAR_10",16,"impKNNa",11.8869064748201,4.1941,"ok"
"tmp__synthetic_MCAR_10",16,"missForest",14.6519081375548,5.97573947428152,"ok"
"tmp__synthetic_MCAR_10",16,"lrEMplus",NA,NA,"ERR: lrEM based on alr requires at least one complete column"
"tmp__synthetic_MCAR_10",17,"impKNNa",10.65592,3.63966666666667,"ok"
"tmp__synthetic_MCAR_10",17,"missForest",13.7923788790338,5.25677170241609,"ok"
"tmp__synthetic_MCAR_10",17,"lrEMplus",NA,NA,"ERR: lrEM based on alr requires at least one complete column"
"tmp__synthetic_MCAR_10",18,"impKNNa",12.4457777777778,3.96843333333333,"ok"
"tmp__synthetic_MCAR_10",18,"missForest",13.2514730049633,5.19360629495295,"ok"
"tmp__synthetic_MCAR_10",18,"lrEMplus",NA,NA,"ERR: lrEM based on alr requires at least one complete column"
"tmp__synthetic_MCAR_10",19,"impKNNa",10.3408333333333,3.73011666666667,"ok"
"tmp__synthetic_MCAR_10",19,"missForest",13.5042965932909,5.3842709448838,"ok"
"tmp__synthetic_MCAR_10",19,"lrEMplus",NA,NA,"ERR: lrEM based on alr requires at least one complete column"
"tmp__synthetic_MCAR_10",2,"impKNNa",11.6574264705882,4.1137,"ok"
"tmp__synthetic_MCAR_10",2,"missForest",11.9044058598961,4.55646336214007,"ok"
"tmp__synthetic_MCAR_10",2,"lrEMplus",NA,NA,"ERR: lrEM based on alr requires at least one complete column"
"tmp__synthetic_MCAR_10",3,"impKNNa",11.4676265822785,4.30235,"ok"
"tmp__synthetic_MCAR_10",3,"missForest",12.1377158496392,5.6007756785602,"ok"
"tmp__synthetic_MCAR_10",3,"lrEMplus",NA,NA,"ERR: lrEM based on alr requires at least one complete column"
"tmp__synthetic_MCAR_10",4,"impKNNa",10.7954230769231,3.86411666666667,"ok"
"tmp__synthetic_MCAR_10",4,"missForest",13.8107220870231,5.69323317077228,"ok"
"tmp__synthetic_MCAR_10",4,"lrEMplus",NA,NA,"ERR: lrEM based on alr requires at least one complete column"
"tmp__synthetic_MCAR_10",5,"impKNNa",12.4372222222222,4.45171666666667,"ok"
"tmp__synthetic_MCAR_10",5,"missForest",13.1888336541458,6.04647552359558,"ok"
"tmp__synthetic_MCAR_10",5,"lrEMplus",NA,NA,"ERR: lrEM based on alr requires at least one complete column"
"tmp__synthetic_MCAR_10",6,"impKNNa",11.5914566929134,3.53548333333333,"ok"
"tmp__synthetic_MCAR_10",6,"missForest",13.6567366270486,5.18964291811513,"ok"
"tmp__synthetic_MCAR_10",6,"lrEMplus",NA,NA,"ERR: lrEM based on alr requires at least one complete column"
"tmp__synthetic_MCAR_10",7,"impKNNa",10.8948863636364,3.42825,"ok"
"tmp__synthetic_MCAR_10",7,"missForest",12.8057113758323,4.84547419688854,"ok"
"tmp__synthetic_MCAR_10",7,"lrEMplus",NA,NA,"ERR: lrEM based on alr requires at least one complete column"
"tmp__synthetic_MCAR_10",8,"impKNNa",12.8711029411765,3.9197,"ok"
"tmp__synthetic_MCAR_10",8,"missForest",13.6361860236157,5.63053175264134,"ok"
"tmp__synthetic_MCAR_10",8,"lrEMplus",NA,NA,"ERR: lrEM based on alr requires at least one complete column"
"tmp__synthetic_MCAR_10",9,"impKNNa",13.2597457627119,3.43923333333333,"ok"
"tmp__synthetic_MCAR_10",9,"missForest",13.927437144091,5.0090023417578,"ok"
"tmp__synthetic_MCAR_10",9,"lrEMplus",NA,NA,"ERR: lrEM based on alr requires at least one complete column"
"tmp__synthetic_MCAR_20",0,"impKNNa",14.0163684210526,8.28448333333333,"ok"
"tmp__synthetic_MCAR_20",0,"missForest",14.5083234401631,11.0433121105397,"ok"
"tmp__synthetic_MCAR_20",0,"lrEMplus",NA,NA,"ERR: lrEM based on alr requires at least one complete column"
"tmp__synthetic_MCAR_20",1,"impKNNa",12.6466541353383,7.3148,"ok"
"tmp__synthetic_MCAR_20",1,"missForest",13.063858957269,9.10465846094339,"ok"
"tmp__synthetic_MCAR_20",1,"lrEMplus",NA,NA,"ERR: lrEM based on alr requires at least one complete column"
"tmp__synthetic_MCAR_20",10,"impKNNa",13.1700557620818,7.75105,"ok"
"tmp__synthetic_MCAR_20",10,"missForest",15.1176433777763,11.5986326559419,"ok"
"tmp__synthetic_MCAR_20",10,"lrEMplus",NA,NA,"ERR: lrEM based on alr requires at least one complete column"
"tmp__synthetic_MCAR_20",11,"impKNNa",15.227890070922,8.17108333333333,"ok"
"tmp__synthetic_MCAR_20",11,"missForest",14.5294861504024,11.2890327543899,"ok"
"tmp__synthetic_MCAR_20",11,"lrEMplus",NA,NA,"ERR: lrEM based on alr requires at least one complete column"
"tmp__synthetic_MCAR_20",12,"impKNNa",13.7538869257951,8.206,"ok"
"tmp__synthetic_MCAR_20",12,"missForest",14.5513507824497,11.8519145127973,"ok"
"tmp__synthetic_MCAR_20",12,"lrEMplus",NA,NA,"ERR: lrEM based on alr requires at least one complete column"
"tmp__synthetic_MCAR_20",13,"impKNNa",13.4723880597015,7.94693333333333,"ok"
"tmp__synthetic_MCAR_20",13,"missForest",14.455864520318,9.98465720198506,"ok"
"tmp__synthetic_MCAR_20",13,"lrEMplus",NA,NA,"ERR: lrEM based on alr requires at least one complete column"
"tmp__synthetic_MCAR_20",14,"impKNNa",15.9791754385965,7.93985,"ok"
"tmp__synthetic_MCAR_20",14,"missForest",15.5569748590841,11.2544597625607,"ok"
"tmp__synthetic_MCAR_20",14,"lrEMplus",NA,NA,"ERR: lrEM based on alr requires at least one complete column"
"tmp__synthetic_MCAR_20",15,"impKNNa",15.3951879699248,8.4183,"ok"
"tmp__synthetic_MCAR_20",15,"missForest",15.4589717095719,11.6851781308818,"ok"
"tmp__synthetic_MCAR_20",15,"lrEMplus",NA,NA,"ERR: lrEM based on alr requires at least one complete column"
"tmp__synthetic_MCAR_20",16,"impKNNa",14.3916666666667,7.29595,"ok"
"tmp__synthetic_MCAR_20",16,"missForest",14.8276354492695,11.1435962851102,"ok"
"tmp__synthetic_MCAR_20",16,"lrEMplus",NA,NA,"ERR: lrEM based on alr requires at least one complete column"
"tmp__synthetic_MCAR_20",17,"impKNNa",14.5132481751825,7.92946666666667,"ok"
"tmp__synthetic_MCAR_20",17,"missForest",14.2296368318027,10.4719209716233,"ok"
"tmp__synthetic_MCAR_20",17,"lrEMplus",NA,NA,"ERR: lrEM based on alr requires at least one complete column"
"tmp__synthetic_MCAR_20",18,"impKNNa",15.210306122449,8.4006,"ok"
"tmp__synthetic_MCAR_20",18,"missForest",14.9582353278018,11.7591017249519,"ok"
"tmp__synthetic_MCAR_20",18,"lrEMplus",NA,NA,"ERR: lrEM based on alr requires at least one complete column"
"tmp__synthetic_MCAR_20",19,"impKNNa",12.5556810035842,6.85688333333333,"ok"
"tmp__synthetic_MCAR_20",19,"missForest",13.4080111359918,9.58995586411555,"ok"
"tmp__synthetic_MCAR_20",19,"lrEMplus",NA,NA,"ERR: lrEM based on alr requires at least one complete column"
"tmp__synthetic_MCAR_20",2,"impKNNa",12.9626677316294,8.68508333333333,"ok"
"tmp__synthetic_MCAR_20",2,"missForest",13.2985770558613,11.9049861813454,"ok"
"tmp__synthetic_MCAR_20",2,"lrEMplus",NA,NA,"ERR: lrEM based on alr requires at least one complete column"
"tmp__synthetic_MCAR_20",3,"impKNNa",13.3816842105263,8.02603333333333,"ok"
"tmp__synthetic_MCAR_20",3,"missForest",13.1272255987792,10.2347611979685,"ok"
"tmp__synthetic_MCAR_20",3,"lrEMplus",NA,NA,"ERR: lrEM based on alr requires at least one complete column"
"tmp__synthetic_MCAR_20",4,"impKNNa",13.2673473282443,8.10451666666667,"ok"
"tmp__synthetic_MCAR_20",4,"missForest",14.0599463960139,10.2726899917803,"ok"
"tmp__synthetic_MCAR_20",4,"lrEMplus",NA,NA,"ERR: lrEM based on alr requires at least one complete column"
"tmp__synthetic_MCAR_20",5,"impKNNa",15.6038368055556,8.55645,"ok"
"tmp__synthetic_MCAR_20",5,"missForest",14.5308918840925,11.6377378227494,"ok"
"tmp__synthetic_MCAR_20",5,"lrEMplus",NA,NA,"ERR: lrEM based on alr requires at least one complete column"
"tmp__synthetic_MCAR_20",6,"impKNNa",14.7906319702602,7.54916666666667,"ok"
"tmp__synthetic_MCAR_20",6,"missForest",14.1382157642797,10.3942611596631,"ok"
"tmp__synthetic_MCAR_20",6,"lrEMplus",NA,NA,"ERR: lrEM based on alr requires at least one complete column"
"tmp__synthetic_MCAR_20",7,"impKNNa",15.9446360153257,7.32923333333333,"ok"
"tmp__synthetic_MCAR_20",7,"missForest",15.0777719595624,9.53586145393424,"ok"
"tmp__synthetic_MCAR_20",7,"lrEMplus",NA,NA,"ERR: lrEM based on alr requires at least one complete column"
"tmp__synthetic_MCAR_20",8,"impKNNa",14.1477407407407,8.13626666666667,"ok"
"tmp__synthetic_MCAR_20",8,"missForest",14.6259548300368,11.1912261272959,"ok"
"tmp__synthetic_MCAR_20",8,"lrEMplus",NA,NA,"ERR: lrEM based on alr requires at least one complete column"
"tmp__synthetic_MCAR_20",9,"impKNNa",15.67619140625,7.11901666666667,"ok"
"tmp__synthetic_MCAR_20",9,"missForest",13.6558733416297,9.40316046702091,"ok"
"tmp__synthetic_MCAR_20",9,"lrEMplus",NA,NA,"ERR: lrEM based on alr requires at least one complete column"
"tmp__synthetic_MNAR_10",0,"impKNNa",9.80634328358209,3.29476666666667,"ok"
"tmp__synthetic_MNAR_10",0,"missForest",11.323058570887,4.61203597181908,"ok"
"tmp__synthetic_MNAR_10",0,"lrEMplus",NA,NA,"ERR: lrEM based on alr requires at least one complete column"
"tmp__synthetic_MNAR_10",1,"impKNNa",9.53552380952381,2.6941,"ok"
"tmp__synthetic_MNAR_10",1,"missForest",9.14716721605177,2.8913887105513,"ok"
"tmp__synthetic_MNAR_10",1,"lrEMplus",NA,NA,"ERR: lrEM based on alr requires at least one complete column"
"tmp__synthetic_MNAR_10",10,"impKNNa",11.6042924528302,3.00258333333333,"ok"
"tmp__synthetic_MNAR_10",10,"missForest",9.43361158767679,2.91150747309802,"ok"
"tmp__synthetic_MNAR_10",10,"lrEMplus",NA,NA,"ERR: lrEM based on alr requires at least one complete column"
"tmp__synthetic_MNAR_10",11,"impKNNa",10.6294642857143,3.3063,"ok"
"tmp__synthetic_MNAR_10",11,"missForest",11.6106113525548,4.07003302662149,"ok"
"tmp__synthetic_MNAR_10",11,"lrEMplus",NA,NA,"ERR: lrEM based on alr requires at least one complete column"
"tmp__synthetic_MNAR_10",12,"impKNNa",10.5433663366337,2.64933333333333,"ok"
"tmp__synthetic_MNAR_10",12,"missForest",10.7782297767733,3.24774445006145,"ok"
"tmp__synthetic_MNAR_10",12,"lrEMplus",NA,NA,"ERR: lrEM based on alr requires at least one complete column"
"tmp__synthetic_MNAR_10",13,"impKNNa",11.2017054263566,3.61296666666667,"ok"
"tmp__synthetic_MNAR_10",13,"missForest",9.61301468612652,3.36714458387271,"ok"
"tmp__synthetic_MNAR_10",13,"lrEMplus",NA,NA,"ERR: lrEM based on alr requires at least one complete column"
"tmp__synthetic_MNAR_10",14,"impKNNa",10.6318691588785,3.2174,"ok"
"tmp__synthetic_MNAR_10",14,"missForest",11.1424949354094,3.71489638919472,"ok"
"tmp__synthetic_MNAR_10",14,"lrEMplus",NA,NA,"ERR: lrEM based on alr requires at least one complete column"
"tmp__synthetic_MNAR_10",15,"impKNNa",10.1837654320988,2.30878333333333,"ok"
"tmp__synthetic_MNAR_10",15,"missForest",9.55777241112848,2.43314737970518,"ok"
"tmp__synthetic_MNAR_10",15,"lrEMplus",NA,NA,"ERR: lrEM based on alr requires at least one complete column"
"tmp__synthetic_MNAR_10",16,"impKNNa",9.47907079646018,2.75791666666667,"ok"
"tmp__synthetic_MNAR_10",16,"missForest",10.6160620700668,3.5093629374275,"ok"
"tmp__synthetic_MNAR_10",16,"lrEMplus",NA,NA,"ERR: lrEM based on alr requires at least one complete column"
"tmp__synthetic_MNAR_10",17,"impKNNa",11.6466203703704,2.95885,"ok"
"tmp__synthetic_MNAR_10",17,"missForest",11.0265157310404,3.24200495034796,"ok"
"tmp__synthetic_MNAR_10",17,"lrEMplus",NA,NA,"ERR: lrEM based on alr requires at least one complete column"
"tmp__synthetic_MNAR_10",18,"impKNNa",9.36612612612613,2.79183333333333,"ok"
"tmp__synthetic_MNAR_10",18,"missForest",9.67036174761317,3.3198513068984,"ok"
"tmp__synthetic_MNAR_10",18,"lrEMplus",NA,NA,"ERR: lrEM based on alr requires at least one complete column"
"tmp__synthetic_MNAR_10",19,"impKNNa",11.5647142857143,3.12821666666667,"ok"
"tmp__synthetic_MNAR_10",19,"missForest",10.7774140222724,3.43624274330346,"ok"
"tmp__synthetic_MNAR_10",19,"lrEMplus",NA,NA,"ERR: lrEM based on alr requires at least one complete column"
"tmp__synthetic_MNAR_10",2,"impKNNa",9.26194174757282,2.9316,"ok"
"tmp__synthetic_MNAR_10",2,"missForest",8.46336408582384,2.63821523557384,"ok"
"tmp__synthetic_MNAR_10",2,"lrEMplus",NA,NA,"ERR: lrEM based on alr requires at least one complete column"
"tmp__synthetic_MNAR_10",3,"impKNNa",10.2996538461538,3.45658333333333,"ok"
"tmp__synthetic_MNAR_10",3,"missForest",11.6121319364897,4.32409146418582,"ok"
"tmp__synthetic_MNAR_10",3,"lrEMplus",NA,NA,"ERR: lrEM based on alr requires at least one complete column"
"tmp__synthetic_MNAR_10",4,"impKNNa",9.59826315789474,2.59485,"ok"
"tmp__synthetic_MNAR_10",4,"missForest",10.6103662316934,3.09776677941181,"ok"
"tmp__synthetic_MNAR_10",4,"lrEMplus",NA,NA,"ERR: lrEM based on alr requires at least one complete column"
"tmp__synthetic_MNAR_10",5,"impKNNa",10.0302307692308,3.51143333333333,"ok"
"tmp__synthetic_MNAR_10",5,"missForest",9.80675032516326,3.27400075355548,"ok"
"tmp__synthetic_MNAR_10",5,"lrEMplus",NA,NA,"ERR: lrEM based on alr requires at least one complete column"
"tmp__synthetic_MNAR_10",6,"impKNNa",10.3149438202247,2.42256666666667,"ok"
"tmp__synthetic_MNAR_10",6,"missForest",9.9645816808962,2.71430229470965,"ok"
"tmp__synthetic_MNAR_10",6,"lrEMplus",NA,NA,"ERR: lrEM based on alr requires at least one complete column"
"tmp__synthetic_MNAR_10",7,"impKNNa",9.25452586206896,2.55541666666667,"ok"
"tmp__synthetic_MNAR_10",7,"missForest",11.4300140409532,3.73815814653945,"ok"
"tmp__synthetic_MNAR_10",7,"lrEMplus",NA,NA,"ERR: lrEM based on alr requires at least one complete column"
"tmp__synthetic_MNAR_10",8,"impKNNa",9.50188775510204,2.55138333333333,"ok"
"tmp__synthetic_MNAR_10",8,"missForest",12.6996255786151,3.86006233576197,"ok"
"tmp__synthetic_MNAR_10",8,"lrEMplus",NA,NA,"ERR: lrEM based on alr requires at least one complete column"
"tmp__synthetic_MNAR_10",9,"impKNNa",11.0874468085106,2.6339,"ok"
"tmp__synthetic_MNAR_10",9,"missForest",10.2568189123597,2.84747725112352,"ok"
"tmp__synthetic_MNAR_10",9,"lrEMplus",NA,NA,"ERR: lrEM based on alr requires at least one complete column"
"tmp__synthetic_MNAR_20",0,"impKNNa",13.022,7.8358,"ok"
"tmp__synthetic_MNAR_20",0,"missForest",11.3077033050992,7.64986570104672,"ok"
"tmp__synthetic_MNAR_20",0,"lrEMplus",NA,NA,"ERR: lrEM based on alr requires at least one complete column"
"tmp__synthetic_MNAR_20",1,"impKNNa",11.7396279069767,6.17343333333333,"ok"
"tmp__synthetic_MNAR_20",1,"missForest",9.70706717780496,5.66588195439086,"ok"
"tmp__synthetic_MNAR_20",1,"lrEMplus",NA,NA,"ERR: lrEM based on alr requires at least one complete column"
"tmp__synthetic_MNAR_20",10,"impKNNa",13.1643362831858,6.81606666666667,"ok"
"tmp__synthetic_MNAR_20",10,"missForest",10.216342863024,5.75078920347886,"ok"
"tmp__synthetic_MNAR_20",10,"lrEMplus",NA,NA,"ERR: lrEM based on alr requires at least one complete column"
"tmp__synthetic_MNAR_20",11,"impKNNa",12.0494298245614,6.70216666666667,"ok"
"tmp__synthetic_MNAR_20",11,"missForest",12.029558061409,7.97786554685657,"ok"
"tmp__synthetic_MNAR_20",11,"lrEMplus",NA,NA,"ERR: lrEM based on alr requires at least one complete column"
"tmp__synthetic_MNAR_20",12,"impKNNa",13.5526525821596,6.80778333333333,"ok"
"tmp__synthetic_MNAR_20",12,"missForest",11.7739262774875,6.42011856536559,"ok"
"tmp__synthetic_MNAR_20",12,"lrEMplus",NA,NA,"ERR: lrEM based on alr requires at least one complete column"
"tmp__synthetic_MNAR_20",13,"impKNNa",12.6173628691983,7.18351666666667,"ok"
"tmp__synthetic_MNAR_20",13,"missForest",10.6016576296668,6.18033378205857,"ok"
"tmp__synthetic_MNAR_20",13,"lrEMplus",NA,NA,"ERR: lrEM based on alr requires at least one complete column"
"tmp__synthetic_MNAR_20",14,"impKNNa",13.8186995515695,6.6128,"ok"
"tmp__synthetic_MNAR_20",14,"missForest",11.9255895501978,7.32431096829432,"ok"
"tmp__synthetic_MNAR_20",14,"lrEMplus",NA,NA,"ERR: lrEM based on alr requires at least one complete column"
"tmp__synthetic_MNAR_20",15,"impKNNa",13.3012368421053,5.68831666666667,"ok"
"tmp__synthetic_MNAR_20",15,"missForest",10.6127315826994,5.6310893774091,"ok"
"tmp__synthetic_MNAR_20",15,"lrEMplus",NA,NA,"ERR: lrEM based on alr requires at least one complete column"
"tmp__synthetic_MNAR_20",16,"impKNNa",12.0249130434783,6.36926666666667,"ok"
"tmp__synthetic_MNAR_20",16,"missForest",10.8100972911401,6.4938353104678,"ok"
"tmp__synthetic_MNAR_20",16,"lrEMplus",NA,NA,"ERR: lrEM based on alr requires at least one complete column"
"tmp__synthetic_MNAR_20",17,"impKNNa",14.2022991071429,6.75678333333333,"ok"
"tmp__synthetic_MNAR_20",17,"missForest",11.6940574547435,6.70776048025705,"ok"
"tmp__synthetic_MNAR_20",17,"lrEMplus",NA,NA,"ERR: lrEM based on alr requires at least one complete column"
"tmp__synthetic_MNAR_20",18,"impKNNa",12.4336854460094,5.79635,"ok"
"tmp__synthetic_MNAR_20",18,"missForest",10.7943744283694,6.3234298157049,"ok"
"tmp__synthetic_MNAR_20",18,"lrEMplus",NA,NA,"ERR: lrEM based on alr requires at least one complete column"
"tmp__synthetic_MNAR_20",19,"impKNNa",13.2081395348837,6.17893333333333,"ok"
"tmp__synthetic_MNAR_20",19,"missForest",10.6251366191693,6.13105343756127,"ok"
"tmp__synthetic_MNAR_20",19,"lrEMplus",NA,NA,"ERR: lrEM based on alr requires at least one complete column"
"tmp__synthetic_MNAR_20",2,"impKNNa",13.2352727272727,6.7225,"ok"
"tmp__synthetic_MNAR_20",2,"missForest",9.87697031103843,5.68148512955163,"ok"
"tmp__synthetic_MNAR_20",2,"lrEMplus",NA,NA,"ERR: lrEM based on alr requires at least one complete column"
"tmp__synthetic_MNAR_20",3,"impKNNa",13.3616945606695,7.47938333333333,"ok"
"tmp__synthetic_MNAR_20",3,"missForest",12.1505521916172,7.7209904714971,"ok"
"tmp__synthetic_MNAR_20",3,"lrEMplus",NA,NA,"ERR: lrEM based on alr requires at least one complete column"
"tmp__synthetic_MNAR_20",4,"impKNNa",13.7928468899522,6.42811666666667,"ok"
"tmp__synthetic_MNAR_20",4,"missForest",11.0050924498766,6.50610850865641,"ok"
"tmp__synthetic_MNAR_20",4,"lrEMplus",NA,NA,"ERR: lrEM based on alr requires at least one complete column"
"tmp__synthetic_MNAR_20",5,"impKNNa",12.1873553719008,6.81863333333333,"ok"
"tmp__synthetic_MNAR_20",5,"missForest",9.81856044178952,5.92001189770308,"ok"
"tmp__synthetic_MNAR_20",5,"lrEMplus",NA,NA,"ERR: lrEM based on alr requires at least one complete column"
"tmp__synthetic_MNAR_20",6,"impKNNa",12.6921717171717,5.46593333333333,"ok"
"tmp__synthetic_MNAR_20",6,"missForest",10.9027480437187,5.85471446329188,"ok"
"tmp__synthetic_MNAR_20",6,"lrEMplus",NA,NA,"ERR: lrEM based on alr requires at least one complete column"
"tmp__synthetic_MNAR_20",7,"impKNNa",12.3815283842795,5.83786666666667,"ok"
"tmp__synthetic_MNAR_20",7,"missForest",11.9440503278446,7.27716889523331,"ok"
"tmp__synthetic_MNAR_20",7,"lrEMplus",NA,NA,"ERR: lrEM based on alr requires at least one complete column"
"tmp__synthetic_MNAR_20",8,"impKNNa",11.8191336633663,5.02465,"ok"
"tmp__synthetic_MNAR_20",8,"missForest",11.5461881164689,6.35317258256606,"ok"
"tmp__synthetic_MNAR_20",8,"lrEMplus",NA,NA,"ERR: lrEM based on alr requires at least one complete column"
"tmp__synthetic_MNAR_20",9,"impKNNa",13.5270813397129,6.1081,"ok"
"tmp__synthetic_MNAR_20",9,"missForest",11.7801404141943,6.04402775368309,"ok"
"tmp__synthetic_MNAR_20",9,"lrEMplus",NA,NA,"ERR: lrEM based on alr requires at least one complete column"
"tmp_nd__ge_nd_MAR_10",0,"impKNNa",8.69047619047619,2.79166666666667,"ok"
"tmp_nd__ge_nd_MAR_10",0,"missForest",8.49623262076269,2.97368141726694,"ok"
"tmp_nd__ge_nd_MAR_10",0,"lrEMplus",NA,NA,"ERR: The lrEMplus algorithm works on regular data sets (no. rows > no. columns). You can consider lrSVD for wide data sets."
"tmp_nd__ge_nd_MAR_10",1,"impKNNa",6.80555555555555,2.04166666666667,"ok"
"tmp_nd__ge_nd_MAR_10",1,"missForest",12.857007127051,3.8571021381153,"ok"
"tmp_nd__ge_nd_MAR_10",1,"lrEMplus",NA,NA,"ERR: The lrEMplus algorithm works on regular data sets (no. rows > no. columns). You can consider lrSVD for wide data sets."
"tmp_nd__ge_nd_MAR_10",10,"impKNNa",10.2083333333333,2.04166666666667,"ok"
"tmp_nd__ge_nd_MAR_10",10,"missForest",14.0211166529012,2.80422333058024,"ok"
"tmp_nd__ge_nd_MAR_10",10,"lrEMplus",NA,NA,"ERR: The lrEMplus algorithm works on regular data sets (no. rows > no. columns). You can consider lrSVD for wide data sets."
"tmp_nd__ge_nd_MAR_10",11,"impKNNa",6.59090909090909,3.625,"ok"
"tmp_nd__ge_nd_MAR_10",11,"missForest",9.60273070140084,5.28150188577046,"ok"
"tmp_nd__ge_nd_MAR_10",11,"lrEMplus",NA,NA,"ERR: The lrEMplus algorithm works on regular data sets (no. rows > no. columns). You can consider lrSVD for wide data sets."
"tmp_nd__ge_nd_MAR_10",12,"impKNNa",13.5714285714286,4.75,"ok"
"tmp_nd__ge_nd_MAR_10",12,"missForest",17.9137146774835,6.26980013711922,"ok"
"tmp_nd__ge_nd_MAR_10",12,"lrEMplus",NA,NA,"ERR: The lrEMplus algorithm works on regular data sets (no. rows > no. columns). You can consider lrSVD for wide data sets."
"tmp_nd__ge_nd_MAR_10",13,"impKNNa",10.5357142857143,3.6875,"ok"
"tmp_nd__ge_nd_MAR_10",13,"missForest",7.95881183476744,2.7855841421686,"ok"
"tmp_nd__ge_nd_MAR_10",13,"lrEMplus",NA,NA,"ERR: The lrEMplus algorithm works on regular data sets (no. rows > no. columns). You can consider lrSVD for wide data sets."
"tmp_nd__ge_nd_MAR_10",14,"impKNNa",5,2,"ok"
"tmp_nd__ge_nd_MAR_10",14,"missForest",8.88739560147455,3.55495824058982,"ok"
"tmp_nd__ge_nd_MAR_10",14,"lrEMplus",NA,NA,"ERR: The lrEMplus algorithm works on regular data sets (no. rows > no. columns). You can consider lrSVD for wide data sets."
"tmp_nd__ge_nd_MAR_10",15,"impKNNa",16.5625,3.3125,"ok"
"tmp_nd__ge_nd_MAR_10",15,"missForest",8.58735589976544,1.71747117995309,"ok"
"tmp_nd__ge_nd_MAR_10",15,"lrEMplus",NA,NA,"ERR: The lrEMplus algorithm works on regular data sets (no. rows > no. columns). You can consider lrSVD for wide data sets."
"tmp_nd__ge_nd_MAR_10",16,"impKNNa",9.77272727272727,5.375,"ok"
"tmp_nd__ge_nd_MAR_10",16,"missForest",10.3225235583716,5.67738795710439,"ok"
"tmp_nd__ge_nd_MAR_10",16,"lrEMplus",NA,NA,"ERR: The lrEMplus algorithm works on regular data sets (no. rows > no. columns). You can consider lrSVD for wide data sets."
"tmp_nd__ge_nd_MAR_10",17,"impKNNa",5.27777777777778,1.875,"ok"
"tmp_nd__ge_nd_MAR_10",17,"missForest",6.30381080710909,2.83671486319909,"ok"
"tmp_nd__ge_nd_MAR_10",17,"lrEMplus",NA,NA,"ERR: The lrEMplus algorithm works on regular data sets (no. rows > no. columns). You can consider lrSVD for wide data sets."
"tmp_nd__ge_nd_MAR_10",18,"impKNNa",7.32142857142857,2.5625,"ok"
"tmp_nd__ge_nd_MAR_10",18,"missForest",9.54744623645884,3.3416061827606,"ok"
"tmp_nd__ge_nd_MAR_10",18,"lrEMplus",NA,NA,"ERR: The lrEMplus algorithm works on regular data sets (no. rows > no. columns). You can consider lrSVD for wide data sets."
"tmp_nd__ge_nd_MAR_10",19,"impKNNa",4.6875,1.875,"ok"
"tmp_nd__ge_nd_MAR_10",19,"missForest",9.51105224849468,3.46364002311042,"ok"
"tmp_nd__ge_nd_MAR_10",19,"lrEMplus",NA,NA,"ERR: The lrEMplus algorithm works on regular data sets (no. rows > no. columns). You can consider lrSVD for wide data sets."
"tmp_nd__ge_nd_MAR_10",2,"impKNNa",2.14285714285714,0.750000000000001,"ok"
"tmp_nd__ge_nd_MAR_10",2,"missForest",11.3497400306992,3.97240901074473,"ok"
"tmp_nd__ge_nd_MAR_10",2,"lrEMplus",NA,NA,"ERR: The lrEMplus algorithm works on regular data sets (no. rows > no. columns). You can consider lrSVD for wide data sets."
"tmp_nd__ge_nd_MAR_10",3,"impKNNa",9.375,1.875,"ok"
"tmp_nd__ge_nd_MAR_10",3,"missForest",12.3345326870985,2.4669065374197,"ok"
"tmp_nd__ge_nd_MAR_10",3,"lrEMplus",NA,NA,"ERR: The lrEMplus algorithm works on regular data sets (no. rows > no. columns). You can consider lrSVD for wide data sets."
"tmp_nd__ge_nd_MAR_10",4,"impKNNa",4.375,0.875000000000001,"ok"
"tmp_nd__ge_nd_MAR_10",4,"missForest",9.51792522809793,1.90358504561959,"ok"
"tmp_nd__ge_nd_MAR_10",4,"lrEMplus",NA,NA,"ERR: The lrEMplus algorithm works on regular data sets (no. rows > no. columns). You can consider lrSVD for wide data sets."
"tmp_nd__ge_nd_MAR_10",5,"impKNNa",10.0925925925926,4.54166666666667,"ok"
"tmp_nd__ge_nd_MAR_10",5,"missForest",12.2709662066058,5.52193479297262,"ok"
"tmp_nd__ge_nd_MAR_10",5,"lrEMplus",NA,NA,"ERR: The lrEMplus algorithm works on regular data sets (no. rows > no. columns). You can consider lrSVD for wide data sets."
"tmp_nd__ge_nd_MAR_10",6,"impKNNa",6.25,1.375,"ok"
"tmp_nd__ge_nd_MAR_10",6,"missForest",8.83842226880733,2.6515266806422,"ok"
"tmp_nd__ge_nd_MAR_10",6,"lrEMplus",NA,NA,"ERR: The lrEMplus algorithm works on regular data sets (no. rows > no. columns). You can consider lrSVD for wide data sets."
"tmp_nd__ge_nd_MAR_10",7,"impKNNa",8.95833333333333,1.79166666666667,"ok"
"tmp_nd__ge_nd_MAR_10",7,"missForest",12.5630297072567,2.51260594145134,"ok"
"tmp_nd__ge_nd_MAR_10",7,"lrEMplus",NA,NA,"ERR: The lrEMplus algorithm works on regular data sets (no. rows > no. columns). You can consider lrSVD for wide data sets."
"tmp_nd__ge_nd_MAR_10",8,"impKNNa",6.66666666666666,0.666666666666667,"ok"
"tmp_nd__ge_nd_MAR_10",8,"missForest",11.1420149441202,1.11420149441202,"ok"
"tmp_nd__ge_nd_MAR_10",8,"lrEMplus",NA,NA,"ERR: The lrEMplus algorithm works on regular data sets (no. rows > no. columns). You can consider lrSVD for wide data sets."
"tmp_nd__ge_nd_MAR_10",9,"impKNNa",5,2,"ok"
"tmp_nd__ge_nd_MAR_10",9,"missForest",9.38652059258967,3.75460823703587,"ok"
"tmp_nd__ge_nd_MAR_10",9,"lrEMplus",NA,NA,"ERR: The lrEMplus algorithm works on regular data sets (no. rows > no. columns). You can consider lrSVD for wide data sets."
"tmp_nd__ge_nd_MAR_30",0,"impKNNa",10.2222222222222,7.16666666666667,"ok"
"tmp_nd__ge_nd_MAR_30",0,"missForest",9.09414838564619,6.82061128923465,"ok"
"tmp_nd__ge_nd_MAR_30",0,"lrEMplus",NA,NA,"ERR: The lrEMplus algorithm works on regular data sets (no. rows > no. columns). You can consider lrSVD for wide data sets."
"tmp_nd__ge_nd_MAR_30",1,"impKNNa",10.7916666666667,9.79166666666667,"ok"
"tmp_nd__ge_nd_MAR_30",1,"missForest",10.6923261681809,10.692326168181,"ok"
"tmp_nd__ge_nd_MAR_30",1,"lrEMplus",NA,NA,"ERR: The lrEMplus algorithm works on regular data sets (no. rows > no. columns). You can consider lrSVD for wide data sets."
"tmp_nd__ge_nd_MAR_30",10,"impKNNa",13.3333333333333,14.3333333333333,"ok"
"tmp_nd__ge_nd_MAR_30",10,"missForest",10.8030502867649,13.3046300553341,"ok"
"tmp_nd__ge_nd_MAR_30",10,"lrEMplus",NA,NA,"ERR: The lrEMplus algorithm works on regular data sets (no. rows > no. columns). You can consider lrSVD for wide data sets."
"tmp_nd__ge_nd_MAR_30",11,"impKNNa",11.4080459770115,14.5416666666667,"ok"
"tmp_nd__ge_nd_MAR_30",11,"missForest",12.0710548837098,17.5030295813792,"ok"
"tmp_nd__ge_nd_MAR_30",11,"lrEMplus",NA,NA,"ERR: The lrEMplus algorithm works on regular data sets (no. rows > no. columns). You can consider lrSVD for wide data sets."
"tmp_nd__ge_nd_MAR_30",12,"impKNNa",7.70114942528736,8.29166666666667,"ok"
"tmp_nd__ge_nd_MAR_30",12,"missForest",12.8265222225384,18.3714178453913,"ok"
"tmp_nd__ge_nd_MAR_30",12,"lrEMplus",NA,NA,"ERR: The lrEMplus algorithm works on regular data sets (no. rows > no. columns). You can consider lrSVD for wide data sets."
"tmp_nd__ge_nd_MAR_30",13,"impKNNa",13.8815789473684,10.8125,"ok"
"tmp_nd__ge_nd_MAR_30",13,"missForest",10.0995543202053,9.05033274388867,"ok"
"tmp_nd__ge_nd_MAR_30",13,"lrEMplus",NA,NA,"ERR: The lrEMplus algorithm works on regular data sets (no. rows > no. columns). You can consider lrSVD for wide data sets."
"tmp_nd__ge_nd_MAR_30",14,"impKNNa",5.53030303030303,5.33333333333333,"ok"
"tmp_nd__ge_nd_MAR_30",14,"missForest",10.637122848843,11.7008351337274,"ok"
"tmp_nd__ge_nd_MAR_30",14,"lrEMplus",NA,NA,"ERR: The lrEMplus algorithm works on regular data sets (no. rows > no. columns). You can consider lrSVD for wide data sets."
"tmp_nd__ge_nd_MAR_30",15,"impKNNa",10.9166666666667,8.79166666666667,"ok"
"tmp_nd__ge_nd_MAR_30",15,"missForest",12.3711247717925,12.074421534058,"ok"
"tmp_nd__ge_nd_MAR_30",15,"lrEMplus",NA,NA,"ERR: The lrEMplus algorithm works on regular data sets (no. rows > no. columns). You can consider lrSVD for wide data sets."
"tmp_nd__ge_nd_MAR_30",16,"impKNNa",11.6847826086957,10.3125,"ok"
"tmp_nd__ge_nd_MAR_30",16,"missForest",14.3688477105751,16.4087968909709,"ok"
"tmp_nd__ge_nd_MAR_30",16,"lrEMplus",NA,NA,"ERR: The lrEMplus algorithm works on regular data sets (no. rows > no. columns). You can consider lrSVD for wide data sets."
"tmp_nd__ge_nd_MAR_30",17,"impKNNa",11.7105263157895,8.875,"ok"
"tmp_nd__ge_nd_MAR_30",17,"missForest",10.1300018256899,9.12523649270263,"ok"
"tmp_nd__ge_nd_MAR_30",17,"lrEMplus",NA,NA,"ERR: The lrEMplus algorithm works on regular data sets (no. rows > no. columns). You can consider lrSVD for wide data sets."
"tmp_nd__ge_nd_MAR_30",18,"impKNNa",10.9090909090909,12,"ok"
"tmp_nd__ge_nd_MAR_30",18,"missForest",10.1917611334112,11.0500873189024,"ok"
"tmp_nd__ge_nd_MAR_30",18,"lrEMplus",NA,NA,"ERR: The lrEMplus algorithm works on regular data sets (no. rows > no. columns). You can consider lrSVD for wide data sets."
"tmp_nd__ge_nd_MAR_30",19,"impKNNa",11.2301587301587,11.7916666666667,"ok"
"tmp_nd__ge_nd_MAR_30",19,"missForest",10.8966229415641,11.1664381195967,"ok"
"tmp_nd__ge_nd_MAR_30",19,"lrEMplus",NA,NA,"ERR: The lrEMplus algorithm works on regular data sets (no. rows > no. columns). You can consider lrSVD for wide data sets."
"tmp_nd__ge_nd_MAR_30",2,"impKNNa",10.9057971014493,9.54166666666667,"ok"
"tmp_nd__ge_nd_MAR_30",2,"missForest",12.3754036210159,14.2317141641683,"ok"
"tmp_nd__ge_nd_MAR_30",2,"lrEMplus",NA,NA,"ERR: The lrEMplus algorithm works on regular data sets (no. rows > no. columns). You can consider lrSVD for wide data sets."
"tmp_nd__ge_nd_MAR_30",3,"impKNNa",9.63768115942029,10.5833333333333,"ok"
"tmp_nd__ge_nd_MAR_30",3,"missForest",12.8637069241457,14.7932629627675,"ok"
"tmp_nd__ge_nd_MAR_30",3,"lrEMplus",NA,NA,"ERR: The lrEMplus algorithm works on regular data sets (no. rows > no. columns). You can consider lrSVD for wide data sets."
"tmp_nd__ge_nd_MAR_30",4,"impKNNa",7.38095238095238,5.16666666666667,"ok"
"tmp_nd__ge_nd_MAR_30",4,"missForest",10.5437449470035,7.38062146290242,"ok"
"tmp_nd__ge_nd_MAR_30",4,"lrEMplus",NA,NA,"ERR: The lrEMplus algorithm works on regular data sets (no. rows > no. columns). You can consider lrSVD for wide data sets."
"tmp_nd__ge_nd_MAR_30",5,"impKNNa",10.4901960784314,8.16666666666667,"ok"
"tmp_nd__ge_nd_MAR_30",5,"missForest",11.271445952783,9.58072905986557,"ok"
"tmp_nd__ge_nd_MAR_30",5,"lrEMplus",NA,NA,"ERR: The lrEMplus algorithm works on regular data sets (no. rows > no. columns). You can consider lrSVD for wide data sets."
"tmp_nd__ge_nd_MAR_30",6,"impKNNa",7.12962962962963,6.41666666666667,"ok"
"tmp_nd__ge_nd_MAR_30",6,"missForest",10.3290338834601,9.29613049511405,"ok"
"tmp_nd__ge_nd_MAR_30",6,"lrEMplus",NA,NA,"ERR: The lrEMplus algorithm works on regular data sets (no. rows > no. columns). You can consider lrSVD for wide data sets."
"tmp_nd__ge_nd_MAR_30",7,"impKNNa",9.58333333333333,8.125,"ok"
"tmp_nd__ge_nd_MAR_30",7,"missForest",13.7982548852124,12.0616843623138,"ok"
"tmp_nd__ge_nd_MAR_30",7,"lrEMplus",NA,NA,"ERR: The lrEMplus algorithm works on regular data sets (no. rows > no. columns). You can consider lrSVD for wide data sets."
"tmp_nd__ge_nd_MAR_30",8,"impKNNa",10.9803921568627,8.58333333333333,"ok"
"tmp_nd__ge_nd_MAR_30",8,"missForest",13.04187623829,11.0855948025465,"ok"
"tmp_nd__ge_nd_MAR_30",8,"lrEMplus",NA,NA,"ERR: The lrEMplus algorithm works on regular data sets (no. rows > no. columns). You can consider lrSVD for wide data sets."
"tmp_nd__ge_nd_MAR_30",9,"impKNNa",10.2083333333333,10.2083333333333,"ok"
"tmp_nd__ge_nd_MAR_30",9,"missForest",13.0996621264729,13.0996621264729,"ok"
"tmp_nd__ge_nd_MAR_30",9,"lrEMplus",NA,NA,"ERR: The lrEMplus algorithm works on regular data sets (no. rows > no. columns). You can consider lrSVD for wide data sets."
"tmp_nd__ge_nd_MCAR_10",0,"impKNNa",7.25,3.625,"ok"
"tmp_nd__ge_nd_MCAR_10",0,"missForest",7.47473004626952,3.73736502313476,"ok"
"tmp_nd__ge_nd_MCAR_10",0,"lrEMplus",NA,NA,"ERR: The lrEMplus algorithm works on regular data sets (no. rows > no. columns). You can consider lrSVD for wide data sets."
"tmp_nd__ge_nd_MCAR_10",1,"impKNNa",7.5,1.5,"ok"
"tmp_nd__ge_nd_MCAR_10",1,"missForest",10.0898837225153,2.01797674450306,"ok"
"tmp_nd__ge_nd_MCAR_10",1,"lrEMplus",NA,NA,"ERR: The lrEMplus algorithm works on regular data sets (no. rows > no. columns). You can consider lrSVD for wide data sets."
"tmp_nd__ge_nd_MCAR_10",10,"impKNNa",10.2777777777778,5.66666666666667,"ok"
"tmp_nd__ge_nd_MCAR_10",10,"missForest",9.86343660837404,5.91806196502443,"ok"
"tmp_nd__ge_nd_MCAR_10",10,"lrEMplus",NA,NA,"ERR: The lrEMplus algorithm works on regular data sets (no. rows > no. columns). You can consider lrSVD for wide data sets."
"tmp_nd__ge_nd_MCAR_10",11,"impKNNa",11.3888888888889,4.125,"ok"
"tmp_nd__ge_nd_MCAR_10",11,"missForest",11.8469555412736,5.23019002667726,"ok"
"tmp_nd__ge_nd_MCAR_10",11,"lrEMplus",NA,NA,"ERR: The lrEMplus algorithm works on regular data sets (no. rows > no. columns). You can consider lrSVD for wide data sets."
"tmp_nd__ge_nd_MCAR_10",12,"impKNNa",10.0641025641026,5.54166666666667,"ok"
"tmp_nd__ge_nd_MCAR_10",12,"missForest",12.6803062968791,8.04492766015589,"ok"
"tmp_nd__ge_nd_MCAR_10",12,"lrEMplus",NA,NA,"ERR: The lrEMplus algorithm works on regular data sets (no. rows > no. columns). You can consider lrSVD for wide data sets."
"tmp_nd__ge_nd_MCAR_10",13,"impKNNa",6.875,2.75,"ok"
"tmp_nd__ge_nd_MCAR_10",13,"missForest",9.12942939111936,3.65177175644774,"ok"
"tmp_nd__ge_nd_MCAR_10",13,"lrEMplus",NA,NA,"ERR: The lrEMplus algorithm works on regular data sets (no. rows > no. columns). You can consider lrSVD for wide data sets."
"tmp_nd__ge_nd_MCAR_10",14,"impKNNa",7.33333333333333,3.66666666666667,"ok"
"tmp_nd__ge_nd_MCAR_10",14,"missForest",9.77240005924874,4.3955937608931,"ok"
"tmp_nd__ge_nd_MCAR_10",14,"lrEMplus",NA,NA,"ERR: The lrEMplus algorithm works on regular data sets (no. rows > no. columns). You can consider lrSVD for wide data sets."
"tmp_nd__ge_nd_MCAR_10",15,"impKNNa",7.63888888888889,2.4375,"ok"
"tmp_nd__ge_nd_MCAR_10",15,"missForest",8.39607050939352,3.77823172922709,"ok"
"tmp_nd__ge_nd_MCAR_10",15,"lrEMplus",NA,NA,"ERR: The lrEMplus algorithm works on regular data sets (no. rows > no. columns). You can consider lrSVD for wide data sets."
"tmp_nd__ge_nd_MCAR_10",16,"impKNNa",9.16666666666667,4.125,"ok"
"tmp_nd__ge_nd_MCAR_10",16,"missForest",12.003192512451,5.40143663060294,"ok"
"tmp_nd__ge_nd_MCAR_10",16,"lrEMplus",NA,NA,"ERR: The lrEMplus algorithm works on regular data sets (no. rows > no. columns). You can consider lrSVD for wide data sets."
"tmp_nd__ge_nd_MCAR_10",17,"impKNNa",2.08333333333333,0.625000000000001,"ok"
"tmp_nd__ge_nd_MCAR_10",17,"missForest",7.92366978639457,2.37710093591837,"ok"
"tmp_nd__ge_nd_MCAR_10",17,"lrEMplus",NA,NA,"ERR: The lrEMplus algorithm works on regular data sets (no. rows > no. columns). You can consider lrSVD for wide data sets."
"tmp_nd__ge_nd_MCAR_10",18,"impKNNa",8.57142857142857,3,"ok"
"tmp_nd__ge_nd_MCAR_10",18,"missForest",12.8803403949504,4.50811913823263,"ok"
"tmp_nd__ge_nd_MCAR_10",18,"lrEMplus",NA,NA,"ERR: The lrEMplus algorithm works on regular data sets (no. rows > no. columns). You can consider lrSVD for wide data sets."
"tmp_nd__ge_nd_MCAR_10",19,"impKNNa",5.97222222222222,1.79166666666667,"ok"
"tmp_nd__ge_nd_MCAR_10",19,"missForest",10.0495064931414,3.01485194794241,"ok"
"tmp_nd__ge_nd_MCAR_10",19,"lrEMplus",NA,NA,"ERR: The lrEMplus algorithm works on regular data sets (no. rows > no. columns). You can consider lrSVD for wide data sets."
"tmp_nd__ge_nd_MCAR_10",2,"impKNNa",8.38541666666667,3.35416666666667,"ok"
"tmp_nd__ge_nd_MCAR_10",2,"missForest",13.0590081234859,5.22360324939437,"ok"
"tmp_nd__ge_nd_MCAR_10",2,"lrEMplus",NA,NA,"ERR: The lrEMplus algorithm works on regular data sets (no. rows > no. columns). You can consider lrSVD for wide data sets."
"tmp_nd__ge_nd_MCAR_10",3,"impKNNa",8.25757575757576,4.54166666666667,"ok"
"tmp_nd__ge_nd_MCAR_10",3,"missForest",14.5750676722268,8.01628721972472,"ok"
"tmp_nd__ge_nd_MCAR_10",3,"lrEMplus",NA,NA,"ERR: The lrEMplus algorithm works on regular data sets (no. rows > no. columns). You can consider lrSVD for wide data sets."
"tmp_nd__ge_nd_MCAR_10",4,"impKNNa",6.36363636363636,3.5,"ok"
"tmp_nd__ge_nd_MCAR_10",4,"missForest",9.09909756402087,5.00450366021148,"ok"
"tmp_nd__ge_nd_MCAR_10",4,"lrEMplus",NA,NA,"ERR: The lrEMplus algorithm works on regular data sets (no. rows > no. columns). You can consider lrSVD for wide data sets."
"tmp_nd__ge_nd_MCAR_10",5,"impKNNa",10.0833333333333,5.04166666666667,"ok"
"tmp_nd__ge_nd_MCAR_10",5,"missForest",12.8458549252891,6.42292746264457,"ok"
"tmp_nd__ge_nd_MCAR_10",5,"lrEMplus",NA,NA,"ERR: The lrEMplus algorithm works on regular data sets (no. rows > no. columns). You can consider lrSVD for wide data sets."
"tmp_nd__ge_nd_MCAR_10",6,"impKNNa",9.88095238095238,3.45833333333333,"ok"
"tmp_nd__ge_nd_MCAR_10",6,"missForest",13.5134172074445,4.72969602260556,"ok"
"tmp_nd__ge_nd_MCAR_10",6,"lrEMplus",NA,NA,"ERR: The lrEMplus algorithm works on regular data sets (no. rows > no. columns). You can consider lrSVD for wide data sets."
"tmp_nd__ge_nd_MCAR_10",7,"impKNNa",7.8125,1.375,"ok"
"tmp_nd__ge_nd_MCAR_10",7,"missForest",8.71830712705302,3.17828379959466,"ok"
"tmp_nd__ge_nd_MCAR_10",7,"lrEMplus",NA,NA,"ERR: The lrEMplus algorithm works on regular data sets (no. rows > no. columns). You can consider lrSVD for wide data sets."
"tmp_nd__ge_nd_MCAR_10",8,"impKNNa",5,1,"ok"
"tmp_nd__ge_nd_MCAR_10",8,"missForest",8.2594671812106,1.65189343624212,"ok"
"tmp_nd__ge_nd_MCAR_10",8,"lrEMplus",NA,NA,"ERR: The lrEMplus algorithm works on regular data sets (no. rows > no. columns). You can consider lrSVD for wide data sets."
"tmp_nd__ge_nd_MCAR_10",9,"impKNNa",14.6666666666667,3.66666666666667,"ok"
"tmp_nd__ge_nd_MCAR_10",9,"missForest",13.1170428801218,3.27926072003046,"ok"
"tmp_nd__ge_nd_MCAR_10",9,"lrEMplus",NA,NA,"ERR: The lrEMplus algorithm works on regular data sets (no. rows > no. columns). You can consider lrSVD for wide data sets."
"tmp_nd__ge_nd_MCAR_30",0,"impKNNa",8.68333333333333,8.85416666666667,"ok"
"tmp_nd__ge_nd_MCAR_30",0,"missForest",11.7787032963625,14.7233791204531,"ok"
"tmp_nd__ge_nd_MCAR_30",0,"lrEMplus",NA,NA,"ERR: The lrEMplus algorithm works on regular data sets (no. rows > no. columns). You can consider lrSVD for wide data sets."
"tmp_nd__ge_nd_MCAR_30",1,"impKNNa",15.5555555555556,16.1666666666667,"ok"
"tmp_nd__ge_nd_MCAR_30",1,"missForest",15.4757697030577,16.2435879501153,"ok"
"tmp_nd__ge_nd_MCAR_30",1,"lrEMplus",NA,NA,"ERR: The lrEMplus algorithm works on regular data sets (no. rows > no. columns). You can consider lrSVD for wide data sets."
"tmp_nd__ge_nd_MCAR_30",10,"impKNNa",10.8723958333333,12.3958333333333,"ok"
"tmp_nd__ge_nd_MCAR_30",10,"missForest",11.4067832449333,17.687503985544,"ok"
"tmp_nd__ge_nd_MCAR_30",10,"lrEMplus",NA,NA,"ERR: The lrEMplus algorithm works on regular data sets (no. rows > no. columns). You can consider lrSVD for wide data sets."
"tmp_nd__ge_nd_MCAR_30",11,"impKNNa",10.5890804597701,11.8541666666667,"ok"
"tmp_nd__ge_nd_MCAR_30",11,"missForest",10.8495261334763,15.7318128935406,"ok"
"tmp_nd__ge_nd_MCAR_30",11,"lrEMplus",NA,NA,"ERR: The lrEMplus algorithm works on regular data sets (no. rows > no. columns). You can consider lrSVD for wide data sets."
"tmp_nd__ge_nd_MCAR_30",12,"impKNNa",12.8645833333333,15,"ok"
"tmp_nd__ge_nd_MCAR_30",12,"missForest",12.4774983414105,19.6832855115229,"ok"
"tmp_nd__ge_nd_MCAR_30",12,"lrEMplus",NA,NA,"ERR: The lrEMplus algorithm works on regular data sets (no. rows > no. columns). You can consider lrSVD for wide data sets."
"tmp_nd__ge_nd_MCAR_30",13,"impKNNa",7.08333333333333,7.10416666666667,"ok"
"tmp_nd__ge_nd_MCAR_30",13,"missForest",10.9762984025721,13.4911884794056,"ok"
"tmp_nd__ge_nd_MCAR_30",13,"lrEMplus",NA,NA,"ERR: The lrEMplus algorithm works on regular data sets (no. rows > no. columns). You can consider lrSVD for wide data sets."
"tmp_nd__ge_nd_MCAR_30",14,"impKNNa",7.68518518518519,5.91666666666667,"ok"
"tmp_nd__ge_nd_MCAR_30",14,"missForest",11.588084315726,9.93925063856566,"ok"
"tmp_nd__ge_nd_MCAR_30",14,"lrEMplus",NA,NA,"ERR: The lrEMplus algorithm works on regular data sets (no. rows > no. columns). You can consider lrSVD for wide data sets."
"tmp_nd__ge_nd_MCAR_30",15,"impKNNa",9.80654761904762,9.35416666666667,"ok"
"tmp_nd__ge_nd_MCAR_30",15,"missForest",10.392243498701,14.1920675479205,"ok"
"tmp_nd__ge_nd_MCAR_30",15,"lrEMplus",NA,NA,"ERR: The lrEMplus algorithm works on regular data sets (no. rows > no. columns). You can consider lrSVD for wide data sets."
"tmp_nd__ge_nd_MCAR_30",16,"impKNNa",10.2564102564103,12.3333333333333,"ok"
"tmp_nd__ge_nd_MCAR_30",16,"missForest",11.9780213414918,15.4023106804473,"ok"
"tmp_nd__ge_nd_MCAR_30",16,"lrEMplus",NA,NA,"ERR: The lrEMplus algorithm works on regular data sets (no. rows > no. columns). You can consider lrSVD for wide data sets."
"tmp_nd__ge_nd_MCAR_30",17,"impKNNa",9.36507936507937,7.95833333333333,"ok"
"tmp_nd__ge_nd_MCAR_30",17,"missForest",10.6167921125361,10.826611876893,"ok"
"tmp_nd__ge_nd_MCAR_30",17,"lrEMplus",NA,NA,"ERR: The lrEMplus algorithm works on regular data sets (no. rows > no. columns). You can consider lrSVD for wide data sets."
"tmp_nd__ge_nd_MCAR_30",18,"impKNNa",10.4326923076923,12.8125,"ok"
"tmp_nd__ge_nd_MCAR_30",18,"missForest",12.8335902930996,16.6836673810294,"ok"
"tmp_nd__ge_nd_MCAR_30",18,"lrEMplus",NA,NA,"ERR: The lrEMplus algorithm works on regular data sets (no. rows > no. columns). You can consider lrSVD for wide data sets."
"tmp_nd__ge_nd_MCAR_30",19,"impKNNa",8.82246376811594,10.1458333333333,"ok"
"tmp_nd__ge_nd_MCAR_30",19,"missForest",10.9626475288352,12.4923343407002,"ok"
"tmp_nd__ge_nd_MCAR_30",19,"lrEMplus",NA,NA,"ERR: The lrEMplus algorithm works on regular data sets (no. rows > no. columns). You can consider lrSVD for wide data sets."
"tmp_nd__ge_nd_MCAR_30",2,"impKNNa",9.81060606060606,9.79166666666667,"ok"
"tmp_nd__ge_nd_MCAR_30",2,"missForest",11.1840051812067,11.9580832786924,"ok"
"tmp_nd__ge_nd_MCAR_30",2,"lrEMplus",NA,NA,"ERR: The lrEMplus algorithm works on regular data sets (no. rows > no. columns). You can consider lrSVD for wide data sets."
"tmp_nd__ge_nd_MCAR_30",3,"impKNNa",9.93333333333333,12.4166666666667,"ok"
"tmp_nd__ge_nd_MCAR_30",3,"missForest",12.9574569093617,15.8024941589413,"ok"
"tmp_nd__ge_nd_MCAR_30",3,"lrEMplus",NA,NA,"ERR: The lrEMplus algorithm works on regular data sets (no. rows > no. columns). You can consider lrSVD for wide data sets."
"tmp_nd__ge_nd_MCAR_30",4,"impKNNa",13.2986111111111,13.7083333333333,"ok"
"tmp_nd__ge_nd_MCAR_30",4,"missForest",12.826088995818,15.3913067949816,"ok"
"tmp_nd__ge_nd_MCAR_30",4,"lrEMplus",NA,NA,"ERR: The lrEMplus algorithm works on regular data sets (no. rows > no. columns). You can consider lrSVD for wide data sets."
"tmp_nd__ge_nd_MCAR_30",5,"impKNNa",8.96666666666667,10.7083333333333,"ok"
"tmp_nd__ge_nd_MCAR_30",5,"missForest",13.2843574404153,16.6054468005192,"ok"
"tmp_nd__ge_nd_MCAR_30",5,"lrEMplus",NA,NA,"ERR: The lrEMplus algorithm works on regular data sets (no. rows > no. columns). You can consider lrSVD for wide data sets."
"tmp_nd__ge_nd_MCAR_30",6,"impKNNa",8.63636363636363,8.5,"ok"
"tmp_nd__ge_nd_MCAR_30",6,"missForest",13.1742328548176,14.4092718032312,"ok"
"tmp_nd__ge_nd_MCAR_30",6,"lrEMplus",NA,NA,"ERR: The lrEMplus algorithm works on regular data sets (no. rows > no. columns). You can consider lrSVD for wide data sets."
"tmp_nd__ge_nd_MCAR_30",7,"impKNNa",9.56845238095238,10.8958333333333,"ok"
"tmp_nd__ge_nd_MCAR_30",7,"missForest",13.5481489694342,18.8406615333984,"ok"
"tmp_nd__ge_nd_MCAR_30",7,"lrEMplus",NA,NA,"ERR: The lrEMplus algorithm works on regular data sets (no. rows > no. columns). You can consider lrSVD for wide data sets."
"tmp_nd__ge_nd_MCAR_30",8,"impKNNa",8.00347222222222,8.47916666666667,"ok"
"tmp_nd__ge_nd_MCAR_30",8,"missForest",9.04788230525984,10.4958135483761,"ok"
"tmp_nd__ge_nd_MCAR_30",8,"lrEMplus",NA,NA,"ERR: The lrEMplus algorithm works on regular data sets (no. rows > no. columns). You can consider lrSVD for wide data sets."
"tmp_nd__ge_nd_MCAR_30",9,"impKNNa",7.29166666666667,7.29166666666667,"ok"
"tmp_nd__ge_nd_MCAR_30",9,"missForest",12.9759819291332,12.9759819291332,"ok"
"tmp_nd__ge_nd_MCAR_30",9,"lrEMplus",NA,NA,"ERR: The lrEMplus algorithm works on regular data sets (no. rows > no. columns). You can consider lrSVD for wide data sets."
"tmp_nd__ge_nd_MNAR_10",0,"impKNNa",6.66666666666667,1,"ok"
"tmp_nd__ge_nd_MNAR_10",0,"missForest",6.42400991390026,0.96360148708504,"ok"
"tmp_nd__ge_nd_MNAR_10",0,"lrEMplus",NA,NA,"ERR: The lrEMplus algorithm works on regular data sets (no. rows > no. columns). You can consider lrSVD for wide data sets."
"tmp_nd__ge_nd_MNAR_10",1,"impKNNa",3.33333333333333,0.500000000000001,"ok"
"tmp_nd__ge_nd_MNAR_10",1,"missForest",8.98071362279696,1.34710704341954,"ok"
"tmp_nd__ge_nd_MNAR_10",1,"lrEMplus",NA,NA,"ERR: The lrEMplus algorithm works on regular data sets (no. rows > no. columns). You can consider lrSVD for wide data sets."
"tmp_nd__ge_nd_MNAR_10",10,"impKNNa",10.2083333333333,2.04166666666667,"ok"
"tmp_nd__ge_nd_MNAR_10",10,"missForest",13.5225804379587,2.70451608759175,"ok"
"tmp_nd__ge_nd_MNAR_10",10,"lrEMplus",NA,NA,"ERR: The lrEMplus algorithm works on regular data sets (no. rows > no. columns). You can consider lrSVD for wide data sets."
"tmp_nd__ge_nd_MNAR_10",11,"impKNNa",1,0.250000000000001,"ok"
"tmp_nd__ge_nd_MNAR_10",11,"missForest",5.23560841364517,1.30890210341129,"ok"
"tmp_nd__ge_nd_MNAR_10",11,"lrEMplus",NA,NA,"ERR: The lrEMplus algorithm works on regular data sets (no. rows > no. columns). You can consider lrSVD for wide data sets."
"tmp_nd__ge_nd_MNAR_10",12,"impKNNa",10.8333333333333,1.625,"ok"
"tmp_nd__ge_nd_MNAR_10",12,"missForest",16.6339324961913,2.49508987442869,"ok"
"tmp_nd__ge_nd_MNAR_10",12,"lrEMplus",NA,NA,"ERR: The lrEMplus algorithm works on regular data sets (no. rows > no. columns). You can consider lrSVD for wide data sets."
"tmp_nd__ge_nd_MNAR_10",13,"impKNNa",6.66666666666667,1,"ok"
"tmp_nd__ge_nd_MNAR_10",13,"missForest",6.91817972273016,1.03772695840953,"ok"
"tmp_nd__ge_nd_MNAR_10",13,"lrEMplus",NA,NA,"ERR: The lrEMplus algorithm works on regular data sets (no. rows > no. columns). You can consider lrSVD for wide data sets."
"tmp_nd__ge_nd_MNAR_10",14,"impKNNa",2.5,0.250000000000001,"ok"
"tmp_nd__ge_nd_MNAR_10",14,"missForest",9.95685347303769,0.99568534730377,"ok"
"tmp_nd__ge_nd_MNAR_10",14,"lrEMplus",NA,NA,"ERR: The lrEMplus algorithm works on regular data sets (no. rows > no. columns). You can consider lrSVD for wide data sets."
"tmp_nd__ge_nd_MNAR_10",15,"impKNNa",16.5625,3.3125,"ok"
"tmp_nd__ge_nd_MNAR_10",15,"missForest",8.97866271764298,1.7957325435286,"ok"
"tmp_nd__ge_nd_MNAR_10",15,"lrEMplus",NA,NA,"ERR: The lrEMplus algorithm works on regular data sets (no. rows > no. columns). You can consider lrSVD for wide data sets."
"tmp_nd__ge_nd_MNAR_10",16,"impKNNa",6.66666666666667,1,"ok"
"tmp_nd__ge_nd_MNAR_10",16,"missForest",7.47756946797517,1.12163542019628,"ok"
"tmp_nd__ge_nd_MNAR_10",16,"lrEMplus",NA,NA,"ERR: The lrEMplus algorithm works on regular data sets (no. rows > no. columns). You can consider lrSVD for wide data sets."
"tmp_nd__ge_nd_MNAR_10",17,"impKNNa",6.66666666666667,2,"ok"
"tmp_nd__ge_nd_MNAR_10",17,"missForest",6.72331851767513,2.01699555530254,"ok"
"tmp_nd__ge_nd_MNAR_10",17,"lrEMplus",NA,NA,"ERR: The lrEMplus algorithm works on regular data sets (no. rows > no. columns). You can consider lrSVD for wide data sets."
"tmp_nd__ge_nd_MNAR_10",18,"impKNNa",6.25,1.25,"ok"
"tmp_nd__ge_nd_MNAR_10",18,"missForest",8.60798469166068,1.72159693833214,"ok"
"tmp_nd__ge_nd_MNAR_10",18,"lrEMplus",NA,NA,"ERR: The lrEMplus algorithm works on regular data sets (no. rows > no. columns). You can consider lrSVD for wide data sets."
"tmp_nd__ge_nd_MNAR_10",19,"impKNNa",7.5,0.750000000000001,"ok"
"tmp_nd__ge_nd_MNAR_10",19,"missForest",9.78963753595333,0.978963753595333,"ok"
"tmp_nd__ge_nd_MNAR_10",19,"lrEMplus",NA,NA,"ERR: The lrEMplus algorithm works on regular data sets (no. rows > no. columns). You can consider lrSVD for wide data sets."
"tmp_nd__ge_nd_MNAR_10",2,"impKNNa",4.16666666666667,0.625000000000001,"ok"
"tmp_nd__ge_nd_MNAR_10",2,"missForest",10.6879688395588,1.60319532593381,"ok"
"tmp_nd__ge_nd_MNAR_10",2,"lrEMplus",NA,NA,"ERR: The lrEMplus algorithm works on regular data sets (no. rows > no. columns). You can consider lrSVD for wide data sets."
"tmp_nd__ge_nd_MNAR_10",3,"impKNNa",8.33333333333333,1.25,"ok"
"tmp_nd__ge_nd_MNAR_10",3,"missForest",11.5068909615401,1.72603364423101,"ok"
"tmp_nd__ge_nd_MNAR_10",3,"lrEMplus",NA,NA,"ERR: The lrEMplus algorithm works on regular data sets (no. rows > no. columns). You can consider lrSVD for wide data sets."
"tmp_nd__ge_nd_MNAR_10",5,"impKNNa",15,3.75,"ok"
"tmp_nd__ge_nd_MNAR_10",5,"missForest",11.2595314463801,2.81488286159503,"ok"
"tmp_nd__ge_nd_MNAR_10",5,"lrEMplus",NA,NA,"ERR: The lrEMplus algorithm works on regular data sets (no. rows > no. columns). You can consider lrSVD for wide data sets."
"tmp_nd__ge_nd_MNAR_10",6,"impKNNa",1.25,0.250000000000001,"ok"
"tmp_nd__ge_nd_MNAR_10",6,"missForest",5.82194225365278,1.16438845073056,"ok"
"tmp_nd__ge_nd_MNAR_10",6,"lrEMplus",NA,NA,"ERR: The lrEMplus algorithm works on regular data sets (no. rows > no. columns). You can consider lrSVD for wide data sets."
"tmp_nd__ge_nd_MNAR_10",7,"impKNNa",11.25,1.125,"ok"
"tmp_nd__ge_nd_MNAR_10",7,"missForest",13.5502685715844,1.35502685715844,"ok"
"tmp_nd__ge_nd_MNAR_10",7,"lrEMplus",NA,NA,"ERR: The lrEMplus algorithm works on regular data sets (no. rows > no. columns). You can consider lrSVD for wide data sets."
"tmp_nd__ge_nd_MNAR_10",8,"impKNNa",5,0.250000000000001,"ok"
"tmp_nd__ge_nd_MNAR_10",8,"missForest",1.7711049476839,0.0885552473841955,"ok"
"tmp_nd__ge_nd_MNAR_10",8,"lrEMplus",NA,NA,"ERR: The lrEMplus algorithm works on regular data sets (no. rows > no. columns). You can consider lrSVD for wide data sets."
"tmp_nd__ge_nd_MNAR_10",9,"impKNNa",4.5,1.125,"ok"
"tmp_nd__ge_nd_MNAR_10",9,"missForest",7.53140249906039,1.8828506247651,"ok"
"tmp_nd__ge_nd_MNAR_10",9,"lrEMplus",NA,NA,"ERR: The lrEMplus algorithm works on regular data sets (no. rows > no. columns). You can consider lrSVD for wide data sets."
"tmp_nd__ge_nd_MNAR_30",0,"impKNNa",8.22916666666667,3.04166666666667,"ok"
"tmp_nd__ge_nd_MNAR_30",0,"missForest",9.31231392450143,3.72492556980057,"ok"
"tmp_nd__ge_nd_MNAR_30",0,"lrEMplus",NA,NA,"ERR: The lrEMplus algorithm works on regular data sets (no. rows > no. columns). You can consider lrSVD for wide data sets."
"tmp_nd__ge_nd_MNAR_30",1,"impKNNa",6.875,2.75,"ok"
"tmp_nd__ge_nd_MNAR_30",1,"missForest",8.69283469622769,3.47713387849108,"ok"
"tmp_nd__ge_nd_MNAR_30",1,"lrEMplus",NA,NA,"ERR: The lrEMplus algorithm works on regular data sets (no. rows > no. columns). You can consider lrSVD for wide data sets."
"tmp_nd__ge_nd_MNAR_30",10,"impKNNa",8.40277777777778,5.04166666666667,"ok"
"tmp_nd__ge_nd_MNAR_30",10,"missForest",8.26800219324616,4.5962369220083,"ok"
"tmp_nd__ge_nd_MNAR_30",10,"lrEMplus",NA,NA,"ERR: The lrEMplus algorithm works on regular data sets (no. rows > no. columns). You can consider lrSVD for wide data sets."
"tmp_nd__ge_nd_MNAR_30",11,"impKNNa",5.5,4.125,"ok"
"tmp_nd__ge_nd_MNAR_30",11,"missForest",8.83528237097535,6.62646177823151,"ok"
"tmp_nd__ge_nd_MNAR_30",11,"lrEMplus",NA,NA,"ERR: The lrEMplus algorithm works on regular data sets (no. rows > no. columns). You can consider lrSVD for wide data sets."
"tmp_nd__ge_nd_MNAR_30",12,"impKNNa",10.8928571428571,7.625,"ok"
"tmp_nd__ge_nd_MNAR_30",12,"missForest",11.5115958812112,8.05811711684786,"ok"
"tmp_nd__ge_nd_MNAR_30",12,"lrEMplus",NA,NA,"ERR: The lrEMplus algorithm works on regular data sets (no. rows > no. columns). You can consider lrSVD for wide data sets."
"tmp_nd__ge_nd_MNAR_30",13,"impKNNa",9.77272727272727,5.375,"ok"
"tmp_nd__ge_nd_MNAR_30",13,"missForest",8.77629143862908,4.63062155469015,"ok"
"tmp_nd__ge_nd_MNAR_30",13,"lrEMplus",NA,NA,"ERR: The lrEMplus algorithm works on regular data sets (no. rows > no. columns). You can consider lrSVD for wide data sets."
"tmp_nd__ge_nd_MNAR_30",14,"impKNNa",2.85714285714286,1,"ok"
"tmp_nd__ge_nd_MNAR_30",14,"missForest",8.07735963145737,2.82707587101008,"ok"
"tmp_nd__ge_nd_MNAR_30",14,"lrEMplus",NA,NA,"ERR: The lrEMplus algorithm works on regular data sets (no. rows > no. columns). You can consider lrSVD for wide data sets."
"tmp_nd__ge_nd_MNAR_30",15,"impKNNa",13.3333333333333,3.5,"ok"
"tmp_nd__ge_nd_MNAR_30",15,"missForest",6.70971388217905,1.64441223091494,"ok"
"tmp_nd__ge_nd_MNAR_30",15,"lrEMplus",NA,NA,"ERR: The lrEMplus algorithm works on regular data sets (no. rows > no. columns). You can consider lrSVD for wide data sets."
"tmp_nd__ge_nd_MNAR_30",16,"impKNNa",16.0714285714286,11.25,"ok"
"tmp_nd__ge_nd_MNAR_30",16,"missForest",9.21603819741204,6.03024671473966,"ok"
"tmp_nd__ge_nd_MNAR_30",16,"lrEMplus",NA,NA,"ERR: The lrEMplus algorithm works on regular data sets (no. rows > no. columns). You can consider lrSVD for wide data sets."
"tmp_nd__ge_nd_MNAR_30",17,"impKNNa",12.9166666666667,6.75,"ok"
"tmp_nd__ge_nd_MNAR_30",17,"missForest",7.50849724299011,4.37135005935828,"ok"
"tmp_nd__ge_nd_MNAR_30",17,"lrEMplus",NA,NA,"ERR: The lrEMplus algorithm works on regular data sets (no. rows > no. columns). You can consider lrSVD for wide data sets."
"tmp_nd__ge_nd_MNAR_30",18,"impKNNa",10,5.5,"ok"
"tmp_nd__ge_nd_MNAR_30",18,"missForest",8.76555432889446,4.82105488089196,"ok"
"tmp_nd__ge_nd_MNAR_30",18,"lrEMplus",NA,NA,"ERR: The lrEMplus algorithm works on regular data sets (no. rows > no. columns). You can consider lrSVD for wide data sets."
"tmp_nd__ge_nd_MNAR_30",19,"impKNNa",3.75,2.25,"ok"
"tmp_nd__ge_nd_MNAR_30",19,"missForest",8.88559018739569,4.91479363161706,"ok"
"tmp_nd__ge_nd_MNAR_30",19,"lrEMplus",NA,NA,"ERR: The lrEMplus algorithm works on regular data sets (no. rows > no. columns). You can consider lrSVD for wide data sets."
"tmp_nd__ge_nd_MNAR_30",2,"impKNNa",7.5,5.25,"ok"
"tmp_nd__ge_nd_MNAR_30",2,"missForest",11.5982973411474,8.1188081388032,"ok"
"tmp_nd__ge_nd_MNAR_30",2,"lrEMplus",NA,NA,"ERR: The lrEMplus algorithm works on regular data sets (no. rows > no. columns). You can consider lrSVD for wide data sets."
"tmp_nd__ge_nd_MNAR_30",3,"impKNNa",8.18181818181818,4,"ok"
"tmp_nd__ge_nd_MNAR_30",3,"missForest",9.50860861968764,5.2297347408282,"ok"
"tmp_nd__ge_nd_MNAR_30",3,"lrEMplus",NA,NA,"ERR: The lrEMplus algorithm works on regular data sets (no. rows > no. columns). You can consider lrSVD for wide data sets."
"tmp_nd__ge_nd_MNAR_30",4,"impKNNa",12.0833333333333,3.625,"ok"
"tmp_nd__ge_nd_MNAR_30",4,"missForest",9.08453944448559,2.72536183334568,"ok"
"tmp_nd__ge_nd_MNAR_30",4,"lrEMplus",NA,NA,"ERR: The lrEMplus algorithm works on regular data sets (no. rows > no. columns). You can consider lrSVD for wide data sets."
"tmp_nd__ge_nd_MNAR_30",5,"impKNNa",13.0555555555556,5.875,"ok"
"tmp_nd__ge_nd_MNAR_30",5,"missForest",10.0548846712617,4.52469810206778,"ok"
"tmp_nd__ge_nd_MNAR_30",5,"lrEMplus",NA,NA,"ERR: The lrEMplus algorithm works on regular data sets (no. rows > no. columns). You can consider lrSVD for wide data sets."
"tmp_nd__ge_nd_MNAR_30",6,"impKNNa",6.875,2.25,"ok"
"tmp_nd__ge_nd_MNAR_30",6,"missForest",8.02281729676878,3.20912691870751,"ok"
"tmp_nd__ge_nd_MNAR_30",6,"lrEMplus",NA,NA,"ERR: The lrEMplus algorithm works on regular data sets (no. rows > no. columns). You can consider lrSVD for wide data sets."
"tmp_nd__ge_nd_MNAR_30",7,"impKNNa",8.66666666666667,2.16666666666667,"ok"
"tmp_nd__ge_nd_MNAR_30",7,"missForest",11.4153380875947,2.85383452189867,"ok"
"tmp_nd__ge_nd_MNAR_30",7,"lrEMplus",NA,NA,"ERR: The lrEMplus algorithm works on regular data sets (no. rows > no. columns). You can consider lrSVD for wide data sets."
"tmp_nd__ge_nd_MNAR_30",8,"impKNNa",5.55555555555555,1.66666666666667,"ok"
"tmp_nd__ge_nd_MNAR_30",8,"missForest",7.39186984555406,2.21756095366622,"ok"
"tmp_nd__ge_nd_MNAR_30",8,"lrEMplus",NA,NA,"ERR: The lrEMplus algorithm works on regular data sets (no. rows > no. columns). You can consider lrSVD for wide data sets."
"tmp_nd__ge_nd_MNAR_30",9,"impKNNa",8.75,4.375,"ok"
"tmp_nd__ge_nd_MNAR_30",9,"missForest",9.46459718614576,4.7302219197462,"ok"
"tmp_nd__ge_nd_MNAR_30",9,"lrEMplus",NA,NA,"ERR: The lrEMplus algorithm works on regular data sets (no. rows > no. columns). You can consider lrSVD for wide data sets."
"tmp_nd__synA1_MAR_10",0,"impKNNa",9.03404761904762,7.5654,"ok"
"tmp_nd__synA1_MAR_10",0,"missForest",9.3051377902109,7.759218189931,"ok"
"tmp_nd__synA1_MAR_10",0,"lrEMplus",NA,NA,"ERR: The lrEMplus algorithm works on regular data sets (no. rows > no. columns). You can consider lrSVD for wide data sets."
"tmp_nd__synA1_MAR_10",1,"impKNNa",7.6302380952381,6.2738,"ok"
"tmp_nd__synA1_MAR_10",1,"missForest",5.45567578715427,4.32091038616567,"ok"
"tmp_nd__synA1_MAR_10",1,"lrEMplus",NA,NA,"ERR: The lrEMplus algorithm works on regular data sets (no. rows > no. columns). You can consider lrSVD for wide data sets."
"tmp_nd__synA1_MAR_10",10,"impKNNa",8.69528571428571,11.0502,"ok"
"tmp_nd__synA1_MAR_10",10,"missForest",7.28019521414554,9.24577643643448,"ok"
"tmp_nd__synA1_MAR_10",10,"lrEMplus",NA,NA,"ERR: The lrEMplus algorithm works on regular data sets (no. rows > no. columns). You can consider lrSVD for wide data sets."
"tmp_nd__synA1_MAR_10",11,"impKNNa",8.26318181818182,7.2732,"ok"
"tmp_nd__synA1_MAR_10",11,"missForest",6.28755503152623,5.53384842774309,"ok"
"tmp_nd__synA1_MAR_10",11,"lrEMplus",NA,NA,"ERR: The lrEMplus algorithm works on regular data sets (no. rows > no. columns). You can consider lrSVD for wide data sets."
"tmp_nd__synA1_MAR_10",12,"impKNNa",6.30125,6.7982,"ok"
"tmp_nd__synA1_MAR_10",12,"missForest",5.67621551456943,6.07325236900025,"ok"
"tmp_nd__synA1_MAR_10",12,"lrEMplus",NA,NA,"ERR: The lrEMplus algorithm works on regular data sets (no. rows > no. columns). You can consider lrSVD for wide data sets."
"tmp_nd__synA1_MAR_10",13,"impKNNa",7.23783333333333,7.5678,"ok"
"tmp_nd__synA1_MAR_10",13,"missForest",7.1665588166518,8.02348115921844,"ok"
"tmp_nd__synA1_MAR_10",13,"lrEMplus",NA,NA,"ERR: The lrEMplus algorithm works on regular data sets (no. rows > no. columns). You can consider lrSVD for wide data sets."
"tmp_nd__synA1_MAR_10",14,"impKNNa",5.57083333333333,5.2988,"ok"
"tmp_nd__synA1_MAR_10",14,"missForest",5.90030007899099,5.41908304369094,"ok"
"tmp_nd__synA1_MAR_10",14,"lrEMplus",NA,NA,"ERR: The lrEMplus algorithm works on regular data sets (no. rows > no. columns). You can consider lrSVD for wide data sets."
"tmp_nd__synA1_MAR_10",15,"impKNNa",9.68958333333333,9.0876,"ok"
"tmp_nd__synA1_MAR_10",15,"missForest",8.12922745043729,7.8088583524198,"ok"
"tmp_nd__synA1_MAR_10",15,"lrEMplus",NA,NA,"ERR: The lrEMplus algorithm works on regular data sets (no. rows > no. columns). You can consider lrSVD for wide data sets."
"tmp_nd__synA1_MAR_10",16,"impKNNa",8.53608695652174,6.8396,"ok"
"tmp_nd__synA1_MAR_10",16,"missForest",7.27065263232705,6.64408489805346,"ok"
"tmp_nd__synA1_MAR_10",16,"lrEMplus",NA,NA,"ERR: The lrEMplus algorithm works on regular data sets (no. rows > no. columns). You can consider lrSVD for wide data sets."
"tmp_nd__synA1_MAR_10",17,"impKNNa",6.57229166666667,5.0638,"ok"
"tmp_nd__synA1_MAR_10",17,"missForest",5.4705854928517,5.22330091971328,"ok"
"tmp_nd__synA1_MAR_10",17,"lrEMplus",NA,NA,"ERR: The lrEMplus algorithm works on regular data sets (no. rows > no. columns). You can consider lrSVD for wide data sets."
"tmp_nd__synA1_MAR_10",18,"impKNNa",7.01783333333333,7.5398,"ok"
"tmp_nd__synA1_MAR_10",18,"missForest",6.90185212607101,7.86985770573656,"ok"
"tmp_nd__synA1_MAR_10",18,"lrEMplus",NA,NA,"ERR: The lrEMplus algorithm works on regular data sets (no. rows > no. columns). You can consider lrSVD for wide data sets."
"tmp_nd__synA1_MAR_10",19,"impKNNa",8.34045454545454,10.057,"ok"
"tmp_nd__synA1_MAR_10",19,"missForest",7.20286114871133,9.46748441471165,"ok"
"tmp_nd__synA1_MAR_10",19,"lrEMplus",NA,NA,"ERR: The lrEMplus algorithm works on regular data sets (no. rows > no. columns). You can consider lrSVD for wide data sets."
"tmp_nd__synA1_MAR_10",2,"impKNNa",9.6552380952381,8.1128,"ok"
"tmp_nd__synA1_MAR_10",2,"missForest",8.60155236675695,7.22850398807584,"ok"
"tmp_nd__synA1_MAR_10",2,"lrEMplus",NA,NA,"ERR: The lrEMplus algorithm works on regular data sets (no. rows > no. columns). You can consider lrSVD for wide data sets."
"tmp_nd__synA1_MAR_10",3,"impKNNa",6.4271875,5.8432,"ok"
"tmp_nd__synA1_MAR_10",3,"missForest",5.44935735379522,6.41400710140202,"ok"
"tmp_nd__synA1_MAR_10",3,"lrEMplus",NA,NA,"ERR: The lrEMplus algorithm works on regular data sets (no. rows > no. columns). You can consider lrSVD for wide data sets."
"tmp_nd__synA1_MAR_10",4,"impKNNa",9.41777777777778,11.458,"ok"
"tmp_nd__synA1_MAR_10",4,"missForest",8.90243908998713,12.6006545321258,"ok"
"tmp_nd__synA1_MAR_10",4,"lrEMplus",NA,NA,"ERR: The lrEMplus algorithm works on regular data sets (no. rows > no. columns). You can consider lrSVD for wide data sets."
"tmp_nd__synA1_MAR_10",5,"impKNNa",10.5501612903226,9.891,"ok"
"tmp_nd__synA1_MAR_10",5,"missForest",7.42188261887883,9.20233444740975,"ok"
"tmp_nd__synA1_MAR_10",5,"lrEMplus",NA,NA,"ERR: The lrEMplus algorithm works on regular data sets (no. rows > no. columns). You can consider lrSVD for wide data sets."
"tmp_nd__synA1_MAR_10",6,"impKNNa",10.81025,8.0554,"ok"
"tmp_nd__synA1_MAR_10",6,"missForest",6.3836718977591,5.11173751820728,"ok"
"tmp_nd__synA1_MAR_10",6,"lrEMplus",NA,NA,"ERR: The lrEMplus algorithm works on regular data sets (no. rows > no. columns). You can consider lrSVD for wide data sets."
"tmp_nd__synA1_MAR_10",7,"impKNNa",6.29,6.8676,"ok"
"tmp_nd__synA1_MAR_10",7,"missForest",5.07025121893084,5.53202624577763,"ok"
"tmp_nd__synA1_MAR_10",7,"lrEMplus",NA,NA,"ERR: The lrEMplus algorithm works on regular data sets (no. rows > no. columns). You can consider lrSVD for wide data sets."
"tmp_nd__synA1_MAR_10",8,"impKNNa",8.91537037037037,7.3894,"ok"
"tmp_nd__synA1_MAR_10",8,"missForest",5.91039802887428,5.88545229717549,"ok"
"tmp_nd__synA1_MAR_10",8,"lrEMplus",NA,NA,"ERR: The lrEMplus algorithm works on regular data sets (no. rows > no. columns). You can consider lrSVD for wide data sets."
"tmp_nd__synA1_MAR_10",9,"impKNNa",5.2837037037037,5.1524,"ok"
"tmp_nd__synA1_MAR_10",9,"missForest",5.06886343778322,5.3037001005062,"ok"
"tmp_nd__synA1_MAR_10",9,"lrEMplus",NA,NA,"ERR: The lrEMplus algorithm works on regular data sets (no. rows > no. columns). You can consider lrSVD for wide data sets."
"tmp_nd__synA1_MAR_30",0,"impKNNa",9.07756756756757,18.0696,"ok"
"tmp_nd__synA1_MAR_30",0,"missForest",7.01654470066135,19.8180371055687,"ok"
"tmp_nd__synA1_MAR_30",0,"lrEMplus",NA,NA,"ERR: The lrEMplus algorithm works on regular data sets (no. rows > no. columns). You can consider lrSVD for wide data sets."
"tmp_nd__synA1_MAR_30",1,"impKNNa",NA,NA,"ok"
"tmp_nd__synA1_MAR_30",1,"missForest",8.1644917961909,28.1753841699867,"ok"
"tmp_nd__synA1_MAR_30",1,"lrEMplus",NA,NA,"ERR: The lrEMplus algorithm works on regular data sets (no. rows > no. columns). You can consider lrSVD for wide data sets."
"tmp_nd__synA1_MAR_30",10,"impKNNa",NA,NA,"ok"
"tmp_nd__synA1_MAR_30",10,"missForest",6.91772428580975,22.9647236535506,"ok"
"tmp_nd__synA1_MAR_30",10,"lrEMplus",NA,NA,"ERR: The lrEMplus algorithm works on regular data sets (no. rows > no. columns). You can consider lrSVD for wide data sets."
"tmp_nd__synA1_MAR_30",11,"impKNNa",6.93315789473684,14.9464,"ok"
"tmp_nd__synA1_MAR_30",11,"missForest",5.93056128406215,16.4738456452677,"ok"
"tmp_nd__synA1_MAR_30",11,"lrEMplus",NA,NA,"ERR: The lrEMplus algorithm works on regular data sets (no. rows > no. columns). You can consider lrSVD for wide data sets."
"tmp_nd__synA1_MAR_30",12,"impKNNa",NA,NA,"ok"
"tmp_nd__synA1_MAR_30",12,"missForest",6.66303146944474,22.1569242241934,"ok"
"tmp_nd__synA1_MAR_30",12,"lrEMplus",NA,NA,"ERR: The lrEMplus algorithm works on regular data sets (no. rows > no. columns). You can consider lrSVD for wide data sets."
"tmp_nd__synA1_MAR_30",13,"impKNNa",8.14037974683544,18.3868,"ok"
"tmp_nd__synA1_MAR_30",13,"missForest",6.91581733663144,21.175156053424,"ok"
"tmp_nd__synA1_MAR_30",13,"lrEMplus",NA,NA,"ERR: The lrEMplus algorithm works on regular data sets (no. rows > no. columns). You can consider lrSVD for wide data sets."
"tmp_nd__synA1_MAR_30",14,"impKNNa",7.893125,17.9196,"ok"
"tmp_nd__synA1_MAR_30",14,"missForest",6.45080347073643,19.7693931929458,"ok"
"tmp_nd__synA1_MAR_30",14,"lrEMplus",NA,NA,"ERR: The lrEMplus algorithm works on regular data sets (no. rows > no. columns). You can consider lrSVD for wide data sets."
"tmp_nd__synA1_MAR_30",15,"impKNNa",NA,NA,"ok"
"tmp_nd__synA1_MAR_30",15,"missForest",8.1947681498904,22.0201157288819,"ok"
"tmp_nd__synA1_MAR_30",15,"lrEMplus",NA,NA,"ERR: The lrEMplus algorithm works on regular data sets (no. rows > no. columns). You can consider lrSVD for wide data sets."
"tmp_nd__synA1_MAR_30",16,"impKNNa",7.76315068493151,20.6244,"ok"
"tmp_nd__synA1_MAR_30",16,"missForest",6.93328535630763,19.1966348476417,"ok"
"tmp_nd__synA1_MAR_30",16,"lrEMplus",NA,NA,"ERR: The lrEMplus algorithm works on regular data sets (no. rows > no. columns). You can consider lrSVD for wide data sets."
"tmp_nd__synA1_MAR_30",17,"impKNNa",NA,NA,"ok"
"tmp_nd__synA1_MAR_30",17,"missForest",6.95532230412504,21.7104178175505,"ok"
"tmp_nd__synA1_MAR_30",17,"lrEMplus",NA,NA,"ERR: The lrEMplus algorithm works on regular data sets (no. rows > no. columns). You can consider lrSVD for wide data sets."
"tmp_nd__synA1_MAR_30",18,"impKNNa",NA,NA,"ok"
"tmp_nd__synA1_MAR_30",18,"missForest",6.8608764779754,22.3680368404974,"ok"
"tmp_nd__synA1_MAR_30",18,"lrEMplus",NA,NA,"ERR: The lrEMplus algorithm works on regular data sets (no. rows > no. columns). You can consider lrSVD for wide data sets."
"tmp_nd__synA1_MAR_30",19,"impKNNa",NA,NA,"ok"
"tmp_nd__synA1_MAR_30",19,"missForest",6.52299913053198,20.7334161148868,"ok"
"tmp_nd__synA1_MAR_30",19,"lrEMplus",NA,NA,"ERR: The lrEMplus algorithm works on regular data sets (no. rows > no. columns). You can consider lrSVD for wide data sets."
"tmp_nd__synA1_MAR_30",2,"impKNNa",7.95111111111111,19.6224,"ok"
"tmp_nd__synA1_MAR_30",2,"missForest",6.35774012383734,17.379450397417,"ok"
"tmp_nd__synA1_MAR_30",2,"lrEMplus",NA,NA,"ERR: The lrEMplus algorithm works on regular data sets (no. rows > no. columns). You can consider lrSVD for wide data sets."
"tmp_nd__synA1_MAR_30",3,"impKNNa",8.10405063291139,21.8288,"ok"
"tmp_nd__synA1_MAR_30",3,"missForest",7.26794308839895,22.1263146606093,"ok"
"tmp_nd__synA1_MAR_30",3,"lrEMplus",NA,NA,"ERR: The lrEMplus algorithm works on regular data sets (no. rows > no. columns). You can consider lrSVD for wide data sets."
"tmp_nd__synA1_MAR_30",4,"impKNNa",9.07978021978022,27.3408,"ok"
"tmp_nd__synA1_MAR_30",4,"missForest",8.14807038381258,28.8098199721668,"ok"
"tmp_nd__synA1_MAR_30",4,"lrEMplus",NA,NA,"ERR: The lrEMplus algorithm works on regular data sets (no. rows > no. columns). You can consider lrSVD for wide data sets."
"tmp_nd__synA1_MAR_30",5,"impKNNa",NA,NA,"ok"
"tmp_nd__synA1_MAR_30",5,"missForest",7.47656445231578,24.1993480035936,"ok"
"tmp_nd__synA1_MAR_30",5,"lrEMplus",NA,NA,"ERR: The lrEMplus algorithm works on regular data sets (no. rows > no. columns). You can consider lrSVD for wide data sets."
"tmp_nd__synA1_MAR_30",6,"impKNNa",8.47865671641791,19.746,"ok"
"tmp_nd__synA1_MAR_30",6,"missForest",7.77429727867089,20.0443708566002,"ok"
"tmp_nd__synA1_MAR_30",6,"lrEMplus",NA,NA,"ERR: The lrEMplus algorithm works on regular data sets (no. rows > no. columns). You can consider lrSVD for wide data sets."
"tmp_nd__synA1_MAR_30",7,"impKNNa",6.83186666666667,14.8908,"ok"
"tmp_nd__synA1_MAR_30",7,"missForest",5.76688922228992,16.3369551248309,"ok"
"tmp_nd__synA1_MAR_30",7,"lrEMplus",NA,NA,"ERR: The lrEMplus algorithm works on regular data sets (no. rows > no. columns). You can consider lrSVD for wide data sets."
"tmp_nd__synA1_MAR_30",8,"impKNNa",NA,NA,"ok"
"tmp_nd__synA1_MAR_30",8,"missForest",6.92262913803293,22.1213713749005,"ok"
"tmp_nd__synA1_MAR_30",8,"lrEMplus",NA,NA,"ERR: The lrEMplus algorithm works on regular data sets (no. rows > no. columns). You can consider lrSVD for wide data sets."
"tmp_nd__synA1_MAR_30",9,"impKNNa",7.67946808510638,27.0556,"ok"
"tmp_nd__synA1_MAR_30",9,"missForest",6.55636020795759,23.7105619895674,"ok"
"tmp_nd__synA1_MAR_30",9,"lrEMplus",NA,NA,"ERR: The lrEMplus algorithm works on regular data sets (no. rows > no. columns). You can consider lrSVD for wide data sets."
"tmp_nd__synA1_MCAR_10",0,"impKNNa",8.802,7.8756,"ok"
"tmp_nd__synA1_MCAR_10",0,"missForest",8.8031308467662,8.5702583265792,"ok"
"tmp_nd__synA1_MCAR_10",0,"lrEMplus",NA,NA,"ERR: The lrEMplus algorithm works on regular data sets (no. rows > no. columns). You can consider lrSVD for wide data sets."
"tmp_nd__synA1_MCAR_10",1,"impKNNa",7.12625,6.4548,"ok"
"tmp_nd__synA1_MCAR_10",1,"missForest",8.28392217261081,7.95496528570638,"ok"
"tmp_nd__synA1_MCAR_10",1,"lrEMplus",NA,NA,"ERR: The lrEMplus algorithm works on regular data sets (no. rows > no. columns). You can consider lrSVD for wide data sets."
"tmp_nd__synA1_MCAR_10",10,"impKNNa",8.44583333333333,7.6322,"ok"
"tmp_nd__synA1_MCAR_10",10,"missForest",6.68067528687828,7.31203380590147,"ok"
"tmp_nd__synA1_MCAR_10",10,"lrEMplus",NA,NA,"ERR: The lrEMplus algorithm works on regular data sets (no. rows > no. columns). You can consider lrSVD for wide data sets."
"tmp_nd__synA1_MCAR_10",11,"impKNNa",8.09125,7.0644,"ok"
"tmp_nd__synA1_MCAR_10",11,"missForest",8.15999622819473,7.4146953559528,"ok"
"tmp_nd__synA1_MCAR_10",11,"lrEMplus",NA,NA,"ERR: The lrEMplus algorithm works on regular data sets (no. rows > no. columns). You can consider lrSVD for wide data sets."
"tmp_nd__synA1_MCAR_10",12,"impKNNa",8.51241935483871,9.4418,"ok"
"tmp_nd__synA1_MCAR_10",12,"missForest",7.56861403298599,9.25808177758476,"ok"
"tmp_nd__synA1_MCAR_10",12,"lrEMplus",NA,NA,"ERR: The lrEMplus algorithm works on regular data sets (no. rows > no. columns). You can consider lrSVD for wide data sets."
"tmp_nd__synA1_MCAR_10",13,"impKNNa",8.95142857142857,10.2224,"ok"
"tmp_nd__synA1_MCAR_10",13,"missForest",7.687177974888,10.6520956737168,"ok"
"tmp_nd__synA1_MCAR_10",13,"lrEMplus",NA,NA,"ERR: The lrEMplus algorithm works on regular data sets (no. rows > no. columns). You can consider lrSVD for wide data sets."
"tmp_nd__synA1_MCAR_10",14,"impKNNa",12.0303846153846,10.8988,"ok"
"tmp_nd__synA1_MCAR_10",14,"missForest",10.7235656925259,10.6340688755607,"ok"
"tmp_nd__synA1_MCAR_10",14,"lrEMplus",NA,NA,"ERR: The lrEMplus algorithm works on regular data sets (no. rows > no. columns). You can consider lrSVD for wide data sets."
"tmp_nd__synA1_MCAR_10",15,"impKNNa",8.78074074074074,8.4852,"ok"
"tmp_nd__synA1_MCAR_10",15,"missForest",8.01862799819505,8.55591671421893,"ok"
"tmp_nd__synA1_MCAR_10",15,"lrEMplus",NA,NA,"ERR: The lrEMplus algorithm works on regular data sets (no. rows > no. columns). You can consider lrSVD for wide data sets."
"tmp_nd__synA1_MCAR_10",16,"impKNNa",8.64046875,10.2698,"ok"
"tmp_nd__synA1_MCAR_10",16,"missForest",9.0386082071718,11.4778714480805,"ok"
"tmp_nd__synA1_MCAR_10",16,"lrEMplus",NA,NA,"ERR: The lrEMplus algorithm works on regular data sets (no. rows > no. columns). You can consider lrSVD for wide data sets."
"tmp_nd__synA1_MCAR_10",17,"impKNNa",9.77166666666667,7.0396,"ok"
"tmp_nd__synA1_MCAR_10",17,"missForest",8.93615515468937,6.32478794514258,"ok"
"tmp_nd__synA1_MCAR_10",17,"lrEMplus",NA,NA,"ERR: The lrEMplus algorithm works on regular data sets (no. rows > no. columns). You can consider lrSVD for wide data sets."
"tmp_nd__synA1_MCAR_10",18,"impKNNa",8.85266666666667,9.3344,"ok"
"tmp_nd__synA1_MCAR_10",18,"missForest",9.4392896301401,10.7119703456231,"ok"
"tmp_nd__synA1_MCAR_10",18,"lrEMplus",NA,NA,"ERR: The lrEMplus algorithm works on regular data sets (no. rows > no. columns). You can consider lrSVD for wide data sets."
"tmp_nd__synA1_MCAR_10",19,"impKNNa",9.07767857142857,9.1486,"ok"
"tmp_nd__synA1_MCAR_10",19,"missForest",9.16823803510797,9.89154418635611,"ok"
"tmp_nd__synA1_MCAR_10",19,"lrEMplus",NA,NA,"ERR: The lrEMplus algorithm works on regular data sets (no. rows > no. columns). You can consider lrSVD for wide data sets."
"tmp_nd__synA1_MCAR_10",2,"impKNNa",8.605,9.9834,"ok"
"tmp_nd__synA1_MCAR_10",2,"missForest",7.63448164849233,8.66924975642829,"ok"
"tmp_nd__synA1_MCAR_10",2,"lrEMplus",NA,NA,"ERR: The lrEMplus algorithm works on regular data sets (no. rows > no. columns). You can consider lrSVD for wide data sets."
"tmp_nd__synA1_MCAR_10",3,"impKNNa",9.6314,8.1782,"ok"
"tmp_nd__synA1_MCAR_10",3,"missForest",8.26946957087469,8.04994096824785,"ok"
"tmp_nd__synA1_MCAR_10",3,"lrEMplus",NA,NA,"ERR: The lrEMplus algorithm works on regular data sets (no. rows > no. columns). You can consider lrSVD for wide data sets."
"tmp_nd__synA1_MCAR_10",4,"impKNNa",7.188125,8.416,"ok"
"tmp_nd__synA1_MCAR_10",4,"missForest",6.95379628044163,8.79857719949365,"ok"
"tmp_nd__synA1_MCAR_10",4,"lrEMplus",NA,NA,"ERR: The lrEMplus algorithm works on regular data sets (no. rows > no. columns). You can consider lrSVD for wide data sets."
"tmp_nd__synA1_MCAR_10",5,"impKNNa",8.59108108108108,9.0572,"ok"
"tmp_nd__synA1_MCAR_10",5,"missForest",6.51097538010161,9.25855283132082,"ok"
"tmp_nd__synA1_MCAR_10",5,"lrEMplus",NA,NA,"ERR: The lrEMplus algorithm works on regular data sets (no. rows > no. columns). You can consider lrSVD for wide data sets."
"tmp_nd__synA1_MCAR_10",6,"impKNNa",8.29446428571429,9.2914,"ok"
"tmp_nd__synA1_MCAR_10",6,"missForest",7.20325627511957,7.99733306722816,"ok"
"tmp_nd__synA1_MCAR_10",6,"lrEMplus",NA,NA,"ERR: The lrEMplus algorithm works on regular data sets (no. rows > no. columns). You can consider lrSVD for wide data sets."
"tmp_nd__synA1_MCAR_10",7,"impKNNa",9.39711538461538,7.1598,"ok"
"tmp_nd__synA1_MCAR_10",7,"missForest",9.07483149216578,9.12822063436887,"ok"
"tmp_nd__synA1_MCAR_10",7,"lrEMplus",NA,NA,"ERR: The lrEMplus algorithm works on regular data sets (no. rows > no. columns). You can consider lrSVD for wide data sets."
"tmp_nd__synA1_MCAR_10",8,"impKNNa",9.03608695652174,7.6708,"ok"
"tmp_nd__synA1_MCAR_10",8,"missForest",10.3137580628798,9.49025741784938,"ok"
"tmp_nd__synA1_MCAR_10",8,"lrEMplus",NA,NA,"ERR: The lrEMplus algorithm works on regular data sets (no. rows > no. columns). You can consider lrSVD for wide data sets."
"tmp_nd__synA1_MCAR_10",9,"impKNNa",6.36545454545455,5.0792,"ok"
"tmp_nd__synA1_MCAR_10",9,"missForest",4.57431272768972,3.91045316276011,"ok"
"tmp_nd__synA1_MCAR_10",9,"lrEMplus",NA,NA,"ERR: The lrEMplus algorithm works on regular data sets (no. rows > no. columns). You can consider lrSVD for wide data sets."
"tmp_nd__synA1_MCAR_30",0,"impKNNa",NA,NA,"ok"
"tmp_nd__synA1_MCAR_30",0,"missForest",7.94928778248225,25.1452728376645,"ok"
"tmp_nd__synA1_MCAR_30",0,"lrEMplus",NA,NA,"ERR: The lrEMplus algorithm works on regular data sets (no. rows > no. columns). You can consider lrSVD for wide data sets."
"tmp_nd__synA1_MCAR_30",1,"impKNNa",9.71351351351351,24.9336,"ok"
"tmp_nd__synA1_MCAR_30",1,"missForest",8.68088259918196,25.2938410224393,"ok"
"tmp_nd__synA1_MCAR_30",1,"lrEMplus",NA,NA,"ERR: The lrEMplus algorithm works on regular data sets (no. rows > no. columns). You can consider lrSVD for wide data sets."
"tmp_nd__synA1_MCAR_30",10,"impKNNa",8.75470588235294,26.4684,"ok"
"tmp_nd__synA1_MCAR_30",10,"missForest",8.36636449033623,27.7510749230896,"ok"
"tmp_nd__synA1_MCAR_30",10,"lrEMplus",NA,NA,"ERR: The lrEMplus algorithm works on regular data sets (no. rows > no. columns). You can consider lrSVD for wide data sets."
"tmp_nd__synA1_MCAR_30",11,"impKNNa",NA,NA,"ok"
"tmp_nd__synA1_MCAR_30",11,"missForest",8.77364354302842,27.4601538686305,"ok"
"tmp_nd__synA1_MCAR_30",11,"lrEMplus",NA,NA,"ERR: The lrEMplus algorithm works on regular data sets (no. rows > no. columns). You can consider lrSVD for wide data sets."
"tmp_nd__synA1_MCAR_30",12,"impKNNa",7.93673684210526,24.914,"ok"
"tmp_nd__synA1_MCAR_30",12,"missForest",6.82557342658666,24.7258359180137,"ok"
"tmp_nd__synA1_MCAR_30",12,"lrEMplus",NA,NA,"ERR: The lrEMplus algorithm works on regular data sets (no. rows > no. columns). You can consider lrSVD for wide data sets."
"tmp_nd__synA1_MCAR_30",13,"impKNNa",9.02159090909091,23.7984,"ok"
"tmp_nd__synA1_MCAR_30",13,"missForest",7.84858920760431,26.5744723008493,"ok"
"tmp_nd__synA1_MCAR_30",13,"lrEMplus",NA,NA,"ERR: The lrEMplus algorithm works on regular data sets (no. rows > no. columns). You can consider lrSVD for wide data sets."
"tmp_nd__synA1_MCAR_30",14,"impKNNa",9.57966292134831,29.0692,"ok"
"tmp_nd__synA1_MCAR_30",14,"missForest",8.90263368757954,31.0670518469609,"ok"
"tmp_nd__synA1_MCAR_30",14,"lrEMplus",NA,NA,"ERR: The lrEMplus algorithm works on regular data sets (no. rows > no. columns). You can consider lrSVD for wide data sets."
"tmp_nd__synA1_MCAR_30",15,"impKNNa",NA,NA,"ok"
"tmp_nd__synA1_MCAR_30",15,"missForest",7.45188560395813,26.9216397498427,"ok"
"tmp_nd__synA1_MCAR_30",15,"lrEMplus",NA,NA,"ERR: The lrEMplus algorithm works on regular data sets (no. rows > no. columns). You can consider lrSVD for wide data sets."
"tmp_nd__synA1_MCAR_30",16,"impKNNa",8.76963855421687,20.2144,"ok"
"tmp_nd__synA1_MCAR_30",16,"missForest",7.01921600199522,22.2167194573482,"ok"
"tmp_nd__synA1_MCAR_30",16,"lrEMplus",NA,NA,"ERR: The lrEMplus algorithm works on regular data sets (no. rows > no. columns). You can consider lrSVD for wide data sets."
"tmp_nd__synA1_MCAR_30",17,"impKNNa",NA,NA,"ok"
"tmp_nd__synA1_MCAR_30",17,"missForest",8.53726609851156,28.1333375265748,"ok"
"tmp_nd__synA1_MCAR_30",17,"lrEMplus",NA,NA,"ERR: The lrEMplus algorithm works on regular data sets (no. rows > no. columns). You can consider lrSVD for wide data sets."
"tmp_nd__synA1_MCAR_30",18,"impKNNa",NA,NA,"ok"
"tmp_nd__synA1_MCAR_30",18,"missForest",8.0381432673192,27.7540776351809,"ok"
"tmp_nd__synA1_MCAR_30",18,"lrEMplus",NA,NA,"ERR: The lrEMplus algorithm works on regular data sets (no. rows > no. columns). You can consider lrSVD for wide data sets."
"tmp_nd__synA1_MCAR_30",19,"impKNNa",8.94735632183908,23.6984,"ok"
"tmp_nd__synA1_MCAR_30",19,"missForest",7.21743970866403,23.68371767117,"ok"
"tmp_nd__synA1_MCAR_30",19,"lrEMplus",NA,NA,"ERR: The lrEMplus algorithm works on regular data sets (no. rows > no. columns). You can consider lrSVD for wide data sets."
"tmp_nd__synA1_MCAR_30",2,"impKNNa",NA,NA,"ok"
"tmp_nd__synA1_MCAR_30",2,"missForest",8.52194207484815,30.009935078991,"ok"
"tmp_nd__synA1_MCAR_30",2,"lrEMplus",NA,NA,"ERR: The lrEMplus algorithm works on regular data sets (no. rows > no. columns). You can consider lrSVD for wide data sets."
"tmp_nd__synA1_MCAR_30",3,"impKNNa",8.62079545454545,25.7772,"ok"
"tmp_nd__synA1_MCAR_30",3,"missForest",7.44739572066566,25.3271771125216,"ok"
"tmp_nd__synA1_MCAR_30",3,"lrEMplus",NA,NA,"ERR: The lrEMplus algorithm works on regular data sets (no. rows > no. columns). You can consider lrSVD for wide data sets."
"tmp_nd__synA1_MCAR_30",4,"impKNNa",NA,NA,"ok"
"tmp_nd__synA1_MCAR_30",4,"missForest",7.89987013290456,27.6883416222918,"ok"
"tmp_nd__synA1_MCAR_30",4,"lrEMplus",NA,NA,"ERR: The lrEMplus algorithm works on regular data sets (no. rows > no. columns). You can consider lrSVD for wide data sets."
"tmp_nd__synA1_MCAR_30",5,"impKNNa",NA,NA,"ok"
"tmp_nd__synA1_MCAR_30",5,"missForest",6.58133229908412,24.1742810093257,"ok"
"tmp_nd__synA1_MCAR_30",5,"lrEMplus",NA,NA,"ERR: The lrEMplus algorithm works on regular data sets (no. rows > no. columns). You can consider lrSVD for wide data sets."
"tmp_nd__synA1_MCAR_30",6,"impKNNa",NA,NA,"ok"
"tmp_nd__synA1_MCAR_30",6,"missForest",7.43488924729737,24.4953397879237,"ok"
"tmp_nd__synA1_MCAR_30",6,"lrEMplus",NA,NA,"ERR: The lrEMplus algorithm works on regular data sets (no. rows > no. columns). You can consider lrSVD for wide data sets."
"tmp_nd__synA1_MCAR_30",7,"impKNNa",8.75844444444444,27.0272,"ok"
"tmp_nd__synA1_MCAR_30",7,"missForest",7.79532840536203,27.2706953771139,"ok"
"tmp_nd__synA1_MCAR_30",7,"lrEMplus",NA,NA,"ERR: The lrEMplus algorithm works on regular data sets (no. rows > no. columns). You can consider lrSVD for wide data sets."
"tmp_nd__synA1_MCAR_30",8,"impKNNa",8.93621621621622,23.764,"ok"
"tmp_nd__synA1_MCAR_30",8,"missForest",7.73278983832784,22.5584716294313,"ok"
"tmp_nd__synA1_MCAR_30",8,"lrEMplus",NA,NA,"ERR: The lrEMplus algorithm works on regular data sets (no. rows > no. columns). You can consider lrSVD for wide data sets."
"tmp_nd__synA1_MCAR_30",9,"impKNNa",NA,NA,"ok"
"tmp_nd__synA1_MCAR_30",9,"missForest",6.35875763526774,20.3950814332879,"ok"
"tmp_nd__synA1_MCAR_30",9,"lrEMplus",NA,NA,"ERR: The lrEMplus algorithm works on regular data sets (no. rows > no. columns). You can consider lrSVD for wide data sets."
"tmp_nd__synA1_MNAR_10",0,"impKNNa",6.54153846153846,3.4072,"ok"
"tmp_nd__synA1_MNAR_10",0,"missForest",6.21767825863649,3.18229456582899,"ok"
"tmp_nd__synA1_MNAR_10",0,"lrEMplus",NA,NA,"ERR: The lrEMplus algorithm works on regular data sets (no. rows > no. columns). You can consider lrSVD for wide data sets."
"tmp_nd__synA1_MNAR_10",1,"impKNNa",7.55631578947368,5.6116,"ok"
"tmp_nd__synA1_MNAR_10",1,"missForest",4.79737839704969,3.31607455640338,"ok"
"tmp_nd__synA1_MNAR_10",1,"lrEMplus",NA,NA,"ERR: The lrEMplus algorithm works on regular data sets (no. rows > no. columns). You can consider lrSVD for wide data sets."
"tmp_nd__synA1_MNAR_10",10,"impKNNa",5.22166666666667,4.1348,"ok"
"tmp_nd__synA1_MNAR_10",10,"missForest",4.59173845096381,3.54403669990793,"ok"
"tmp_nd__synA1_MNAR_10",10,"lrEMplus",NA,NA,"ERR: The lrEMplus algorithm works on regular data sets (no. rows > no. columns). You can consider lrSVD for wide data sets."
"tmp_nd__synA1_MNAR_10",11,"impKNNa",5.710625,3.242,"ok"
"tmp_nd__synA1_MNAR_10",11,"missForest",4.34164878819567,2.78105522444523,"ok"
"tmp_nd__synA1_MNAR_10",11,"lrEMplus",NA,NA,"ERR: The lrEMplus algorithm works on regular data sets (no. rows > no. columns). You can consider lrSVD for wide data sets."
"tmp_nd__synA1_MNAR_10",12,"impKNNa",4.76825,3.557,"ok"
"tmp_nd__synA1_MNAR_10",12,"missForest",4.38064005523641,3.24255145592579,"ok"
"tmp_nd__synA1_MNAR_10",12,"lrEMplus",NA,NA,"ERR: The lrEMplus algorithm works on regular data sets (no. rows > no. columns). You can consider lrSVD for wide data sets."
"tmp_nd__synA1_MNAR_10",13,"impKNNa",5.16125,2.7408,"ok"
"tmp_nd__synA1_MNAR_10",13,"missForest",4.30059798486591,2.40178925804583,"ok"
"tmp_nd__synA1_MNAR_10",13,"lrEMplus",NA,NA,"ERR: The lrEMplus algorithm works on regular data sets (no. rows > no. columns). You can consider lrSVD for wide data sets."
"tmp_nd__synA1_MNAR_10",14,"impKNNa",5.321875,3.4108,"ok"
"tmp_nd__synA1_MNAR_10",14,"missForest",3.92454918227539,2.51251147665625,"ok"
"tmp_nd__synA1_MNAR_10",14,"lrEMplus",NA,NA,"ERR: The lrEMplus algorithm works on regular data sets (no. rows > no. columns). You can consider lrSVD for wide data sets."
"tmp_nd__synA1_MNAR_10",15,"impKNNa",9.387,7.2592,"ok"
"tmp_nd__synA1_MNAR_10",15,"missForest",7.35003212028451,5.88482569622761,"ok"
"tmp_nd__synA1_MNAR_10",15,"lrEMplus",NA,NA,"ERR: The lrEMplus algorithm works on regular data sets (no. rows > no. columns). You can consider lrSVD for wide data sets."
"tmp_nd__synA1_MNAR_10",16,"impKNNa",5.30785714285714,2.5164,"ok"
"tmp_nd__synA1_MNAR_10",16,"missForest",4.2824231154483,2.39598637777932,"ok"
"tmp_nd__synA1_MNAR_10",16,"lrEMplus",NA,NA,"ERR: The lrEMplus algorithm works on regular data sets (no. rows > no. columns). You can consider lrSVD for wide data sets."
"tmp_nd__synA1_MNAR_10",17,"impKNNa",6.699,3.368,"ok"
"tmp_nd__synA1_MNAR_10",17,"missForest",4.59494615394581,3.66752935918729,"ok"
"tmp_nd__synA1_MNAR_10",17,"lrEMplus",NA,NA,"ERR: The lrEMplus algorithm works on regular data sets (no. rows > no. columns). You can consider lrSVD for wide data sets."
"tmp_nd__synA1_MNAR_10",18,"impKNNa",5.76052631578947,4.382,"ok"
"tmp_nd__synA1_MNAR_10",18,"missForest",5.24148238942618,3.85914266935495,"ok"
"tmp_nd__synA1_MNAR_10",18,"lrEMplus",NA,NA,"ERR: The lrEMplus algorithm works on regular data sets (no. rows > no. columns). You can consider lrSVD for wide data sets."
"tmp_nd__synA1_MNAR_10",19,"impKNNa",6.73166666666667,5.0694,"ok"
"tmp_nd__synA1_MNAR_10",19,"missForest",4.83036870314594,4.06070971064259,"ok"
"tmp_nd__synA1_MNAR_10",19,"lrEMplus",NA,NA,"ERR: The lrEMplus algorithm works on regular data sets (no. rows > no. columns). You can consider lrSVD for wide data sets."
"tmp_nd__synA1_MNAR_10",2,"impKNNa",6.46,3.2312,"ok"
"tmp_nd__synA1_MNAR_10",2,"missForest",5.68690912897855,3.17570417110244,"ok"
"tmp_nd__synA1_MNAR_10",2,"lrEMplus",NA,NA,"ERR: The lrEMplus algorithm works on regular data sets (no. rows > no. columns). You can consider lrSVD for wide data sets."
"tmp_nd__synA1_MNAR_10",3,"impKNNa",3.79,2.0396,"ok"
"tmp_nd__synA1_MNAR_10",3,"missForest",3.04029335739062,2.22888118494882,"ok"
"tmp_nd__synA1_MNAR_10",3,"lrEMplus",NA,NA,"ERR: The lrEMplus algorithm works on regular data sets (no. rows > no. columns). You can consider lrSVD for wide data sets."
"tmp_nd__synA1_MNAR_10",4,"impKNNa",6.48625,5.5608,"ok"
"tmp_nd__synA1_MNAR_10",4,"missForest",5.96276839474353,5.66785789930233,"ok"
"tmp_nd__synA1_MNAR_10",4,"lrEMplus",NA,NA,"ERR: The lrEMplus algorithm works on regular data sets (no. rows > no. columns). You can consider lrSVD for wide data sets."
"tmp_nd__synA1_MNAR_10",5,"impKNNa",6.9345,3.9836,"ok"
"tmp_nd__synA1_MNAR_10",5,"missForest",5.08842353017643,4.07233882414114,"ok"
"tmp_nd__synA1_MNAR_10",5,"lrEMplus",NA,NA,"ERR: The lrEMplus algorithm works on regular data sets (no. rows > no. columns). You can consider lrSVD for wide data sets."
"tmp_nd__synA1_MNAR_10",6,"impKNNa",5.87454545454545,2.1672,"ok"
"tmp_nd__synA1_MNAR_10",6,"missForest",4.02199526080199,1.7674580570276,"ok"
"tmp_nd__synA1_MNAR_10",6,"lrEMplus",NA,NA,"ERR: The lrEMplus algorithm works on regular data sets (no. rows > no. columns). You can consider lrSVD for wide data sets."
"tmp_nd__synA1_MNAR_10",7,"impKNNa",5.3224,5.1088,"ok"
"tmp_nd__synA1_MNAR_10",7,"missForest",3.76437548779539,3.44880966821855,"ok"
"tmp_nd__synA1_MNAR_10",7,"lrEMplus",NA,NA,"ERR: The lrEMplus algorithm works on regular data sets (no. rows > no. columns). You can consider lrSVD for wide data sets."
"tmp_nd__synA1_MNAR_10",8,"impKNNa",8.56571428571429,6.608,"ok"
"tmp_nd__synA1_MNAR_10",8,"missForest",5.23079693351156,4.03595926804442,"ok"
"tmp_nd__synA1_MNAR_10",8,"lrEMplus",NA,NA,"ERR: The lrEMplus algorithm works on regular data sets (no. rows > no. columns). You can consider lrSVD for wide data sets."
"tmp_nd__synA1_MNAR_10",9,"impKNNa",2.29823529411765,1.5596,"ok"
"tmp_nd__synA1_MNAR_10",9,"missForest",2.23685787704202,1.4988699895776,"ok"
"tmp_nd__synA1_MNAR_10",9,"lrEMplus",NA,NA,"ERR: The lrEMplus algorithm works on regular data sets (no. rows > no. columns). You can consider lrSVD for wide data sets."
"tmp_nd__synA1_MNAR_30",0,"impKNNa",6.49959183673469,9.2928,"ok"
"tmp_nd__synA1_MNAR_30",0,"missForest",5.02449549302494,8.8080467682822,"ok"
"tmp_nd__synA1_MNAR_30",0,"lrEMplus",NA,NA,"ERR: The lrEMplus algorithm works on regular data sets (no. rows > no. columns). You can consider lrSVD for wide data sets."
"tmp_nd__synA1_MNAR_30",1,"impKNNa",6.68469387755102,9.8468,"ok"
"tmp_nd__synA1_MNAR_30",1,"missForest",4.04664504108584,7.00940956949425,"ok"
"tmp_nd__synA1_MNAR_30",1,"lrEMplus",NA,NA,"ERR: The lrEMplus algorithm works on regular data sets (no. rows > no. columns). You can consider lrSVD for wide data sets."
"tmp_nd__synA1_MNAR_30",10,"impKNNa",6.3240625,12.036,"ok"
"tmp_nd__synA1_MNAR_30",10,"missForest",5.11018175092026,11.3803829018881,"ok"
"tmp_nd__synA1_MNAR_30",10,"lrEMplus",NA,NA,"ERR: The lrEMplus algorithm works on regular data sets (no. rows > no. columns). You can consider lrSVD for wide data sets."
"tmp_nd__synA1_MNAR_30",11,"impKNNa",6.69150943396226,8.566,"ok"
"tmp_nd__synA1_MNAR_30",11,"missForest",3.93144121067083,6.83522135942635,"ok"
"tmp_nd__synA1_MNAR_30",11,"lrEMplus",NA,NA,"ERR: The lrEMplus algorithm works on regular data sets (no. rows > no. columns). You can consider lrSVD for wide data sets."
"tmp_nd__synA1_MNAR_30",12,"impKNNa",6.02107142857143,10.5072,"ok"
"tmp_nd__synA1_MNAR_30",12,"missForest",3.92069888146545,7.97854313021417,"ok"
"tmp_nd__synA1_MNAR_30",12,"lrEMplus",NA,NA,"ERR: The lrEMplus algorithm works on regular data sets (no. rows > no. columns). You can consider lrSVD for wide data sets."
"tmp_nd__synA1_MNAR_30",13,"impKNNa",7.92065217391304,11.0684,"ok"
"tmp_nd__synA1_MNAR_30",13,"missForest",5.31351589108058,9.02486952700177,"ok"
"tmp_nd__synA1_MNAR_30",13,"lrEMplus",NA,NA,"ERR: The lrEMplus algorithm works on regular data sets (no. rows > no. columns). You can consider lrSVD for wide data sets."
"tmp_nd__synA1_MNAR_30",14,"impKNNa",6.8091,7.4642,"ok"
"tmp_nd__synA1_MNAR_30",14,"missForest",4.24434825076317,7.53068249750363,"ok"
"tmp_nd__synA1_MNAR_30",14,"lrEMplus",NA,NA,"ERR: The lrEMplus algorithm works on regular data sets (no. rows > no. columns). You can consider lrSVD for wide data sets."
"tmp_nd__synA1_MNAR_30",15,"impKNNa",7.45159090909091,11.2536,"ok"
"tmp_nd__synA1_MNAR_30",15,"missForest",6.56717695424258,11.1020609130189,"ok"
"tmp_nd__synA1_MNAR_30",15,"lrEMplus",NA,NA,"ERR: The lrEMplus algorithm works on regular data sets (no. rows > no. columns). You can consider lrSVD for wide data sets."
"tmp_nd__synA1_MNAR_30",16,"impKNNa",6.99795918367347,8.0024,"ok"
"tmp_nd__synA1_MNAR_30",16,"missForest",4.68886310161645,8.89294401225737,"ok"
"tmp_nd__synA1_MNAR_30",16,"lrEMplus",NA,NA,"ERR: The lrEMplus algorithm works on regular data sets (no. rows > no. columns). You can consider lrSVD for wide data sets."
"tmp_nd__synA1_MNAR_30",17,"impKNNa",5.48767857142857,10.7292,"ok"
"tmp_nd__synA1_MNAR_30",17,"missForest",4.16332005395823,7.69523248334179,"ok"
"tmp_nd__synA1_MNAR_30",17,"lrEMplus",NA,NA,"ERR: The lrEMplus algorithm works on regular data sets (no. rows > no. columns). You can consider lrSVD for wide data sets."
"tmp_nd__synA1_MNAR_30",18,"impKNNa",NA,NA,"ok"
"tmp_nd__synA1_MNAR_30",18,"missForest",4.70198786231161,11.2634362954542,"ok"
"tmp_nd__synA1_MNAR_30",18,"lrEMplus",NA,NA,"ERR: The lrEMplus algorithm works on regular data sets (no. rows > no. columns). You can consider lrSVD for wide data sets."
"tmp_nd__synA1_MNAR_30",19,"impKNNa",NA,NA,"ok"
"tmp_nd__synA1_MNAR_30",19,"missForest",5.33044260109274,12.4389684164196,"ok"
"tmp_nd__synA1_MNAR_30",19,"lrEMplus",NA,NA,"ERR: The lrEMplus algorithm works on regular data sets (no. rows > no. columns). You can consider lrSVD for wide data sets."
"tmp_nd__synA1_MNAR_30",2,"impKNNa",6.53313725490196,9.9636,"ok"
"tmp_nd__synA1_MNAR_30",2,"missForest",4.8023450218519,8.94370818431642,"ok"
"tmp_nd__synA1_MNAR_30",2,"lrEMplus",NA,NA,"ERR: The lrEMplus algorithm works on regular data sets (no. rows > no. columns). You can consider lrSVD for wide data sets."
"tmp_nd__synA1_MNAR_30",3,"impKNNa",6.13935185185185,8.0194,"ok"
"tmp_nd__synA1_MNAR_30",3,"missForest",4.66921547617882,9.26479894097789,"ok"
"tmp_nd__synA1_MNAR_30",3,"lrEMplus",NA,NA,"ERR: The lrEMplus algorithm works on regular data sets (no. rows > no. columns). You can consider lrSVD for wide data sets."
"tmp_nd__synA1_MNAR_30",4,"impKNNa",7.66984126984127,13.6552,"ok"
"tmp_nd__synA1_MNAR_30",4,"missForest",5.58248552068831,13.5751230048305,"ok"
"tmp_nd__synA1_MNAR_30",4,"lrEMplus",NA,NA,"ERR: The lrEMplus algorithm works on regular data sets (no. rows > no. columns). You can consider lrSVD for wide data sets."
"tmp_nd__synA1_MNAR_30",5,"impKNNa",7.23229508196721,12.6348,"ok"
"tmp_nd__synA1_MNAR_30",5,"missForest",5.06464908934027,10.6422054156984,"ok"
"tmp_nd__synA1_MNAR_30",5,"lrEMplus",NA,NA,"ERR: The lrEMplus algorithm works on regular data sets (no. rows > no. columns). You can consider lrSVD for wide data sets."
"tmp_nd__synA1_MNAR_30",6,"impKNNa",5.62536585365854,7.4648,"ok"
"tmp_nd__synA1_MNAR_30",6,"missForest",3.62544044752563,5.33784846702257,"ok"
"tmp_nd__synA1_MNAR_30",6,"lrEMplus",NA,NA,"ERR: The lrEMplus algorithm works on regular data sets (no. rows > no. columns). You can consider lrSVD for wide data sets."
"tmp_nd__synA1_MNAR_30",7,"impKNNa",6.15679245283019,10.5164,"ok"
"tmp_nd__synA1_MNAR_30",7,"missForest",3.84585366212163,7.25532547200334,"ok"
"tmp_nd__synA1_MNAR_30",7,"lrEMplus",NA,NA,"ERR: The lrEMplus algorithm works on regular data sets (no. rows > no. columns). You can consider lrSVD for wide data sets."
"tmp_nd__synA1_MNAR_30",8,"impKNNa",7.04079365079365,14.1052,"ok"
"tmp_nd__synA1_MNAR_30",8,"missForest",5.26455806956875,11.9948827011332,"ok"
"tmp_nd__synA1_MNAR_30",8,"lrEMplus",NA,NA,"ERR: The lrEMplus algorithm works on regular data sets (no. rows > no. columns). You can consider lrSVD for wide data sets."
"tmp_nd__synA1_MNAR_30",9,"impKNNa",5.36573770491803,10.1404,"ok"
"tmp_nd__synA1_MNAR_30",9,"missForest",4.02045343552969,9.05666578484671,"ok"
"tmp_nd__synA1_MNAR_30",9,"lrEMplus",NA,NA,"ERR: The lrEMplus algorithm works on regular data sets (no. rows > no. columns). You can consider lrSVD for wide data sets."
"tmp_nd__synA2_MAR_10",0,"impKNNa",6.99277777777778,5.45683333333333,"ok"
"tmp_nd__synA2_MAR_10",0,"missForest",5.0608885983461,4.41210203956229,"ok"
"tmp_nd__synA2_MAR_10",0,"lrEMplus",NA,NA,"ERR: The lrEMplus algorithm works on regular data sets (no. rows > no. columns). You can consider lrSVD for wide data sets."
"tmp_nd__synA2_MAR_10",1,"impKNNa",5.84338709677419,5.82916666666667,"ok"
"tmp_nd__synA2_MAR_10",1,"missForest",5.56034250013928,5.50837990839308,"ok"
"tmp_nd__synA2_MAR_10",1,"lrEMplus",NA,NA,"ERR: The lrEMplus algorithm works on regular data sets (no. rows > no. columns). You can consider lrSVD for wide data sets."
"tmp_nd__synA2_MAR_10",10,"impKNNa",9.05071428571429,9.1185,"ok"
"tmp_nd__synA2_MAR_10",10,"missForest",9.35376398454277,10.513546411118,"ok"
"tmp_nd__synA2_MAR_10",10,"lrEMplus",NA,NA,"ERR: The lrEMplus algorithm works on regular data sets (no. rows > no. columns). You can consider lrSVD for wide data sets."
"tmp_nd__synA2_MAR_10",11,"impKNNa",6.35083333333333,5.7505,"ok"
"tmp_nd__synA2_MAR_10",11,"missForest",5.76368730840456,5.43072295262145,"ok"
"tmp_nd__synA2_MAR_10",11,"lrEMplus",NA,NA,"ERR: The lrEMplus algorithm works on regular data sets (no. rows > no. columns). You can consider lrSVD for wide data sets."
"tmp_nd__synA2_MAR_10",12,"impKNNa",9.15325,10.277,"ok"
"tmp_nd__synA2_MAR_10",12,"missForest",7.37420776825809,9.54442981462791,"ok"
"tmp_nd__synA2_MAR_10",12,"lrEMplus",NA,NA,"ERR: The lrEMplus algorithm works on regular data sets (no. rows > no. columns). You can consider lrSVD for wide data sets."
"tmp_nd__synA2_MAR_10",13,"impKNNa",8.23679487179487,9.9825,"ok"
"tmp_nd__synA2_MAR_10",13,"missForest",7.4329501667919,8.85675421450772,"ok"
"tmp_nd__synA2_MAR_10",13,"lrEMplus",NA,NA,"ERR: The lrEMplus algorithm works on regular data sets (no. rows > no. columns). You can consider lrSVD for wide data sets."
"tmp_nd__synA2_MAR_10",14,"impKNNa",9.16354838709677,8.102,"ok"
"tmp_nd__synA2_MAR_10",14,"missForest",9.83127754128494,9.96607421764353,"ok"
"tmp_nd__synA2_MAR_10",14,"lrEMplus",NA,NA,"ERR: The lrEMplus algorithm works on regular data sets (no. rows > no. columns). You can consider lrSVD for wide data sets."
"tmp_nd__synA2_MAR_10",15,"impKNNa",7.64322580645161,6.137,"ok"
"tmp_nd__synA2_MAR_10",15,"missForest",5.86040217062771,5.74230124162903,"ok"
"tmp_nd__synA2_MAR_10",15,"lrEMplus",NA,NA,"ERR: The lrEMplus algorithm works on regular data sets (no. rows > no. columns). You can consider lrSVD for wide data sets."
"tmp_nd__synA2_MAR_10",16,"impKNNa",6.49838235294118,5.97816666666667,"ok"
"tmp_nd__synA2_MAR_10",16,"missForest",5.2280459720297,5.78189816966585,"ok"
"tmp_nd__synA2_MAR_10",16,"lrEMplus",NA,NA,"ERR: The lrEMplus algorithm works on regular data sets (no. rows > no. columns). You can consider lrSVD for wide data sets."
"tmp_nd__synA2_MAR_10",17,"impKNNa",9.51090909090909,6.23766666666667,"ok"
"tmp_nd__synA2_MAR_10",17,"missForest",6.60382779096943,4.59342914624428,"ok"
"tmp_nd__synA2_MAR_10",17,"lrEMplus",NA,NA,"ERR: The lrEMplus algorithm works on regular data sets (no. rows > no. columns). You can consider lrSVD for wide data sets."
"tmp_nd__synA2_MAR_10",18,"impKNNa",6.01893939393939,6.10383333333333,"ok"
"tmp_nd__synA2_MAR_10",18,"missForest",5.62340060758976,5.49140742870167,"ok"
"tmp_nd__synA2_MAR_10",18,"lrEMplus",NA,NA,"ERR: The lrEMplus algorithm works on regular data sets (no. rows > no. columns). You can consider lrSVD for wide data sets."
"tmp_nd__synA2_MAR_10",19,"impKNNa",8.83265625,7.5025,"ok"
"tmp_nd__synA2_MAR_10",19,"missForest",6.68604700907268,6.51687641482728,"ok"
"tmp_nd__synA2_MAR_10",19,"lrEMplus",NA,NA,"ERR: The lrEMplus algorithm works on regular data sets (no. rows > no. columns). You can consider lrSVD for wide data sets."
"tmp_nd__synA2_MAR_10",2,"impKNNa",7.4872,5.34666666666667,"ok"
"tmp_nd__synA2_MAR_10",2,"missForest",6.69562087814147,5.46463033841866,"ok"
"tmp_nd__synA2_MAR_10",2,"lrEMplus",NA,NA,"ERR: The lrEMplus algorithm works on regular data sets (no. rows > no. columns). You can consider lrSVD for wide data sets."
"tmp_nd__synA2_MAR_10",3,"impKNNa",10.5148214285714,8.34816666666667,"ok"
"tmp_nd__synA2_MAR_10",3,"missForest",8.67547922874569,8.09878061349598,"ok"
"tmp_nd__synA2_MAR_10",3,"lrEMplus",NA,NA,"ERR: The lrEMplus algorithm works on regular data sets (no. rows > no. columns). You can consider lrSVD for wide data sets."
"tmp_nd__synA2_MAR_10",4,"impKNNa",8.0104347826087,6.14633333333333,"ok"
"tmp_nd__synA2_MAR_10",4,"missForest",6.65785454490664,5.05478923094117,"ok"
"tmp_nd__synA2_MAR_10",4,"lrEMplus",NA,NA,"ERR: The lrEMplus algorithm works on regular data sets (no. rows > no. columns). You can consider lrSVD for wide data sets."
"tmp_nd__synA2_MAR_10",5,"impKNNa",8.0563829787234,11.572,"ok"
"tmp_nd__synA2_MAR_10",5,"missForest",7.51676915511342,11.5200588139845,"ok"
"tmp_nd__synA2_MAR_10",5,"lrEMplus",NA,NA,"ERR: The lrEMplus algorithm works on regular data sets (no. rows > no. columns). You can consider lrSVD for wide data sets."
"tmp_nd__synA2_MAR_10",6,"impKNNa",6.38435483870968,5.7495,"ok"
"tmp_nd__synA2_MAR_10",6,"missForest",6.60287826505162,6.63034129235709,"ok"
"tmp_nd__synA2_MAR_10",6,"lrEMplus",NA,NA,"ERR: The lrEMplus algorithm works on regular data sets (no. rows > no. columns). You can consider lrSVD for wide data sets."
"tmp_nd__synA2_MAR_10",7,"impKNNa",8.82838235294118,7.40016666666667,"ok"
"tmp_nd__synA2_MAR_10",7,"missForest",7.07098829742537,7.6586357735021,"ok"
"tmp_nd__synA2_MAR_10",7,"lrEMplus",NA,NA,"ERR: The lrEMplus algorithm works on regular data sets (no. rows > no. columns). You can consider lrSVD for wide data sets."
"tmp_nd__synA2_MAR_10",8,"impKNNa",5.51608108108108,5.1735,"ok"
"tmp_nd__synA2_MAR_10",8,"missForest",5.09197370095944,5.33619994843827,"ok"
"tmp_nd__synA2_MAR_10",8,"lrEMplus",NA,NA,"ERR: The lrEMplus algorithm works on regular data sets (no. rows > no. columns). You can consider lrSVD for wide data sets."
"tmp_nd__synA2_MAR_10",9,"impKNNa",7.76771428571429,8.253,"ok"
"tmp_nd__synA2_MAR_10",9,"missForest",7.23642497362861,7.93143390261482,"ok"
"tmp_nd__synA2_MAR_10",9,"lrEMplus",NA,NA,"ERR: The lrEMplus algorithm works on regular data sets (no. rows > no. columns). You can consider lrSVD for wide data sets."
"tmp_nd__synA2_MAR_30",0,"impKNNa",9.06021505376344,18.3843333333333,"ok"
"tmp_nd__synA2_MAR_30",0,"missForest",6.16927981946519,17.7301089203816,"ok"
"tmp_nd__synA2_MAR_30",0,"lrEMplus",NA,NA,"ERR: The lrEMplus algorithm works on regular data sets (no. rows > no. columns). You can consider lrSVD for wide data sets."
"tmp_nd__synA2_MAR_30",1,"impKNNa",8.42784946236559,22.82,"ok"
"tmp_nd__synA2_MAR_30",1,"missForest",6.89487769423852,20.4469727073768,"ok"
"tmp_nd__synA2_MAR_30",1,"lrEMplus",NA,NA,"ERR: The lrEMplus algorithm works on regular data sets (no. rows > no. columns). You can consider lrSVD for wide data sets."
"tmp_nd__synA2_MAR_30",10,"impKNNa",NA,NA,"ok"
"tmp_nd__synA2_MAR_30",10,"missForest",8.16899415619332,23.4217773453031,"ok"
"tmp_nd__synA2_MAR_30",10,"lrEMplus",NA,NA,"ERR: The lrEMplus algorithm works on regular data sets (no. rows > no. columns). You can consider lrSVD for wide data sets."
"tmp_nd__synA2_MAR_30",11,"impKNNa",9.32546511627907,16.36,"ok"
"tmp_nd__synA2_MAR_30",11,"missForest",6.71306139969538,17.5605880728986,"ok"
"tmp_nd__synA2_MAR_30",11,"lrEMplus",NA,NA,"ERR: The lrEMplus algorithm works on regular data sets (no. rows > no. columns). You can consider lrSVD for wide data sets."
"tmp_nd__synA2_MAR_30",12,"impKNNa",NA,NA,"ok"
"tmp_nd__synA2_MAR_30",12,"missForest",6.40401709471717,20.7911506457023,"ok"
"tmp_nd__synA2_MAR_30",12,"lrEMplus",NA,NA,"ERR: The lrEMplus algorithm works on regular data sets (no. rows > no. columns). You can consider lrSVD for wide data sets."
"tmp_nd__synA2_MAR_30",13,"impKNNa",NA,NA,"ok"
"tmp_nd__synA2_MAR_30",13,"missForest",6.23460062949012,19.2438239643374,"ok"
"tmp_nd__synA2_MAR_30",13,"lrEMplus",NA,NA,"ERR: The lrEMplus algorithm works on regular data sets (no. rows > no. columns). You can consider lrSVD for wide data sets."
"tmp_nd__synA2_MAR_30",14,"impKNNa",NA,NA,"ok"
"tmp_nd__synA2_MAR_30",14,"missForest",7.81733701462224,21.5282965019384,"ok"
"tmp_nd__synA2_MAR_30",14,"lrEMplus",NA,NA,"ERR: The lrEMplus algorithm works on regular data sets (no. rows > no. columns). You can consider lrSVD for wide data sets."
"tmp_nd__synA2_MAR_30",15,"impKNNa",8.35918367346939,18.305,"ok"
"tmp_nd__synA2_MAR_30",15,"missForest",6.36361865232909,19.3653347763648,"ok"
"tmp_nd__synA2_MAR_30",15,"lrEMplus",NA,NA,"ERR: The lrEMplus algorithm works on regular data sets (no. rows > no. columns). You can consider lrSVD for wide data sets."
"tmp_nd__synA2_MAR_30",16,"impKNNa",8.42391304347826,16.759,"ok"
"tmp_nd__synA2_MAR_30",16,"missForest",6.40392709193766,18.1696601454696,"ok"
"tmp_nd__synA2_MAR_30",16,"lrEMplus",NA,NA,"ERR: The lrEMplus algorithm works on regular data sets (no. rows > no. columns). You can consider lrSVD for wide data sets."
"tmp_nd__synA2_MAR_30",17,"impKNNa",7.99707865168539,18.417,"ok"
"tmp_nd__synA2_MAR_30",17,"missForest",6.77223886266818,19.2123432238003,"ok"
"tmp_nd__synA2_MAR_30",17,"lrEMplus",NA,NA,"ERR: The lrEMplus algorithm works on regular data sets (no. rows > no. columns). You can consider lrSVD for wide data sets."
"tmp_nd__synA2_MAR_30",18,"impKNNa",9.37010638297872,18.4306666666667,"ok"
"tmp_nd__synA2_MAR_30",18,"missForest",7.34017386475881,21.8904595680266,"ok"
"tmp_nd__synA2_MAR_30",18,"lrEMplus",NA,NA,"ERR: The lrEMplus algorithm works on regular data sets (no. rows > no. columns). You can consider lrSVD for wide data sets."
"tmp_nd__synA2_MAR_30",19,"impKNNa",7.46635514018692,20.9336666666667,"ok"
"tmp_nd__synA2_MAR_30",19,"missForest",6.68747087565204,21.8652432024467,"ok"
"tmp_nd__synA2_MAR_30",19,"lrEMplus",NA,NA,"ERR: The lrEMplus algorithm works on regular data sets (no. rows > no. columns). You can consider lrSVD for wide data sets."
"tmp_nd__synA2_MAR_30",2,"impKNNa",NA,NA,"ok"
"tmp_nd__synA2_MAR_30",2,"missForest",7.73993673953823,25.5020134316665,"ok"
"tmp_nd__synA2_MAR_30",2,"lrEMplus",NA,NA,"ERR: The lrEMplus algorithm works on regular data sets (no. rows > no. columns). You can consider lrSVD for wide data sets."
"tmp_nd__synA2_MAR_30",3,"impKNNa",NA,NA,"ok"
"tmp_nd__synA2_MAR_30",3,"missForest",8.8818105062398,26.8258682981292,"ok"
"tmp_nd__synA2_MAR_30",3,"lrEMplus",NA,NA,"ERR: The lrEMplus algorithm works on regular data sets (no. rows > no. columns). You can consider lrSVD for wide data sets."
"tmp_nd__synA2_MAR_30",4,"impKNNa",NA,NA,"ok"
"tmp_nd__synA2_MAR_30",4,"missForest",7.79599255786171,22.4256979224251,"ok"
"tmp_nd__synA2_MAR_30",4,"lrEMplus",NA,NA,"ERR: The lrEMplus algorithm works on regular data sets (no. rows > no. columns). You can consider lrSVD for wide data sets."
"tmp_nd__synA2_MAR_30",5,"impKNNa",NA,NA,"ok"
"tmp_nd__synA2_MAR_30",5,"missForest",6.7991451932495,27.7832330688443,"ok"
"tmp_nd__synA2_MAR_30",5,"lrEMplus",NA,NA,"ERR: The lrEMplus algorithm works on regular data sets (no. rows > no. columns). You can consider lrSVD for wide data sets."
"tmp_nd__synA2_MAR_30",6,"impKNNa",8.00063157894737,17.4063333333333,"ok"
"tmp_nd__synA2_MAR_30",6,"missForest",6.07304059387413,18.1377109098064,"ok"
"tmp_nd__synA2_MAR_30",6,"lrEMplus",NA,NA,"ERR: The lrEMplus algorithm works on regular data sets (no. rows > no. columns). You can consider lrSVD for wide data sets."
"tmp_nd__synA2_MAR_30",7,"impKNNa",9.42051020408163,20.93,"ok"
"tmp_nd__synA2_MAR_30",7,"missForest",6.54084079763906,19.6704067855336,"ok"
"tmp_nd__synA2_MAR_30",7,"lrEMplus",NA,NA,"ERR: The lrEMplus algorithm works on regular data sets (no. rows > no. columns). You can consider lrSVD for wide data sets."
"tmp_nd__synA2_MAR_30",8,"impKNNa",7.83924050632911,14.9303333333333,"ok"
"tmp_nd__synA2_MAR_30",8,"missForest",6.27807728164571,14.9749620033942,"ok"
"tmp_nd__synA2_MAR_30",8,"lrEMplus",NA,NA,"ERR: The lrEMplus algorithm works on regular data sets (no. rows > no. columns). You can consider lrSVD for wide data sets."
"tmp_nd__synA2_MAR_30",9,"impKNNa",8.84568421052632,18.581,"ok"
"tmp_nd__synA2_MAR_30",9,"missForest",7.16016096985339,21.5826442513908,"ok"
"tmp_nd__synA2_MAR_30",9,"lrEMplus",NA,NA,"ERR: The lrEMplus algorithm works on regular data sets (no. rows > no. columns). You can consider lrSVD for wide data sets."
"tmp_nd__synA2_MCAR_10",0,"impKNNa",7.36484848484849,7.05366666666667,"ok"
"tmp_nd__synA2_MCAR_10",0,"missForest",5.73468724094088,6.13331965743516,"ok"
"tmp_nd__synA2_MCAR_10",0,"lrEMplus",NA,NA,"ERR: The lrEMplus algorithm works on regular data sets (no. rows > no. columns). You can consider lrSVD for wide data sets."
"tmp_nd__synA2_MCAR_10",1,"impKNNa",6.80428571428571,6.10966666666667,"ok"
"tmp_nd__synA2_MCAR_10",1,"missForest",6.34235378511348,5.74863194114199,"ok"
"tmp_nd__synA2_MCAR_10",1,"lrEMplus",NA,NA,"ERR: The lrEMplus algorithm works on regular data sets (no. rows > no. columns). You can consider lrSVD for wide data sets."
"tmp_nd__synA2_MCAR_10",10,"impKNNa",7.3225,6.70783333333333,"ok"
"tmp_nd__synA2_MCAR_10",10,"missForest",6.60789850337034,6.62192026931718,"ok"
"tmp_nd__synA2_MCAR_10",10,"lrEMplus",NA,NA,"ERR: The lrEMplus algorithm works on regular data sets (no. rows > no. columns). You can consider lrSVD for wide data sets."
"tmp_nd__synA2_MCAR_10",11,"impKNNa",7.11125,8.45766666666667,"ok"
"tmp_nd__synA2_MCAR_10",11,"missForest",6.78119899357179,8.65443491543097,"ok"
"tmp_nd__synA2_MCAR_10",11,"lrEMplus",NA,NA,"ERR: The lrEMplus algorithm works on regular data sets (no. rows > no. columns). You can consider lrSVD for wide data sets."
"tmp_nd__synA2_MCAR_10",12,"impKNNa",5.79432432432432,6.01433333333333,"ok"
"tmp_nd__synA2_MCAR_10",12,"missForest",5.30315033853324,5.71860641973508,"ok"
"tmp_nd__synA2_MCAR_10",12,"lrEMplus",NA,NA,"ERR: The lrEMplus algorithm works on regular data sets (no. rows > no. columns). You can consider lrSVD for wide data sets."
"tmp_nd__synA2_MCAR_10",13,"impKNNa",7.05114285714286,7.111,"ok"
"tmp_nd__synA2_MCAR_10",13,"missForest",6.34839950898541,7.17253229864852,"ok"
"tmp_nd__synA2_MCAR_10",13,"lrEMplus",NA,NA,"ERR: The lrEMplus algorithm works on regular data sets (no. rows > no. columns). You can consider lrSVD for wide data sets."
"tmp_nd__synA2_MCAR_10",14,"impKNNa",6.356,6.03433333333333,"ok"
"tmp_nd__synA2_MCAR_10",14,"missForest",5.02613743970519,4.58504470406035,"ok"
"tmp_nd__synA2_MCAR_10",14,"lrEMplus",NA,NA,"ERR: The lrEMplus algorithm works on regular data sets (no. rows > no. columns). You can consider lrSVD for wide data sets."
"tmp_nd__synA2_MCAR_10",15,"impKNNa",7.2759375,6.494,"ok"
"tmp_nd__synA2_MCAR_10",15,"missForest",6.39238214814841,6.68006042772195,"ok"
"tmp_nd__synA2_MCAR_10",15,"lrEMplus",NA,NA,"ERR: The lrEMplus algorithm works on regular data sets (no. rows > no. columns). You can consider lrSVD for wide data sets."
"tmp_nd__synA2_MCAR_10",16,"impKNNa",6.92067567567568,7.33483333333333,"ok"
"tmp_nd__synA2_MCAR_10",16,"missForest",6.43995795929428,7.09662899849388,"ok"
"tmp_nd__synA2_MCAR_10",16,"lrEMplus",NA,NA,"ERR: The lrEMplus algorithm works on regular data sets (no. rows > no. columns). You can consider lrSVD for wide data sets."
"tmp_nd__synA2_MCAR_10",17,"impKNNa",7.23741379310345,5.22783333333333,"ok"
"tmp_nd__synA2_MCAR_10",17,"missForest",4.90040644593377,4.55150639151997,"ok"
"tmp_nd__synA2_MCAR_10",17,"lrEMplus",NA,NA,"ERR: The lrEMplus algorithm works on regular data sets (no. rows > no. columns). You can consider lrSVD for wide data sets."
"tmp_nd__synA2_MCAR_10",18,"impKNNa",6.34844827586207,5.21783333333333,"ok"
"tmp_nd__synA2_MCAR_10",18,"missForest",5.08568185707689,4.74766541300094,"ok"
"tmp_nd__synA2_MCAR_10",18,"lrEMplus",NA,NA,"ERR: The lrEMplus algorithm works on regular data sets (no. rows > no. columns). You can consider lrSVD for wide data sets."
"tmp_nd__synA2_MCAR_10",19,"impKNNa",7.281875,9.18383333333333,"ok"
"tmp_nd__synA2_MCAR_10",19,"missForest",7.13483747239505,9.32728388599282,"ok"
"tmp_nd__synA2_MCAR_10",19,"lrEMplus",NA,NA,"ERR: The lrEMplus algorithm works on regular data sets (no. rows > no. columns). You can consider lrSVD for wide data sets."
"tmp_nd__synA2_MCAR_10",2,"impKNNa",9.83633333333333,7.83133333333333,"ok"
"tmp_nd__synA2_MCAR_10",2,"missForest",9.07254260697744,8.81039291998802,"ok"
"tmp_nd__synA2_MCAR_10",2,"lrEMplus",NA,NA,"ERR: The lrEMplus algorithm works on regular data sets (no. rows > no. columns). You can consider lrSVD for wide data sets."
"tmp_nd__synA2_MCAR_10",3,"impKNNa",8.16361111111111,8.418,"ok"
"tmp_nd__synA2_MCAR_10",3,"missForest",7.29505288344523,8.61390720448252,"ok"
"tmp_nd__synA2_MCAR_10",3,"lrEMplus",NA,NA,"ERR: The lrEMplus algorithm works on regular data sets (no. rows > no. columns). You can consider lrSVD for wide data sets."
"tmp_nd__synA2_MCAR_10",4,"impKNNa",8.66166666666667,7.76266666666667,"ok"
"tmp_nd__synA2_MCAR_10",4,"missForest",8.06546863386215,8.07113530052882,"ok"
"tmp_nd__synA2_MCAR_10",4,"lrEMplus",NA,NA,"ERR: The lrEMplus algorithm works on regular data sets (no. rows > no. columns). You can consider lrSVD for wide data sets."
"tmp_nd__synA2_MCAR_10",5,"impKNNa",7.818125,7.0405,"ok"
"tmp_nd__synA2_MCAR_10",5,"missForest",7.01294348149409,8.47382699862623,"ok"
"tmp_nd__synA2_MCAR_10",5,"lrEMplus",NA,NA,"ERR: The lrEMplus algorithm works on regular data sets (no. rows > no. columns). You can consider lrSVD for wide data sets."
"tmp_nd__synA2_MCAR_10",6,"impKNNa",7.30803571428571,5.35616666666667,"ok"
"tmp_nd__synA2_MCAR_10",6,"missForest",6.55185176849557,5.67010155870627,"ok"
"tmp_nd__synA2_MCAR_10",6,"lrEMplus",NA,NA,"ERR: The lrEMplus algorithm works on regular data sets (no. rows > no. columns). You can consider lrSVD for wide data sets."
"tmp_nd__synA2_MCAR_10",7,"impKNNa",5.99852941176471,6.04433333333334,"ok"
"tmp_nd__synA2_MCAR_10",7,"missForest",5.09415566634173,5.42508337682491,"ok"
"tmp_nd__synA2_MCAR_10",7,"lrEMplus",NA,NA,"ERR: The lrEMplus algorithm works on regular data sets (no. rows > no. columns). You can consider lrSVD for wide data sets."
"tmp_nd__synA2_MCAR_10",8,"impKNNa",4.73540540540541,4.75833333333334,"ok"
"tmp_nd__synA2_MCAR_10",8,"missForest",4.49330866386705,4.5209405643534,"ok"
"tmp_nd__synA2_MCAR_10",8,"lrEMplus",NA,NA,"ERR: The lrEMplus algorithm works on regular data sets (no. rows > no. columns). You can consider lrSVD for wide data sets."
"tmp_nd__synA2_MCAR_10",9,"impKNNa",9.59217391304348,7.26566666666667,"ok"
"tmp_nd__synA2_MCAR_10",9,"missForest",8.86266633847113,6.71785709518477,"ok"
"tmp_nd__synA2_MCAR_10",9,"lrEMplus",NA,NA,"ERR: The lrEMplus algorithm works on regular data sets (no. rows > no. columns). You can consider lrSVD for wide data sets."
"tmp_nd__synA2_MCAR_30",0,"impKNNa",9.01840425531915,19.2546666666667,"ok"
"tmp_nd__synA2_MCAR_30",0,"missForest",7.21141628470619,21.6892238599218,"ok"
"tmp_nd__synA2_MCAR_30",0,"lrEMplus",NA,NA,"ERR: The lrEMplus algorithm works on regular data sets (no. rows > no. columns). You can consider lrSVD for wide data sets."
"tmp_nd__synA2_MCAR_30",1,"impKNNa",10.0961855670103,21.3393333333333,"ok"
"tmp_nd__synA2_MCAR_30",1,"missForest",7.77077665156234,24.0064276444879,"ok"
"tmp_nd__synA2_MCAR_30",1,"lrEMplus",NA,NA,"ERR: The lrEMplus algorithm works on regular data sets (no. rows > no. columns). You can consider lrSVD for wide data sets."
"tmp_nd__synA2_MCAR_30",10,"impKNNa",8.32137254901961,21.185,"ok"
"tmp_nd__synA2_MCAR_30",10,"missForest",7.51446588664331,23.1383617347282,"ok"
"tmp_nd__synA2_MCAR_30",10,"lrEMplus",NA,NA,"ERR: The lrEMplus algorithm works on regular data sets (no. rows > no. columns). You can consider lrSVD for wide data sets."
"tmp_nd__synA2_MCAR_30",11,"impKNNa",8.4375,24.23,"ok"
"tmp_nd__synA2_MCAR_30",11,"missForest",7.22000813305097,22.5230807042273,"ok"
"tmp_nd__synA2_MCAR_30",11,"lrEMplus",NA,NA,"ERR: The lrEMplus algorithm works on regular data sets (no. rows > no. columns). You can consider lrSVD for wide data sets."
"tmp_nd__synA2_MCAR_30",12,"impKNNa",7.16531531531532,20.7646666666667,"ok"
"tmp_nd__synA2_MCAR_30",12,"missForest",5.9460589522291,19.8484084528494,"ok"
"tmp_nd__synA2_MCAR_30",12,"lrEMplus",NA,NA,"ERR: The lrEMplus algorithm works on regular data sets (no. rows > no. columns). You can consider lrSVD for wide data sets."
"tmp_nd__synA2_MCAR_30",13,"impKNNa",7.95656862745098,21.6933333333333,"ok"
"tmp_nd__synA2_MCAR_30",13,"missForest",6.38210069609264,20.8219590076666,"ok"
"tmp_nd__synA2_MCAR_30",13,"lrEMplus",NA,NA,"ERR: The lrEMplus algorithm works on regular data sets (no. rows > no. columns). You can consider lrSVD for wide data sets."
"tmp_nd__synA2_MCAR_30",14,"impKNNa",NA,NA,"ok"
"tmp_nd__synA2_MCAR_30",14,"missForest",7.1863253481223,23.2462580860368,"ok"
"tmp_nd__synA2_MCAR_30",14,"lrEMplus",NA,NA,"ERR: The lrEMplus algorithm works on regular data sets (no. rows > no. columns). You can consider lrSVD for wide data sets."
"tmp_nd__synA2_MCAR_30",15,"impKNNa",9.01941176470588,21.2883333333333,"ok"
"tmp_nd__synA2_MCAR_30",15,"missForest",7.03362918326219,23.0342085245215,"ok"
"tmp_nd__synA2_MCAR_30",15,"lrEMplus",NA,NA,"ERR: The lrEMplus algorithm works on regular data sets (no. rows > no. columns). You can consider lrSVD for wide data sets."
"tmp_nd__synA2_MCAR_30",16,"impKNNa",NA,NA,"ok"
"tmp_nd__synA2_MCAR_30",16,"missForest",6.9778189370462,22.7549137937207,"ok"
"tmp_nd__synA2_MCAR_30",16,"lrEMplus",NA,NA,"ERR: The lrEMplus algorithm works on regular data sets (no. rows > no. columns). You can consider lrSVD for wide data sets."
"tmp_nd__synA2_MCAR_30",17,"impKNNa",8.17103092783505,16.3613333333333,"ok"
"tmp_nd__synA2_MCAR_30",17,"missForest",6.41385555357149,18.7653797415689,"ok"
"tmp_nd__synA2_MCAR_30",17,"lrEMplus",NA,NA,"ERR: The lrEMplus algorithm works on regular data sets (no. rows > no. columns). You can consider lrSVD for wide data sets."
"tmp_nd__synA2_MCAR_30",18,"impKNNa",NA,NA,"ok"
"tmp_nd__synA2_MCAR_30",18,"missForest",6.43269504292873,18.9267984874838,"ok"
"tmp_nd__synA2_MCAR_30",18,"lrEMplus",NA,NA,"ERR: The lrEMplus algorithm works on regular data sets (no. rows > no. columns). You can consider lrSVD for wide data sets."
"tmp_nd__synA2_MCAR_30",19,"impKNNa",NA,NA,"ok"
"tmp_nd__synA2_MCAR_30",19,"missForest",6.74148758783785,21.806100415398,"ok"
"tmp_nd__synA2_MCAR_30",19,"lrEMplus",NA,NA,"ERR: The lrEMplus algorithm works on regular data sets (no. rows > no. columns). You can consider lrSVD for wide data sets."
"tmp_nd__synA2_MCAR_30",2,"impKNNa",NA,NA,"ok"
"tmp_nd__synA2_MCAR_30",2,"missForest",7.28212192268508,26.155253468961,"ok"
"tmp_nd__synA2_MCAR_30",2,"lrEMplus",NA,NA,"ERR: The lrEMplus algorithm works on regular data sets (no. rows > no. columns). You can consider lrSVD for wide data sets."
"tmp_nd__synA2_MCAR_30",3,"impKNNa",8.37072916666667,19.3046666666667,"ok"
"tmp_nd__synA2_MCAR_30",3,"missForest",6.7743870606037,20.5061038463074,"ok"
"tmp_nd__synA2_MCAR_30",3,"lrEMplus",NA,NA,"ERR: The lrEMplus algorithm works on regular data sets (no. rows > no. columns). You can consider lrSVD for wide data sets."
"tmp_nd__synA2_MCAR_30",4,"impKNNa",NA,NA,"ok"
"tmp_nd__synA2_MCAR_30",4,"missForest",7.02721720522722,21.9638958504589,"ok"
"tmp_nd__synA2_MCAR_30",4,"lrEMplus",NA,NA,"ERR: The lrEMplus algorithm works on regular data sets (no. rows > no. columns). You can consider lrSVD for wide data sets."
"tmp_nd__synA2_MCAR_30",5,"impKNNa",NA,NA,"ok"
"tmp_nd__synA2_MCAR_30",5,"missForest",7.30281691448647,25.2465853564393,"ok"
"tmp_nd__synA2_MCAR_30",5,"lrEMplus",NA,NA,"ERR: The lrEMplus algorithm works on regular data sets (no. rows > no. columns). You can consider lrSVD for wide data sets."
"tmp_nd__synA2_MCAR_30",6,"impKNNa",8.4196,20.7483333333333,"ok"
"tmp_nd__synA2_MCAR_30",6,"missForest",7.45600609952401,23.4404257836836,"ok"
"tmp_nd__synA2_MCAR_30",6,"lrEMplus",NA,NA,"ERR: The lrEMplus algorithm works on regular data sets (no. rows > no. columns). You can consider lrSVD for wide data sets."
"tmp_nd__synA2_MCAR_30",7,"impKNNa",7.14490740740741,24.1886666666667,"ok"
"tmp_nd__synA2_MCAR_30",7,"missForest",6.92701199117784,22.8663537048066,"ok"
"tmp_nd__synA2_MCAR_30",7,"lrEMplus",NA,NA,"ERR: The lrEMplus algorithm works on regular data sets (no. rows > no. columns). You can consider lrSVD for wide data sets."
"tmp_nd__synA2_MCAR_30",8,"impKNNa",NA,NA,"ok"
"tmp_nd__synA2_MCAR_30",8,"missForest",6.47044749446149,18.8740530713891,"ok"
"tmp_nd__synA2_MCAR_30",8,"lrEMplus",NA,NA,"ERR: The lrEMplus algorithm works on regular data sets (no. rows > no. columns). You can consider lrSVD for wide data sets."
"tmp_nd__synA2_MCAR_30",9,"impKNNa",7.99695238095238,23.1143333333333,"ok"
"tmp_nd__synA2_MCAR_30",9,"missForest",7.6502461531692,25.6198230538653,"ok"
"tmp_nd__synA2_MCAR_30",9,"lrEMplus",NA,NA,"ERR: The lrEMplus algorithm works on regular data sets (no. rows > no. columns). You can consider lrSVD for wide data sets."
"tmp_nd__synA2_MNAR_10",0,"impKNNa",6.00794117647059,2.37583333333333,"ok"
"tmp_nd__synA2_MNAR_10",0,"missForest",3.9115766935189,2.0624750479243,"ok"
"tmp_nd__synA2_MNAR_10",0,"lrEMplus",NA,NA,"ERR: The lrEMplus algorithm works on regular data sets (no. rows > no. columns). You can consider lrSVD for wide data sets."
"tmp_nd__synA2_MNAR_10",1,"impKNNa",5.88590909090909,4.32133333333333,"ok"
"tmp_nd__synA2_MNAR_10",1,"missForest",4.4005633316802,3.03755898533819,"ok"
"tmp_nd__synA2_MNAR_10",1,"lrEMplus",NA,NA,"ERR: The lrEMplus algorithm works on regular data sets (no. rows > no. columns). You can consider lrSVD for wide data sets."
"tmp_nd__synA2_MNAR_10",10,"impKNNa",9.28934782608696,6.3175,"ok"
"tmp_nd__synA2_MNAR_10",10,"missForest",7.59599453998083,5.48638689190738,"ok"
"tmp_nd__synA2_MNAR_10",10,"lrEMplus",NA,NA,"ERR: The lrEMplus algorithm works on regular data sets (no. rows > no. columns). You can consider lrSVD for wide data sets."
"tmp_nd__synA2_MNAR_10",11,"impKNNa",5.73481481481481,4.51133333333333,"ok"
"tmp_nd__synA2_MNAR_10",11,"missForest",5.29718845922626,4.44642801373654,"ok"
"tmp_nd__synA2_MNAR_10",11,"lrEMplus",NA,NA,"ERR: The lrEMplus algorithm works on regular data sets (no. rows > no. columns). You can consider lrSVD for wide data sets."
"tmp_nd__synA2_MNAR_10",12,"impKNNa",6.75383333333333,6.56083333333333,"ok"
"tmp_nd__synA2_MNAR_10",12,"missForest",5.74735505853624,5.57294408519476,"ok"
"tmp_nd__synA2_MNAR_10",12,"lrEMplus",NA,NA,"ERR: The lrEMplus algorithm works on regular data sets (no. rows > no. columns). You can consider lrSVD for wide data sets."
"tmp_nd__synA2_MNAR_10",13,"impKNNa",7.95370967741936,7.21316666666667,"ok"
"tmp_nd__synA2_MNAR_10",13,"missForest",6.00193765483613,5.57440816215259,"ok"
"tmp_nd__synA2_MNAR_10",13,"lrEMplus",NA,NA,"ERR: The lrEMplus algorithm works on regular data sets (no. rows > no. columns). You can consider lrSVD for wide data sets."
"tmp_nd__synA2_MNAR_10",14,"impKNNa",7.96434782608696,6.109,"ok"
"tmp_nd__synA2_MNAR_10",14,"missForest",6.87335419424033,5.1646255575473,"ok"
"tmp_nd__synA2_MNAR_10",14,"lrEMplus",NA,NA,"ERR: The lrEMplus algorithm works on regular data sets (no. rows > no. columns). You can consider lrSVD for wide data sets."
"tmp_nd__synA2_MNAR_10",15,"impKNNa",6.09181818181818,3.551,"ok"
"tmp_nd__synA2_MNAR_10",15,"missForest",4.62541563605311,3.35515265429086,"ok"
"tmp_nd__synA2_MNAR_10",15,"lrEMplus",NA,NA,"ERR: The lrEMplus algorithm works on regular data sets (no. rows > no. columns). You can consider lrSVD for wide data sets."
"tmp_nd__synA2_MNAR_10",16,"impKNNa",6.23615384615385,4.75233333333334,"ok"
"tmp_nd__synA2_MNAR_10",16,"missForest",3.72347813088432,3.09691046403433,"ok"
"tmp_nd__synA2_MNAR_10",16,"lrEMplus",NA,NA,"ERR: The lrEMplus algorithm works on regular data sets (no. rows > no. columns). You can consider lrSVD for wide data sets."
"tmp_nd__synA2_MNAR_10",17,"impKNNa",6.94315789473684,4.351,"ok"
"tmp_nd__synA2_MNAR_10",17,"missForest",6.26668121589527,3.6811064625412,"ok"
"tmp_nd__synA2_MNAR_10",17,"lrEMplus",NA,NA,"ERR: The lrEMplus algorithm works on regular data sets (no. rows > no. columns). You can consider lrSVD for wide data sets."
"tmp_nd__synA2_MNAR_10",18,"impKNNa",5.7128,4.155,"ok"
"tmp_nd__synA2_MNAR_10",18,"missForest",4.20526411514042,2.93046630652145,"ok"
"tmp_nd__synA2_MNAR_10",18,"lrEMplus",NA,NA,"ERR: The lrEMplus algorithm works on regular data sets (no. rows > no. columns). You can consider lrSVD for wide data sets."
"tmp_nd__synA2_MNAR_10",19,"impKNNa",6.20782608695652,4.23966666666667,"ok"
"tmp_nd__synA2_MNAR_10",19,"missForest",5.14984036389051,3.77113779406024,"ok"
"tmp_nd__synA2_MNAR_10",19,"lrEMplus",NA,NA,"ERR: The lrEMplus algorithm works on regular data sets (no. rows > no. columns). You can consider lrSVD for wide data sets."
"tmp_nd__synA2_MNAR_10",2,"impKNNa",7.16764705882353,4.06533333333333,"ok"
"tmp_nd__synA2_MNAR_10",2,"missForest",5.55792458340679,3.15115726393051,"ok"
"tmp_nd__synA2_MNAR_10",2,"lrEMplus",NA,NA,"ERR: The lrEMplus algorithm works on regular data sets (no. rows > no. columns). You can consider lrSVD for wide data sets."
"tmp_nd__synA2_MNAR_10",3,"impKNNa",6.67142857142857,4.60233333333334,"ok"
"tmp_nd__synA2_MNAR_10",3,"missForest",5.18605054228179,3.63256871293059,"ok"
"tmp_nd__synA2_MNAR_10",3,"lrEMplus",NA,NA,"ERR: The lrEMplus algorithm works on regular data sets (no. rows > no. columns). You can consider lrSVD for wide data sets."
"tmp_nd__synA2_MNAR_10",4,"impKNNa",6.323125,3.37866666666667,"ok"
"tmp_nd__synA2_MNAR_10",4,"missForest",5.00570268383781,2.5930078634111,"ok"
"tmp_nd__synA2_MNAR_10",4,"lrEMplus",NA,NA,"ERR: The lrEMplus algorithm works on regular data sets (no. rows > no. columns). You can consider lrSVD for wide data sets."
"tmp_nd__synA2_MNAR_10",5,"impKNNa",7.62279411764706,7.36616666666667,"ok"
"tmp_nd__synA2_MNAR_10",5,"missForest",5.9231840695987,6.39793218756244,"ok"
"tmp_nd__synA2_MNAR_10",5,"lrEMplus",NA,NA,"ERR: The lrEMplus algorithm works on regular data sets (no. rows > no. columns). You can consider lrSVD for wide data sets."
"tmp_nd__synA2_MNAR_10",6,"impKNNa",4.0355,2.372,"ok"
"tmp_nd__synA2_MNAR_10",6,"missForest",3.64550308753381,2.2323034806743,"ok"
"tmp_nd__synA2_MNAR_10",6,"lrEMplus",NA,NA,"ERR: The lrEMplus algorithm works on regular data sets (no. rows > no. columns). You can consider lrSVD for wide data sets."
"tmp_nd__synA2_MNAR_10",7,"impKNNa",5.1486,2.86483333333333,"ok"
"tmp_nd__synA2_MNAR_10",7,"missForest",3.35959159182219,2.56506888083455,"ok"
"tmp_nd__synA2_MNAR_10",7,"lrEMplus",NA,NA,"ERR: The lrEMplus algorithm works on regular data sets (no. rows > no. columns). You can consider lrSVD for wide data sets."
"tmp_nd__synA2_MNAR_10",8,"impKNNa",4.69428571428571,2.64566666666667,"ok"
"tmp_nd__synA2_MNAR_10",8,"missForest",2.68520944858174,2.3606036246296,"ok"
"tmp_nd__synA2_MNAR_10",8,"lrEMplus",NA,NA,"ERR: The lrEMplus algorithm works on regular data sets (no. rows > no. columns). You can consider lrSVD for wide data sets."
"tmp_nd__synA2_MNAR_10",9,"impKNNa",6.4726,4.7615,"ok"
"tmp_nd__synA2_MNAR_10",9,"missForest",5.63830644784105,4.24619526598402,"ok"
"tmp_nd__synA2_MNAR_10",9,"lrEMplus",NA,NA,"ERR: The lrEMplus algorithm works on regular data sets (no. rows > no. columns). You can consider lrSVD for wide data sets."
"tmp_nd__synA2_MNAR_30",0,"impKNNa",7.06045454545455,9.482,"ok"
"tmp_nd__synA2_MNAR_30",0,"missForest",4.02500217165018,7.82987356994079,"ok"
"tmp_nd__synA2_MNAR_30",0,"lrEMplus",NA,NA,"ERR: The lrEMplus algorithm works on regular data sets (no. rows > no. columns). You can consider lrSVD for wide data sets."
"tmp_nd__synA2_MNAR_30",1,"impKNNa",6.79952380952381,9.92933333333333,"ok"
"tmp_nd__synA2_MNAR_30",1,"missForest",4.60312445298956,8.42695829096802,"ok"
"tmp_nd__synA2_MNAR_30",1,"lrEMplus",NA,NA,"ERR: The lrEMplus algorithm works on regular data sets (no. rows > no. columns). You can consider lrSVD for wide data sets."
"tmp_nd__synA2_MNAR_30",10,"impKNNa",8.77308823529412,14.2166666666667,"ok"
"tmp_nd__synA2_MNAR_30",10,"missForest",6.74203215503286,13.6805458383433,"ok"
"tmp_nd__synA2_MNAR_30",10,"lrEMplus",NA,NA,"ERR: The lrEMplus algorithm works on regular data sets (no. rows > no. columns). You can consider lrSVD for wide data sets."
"tmp_nd__synA2_MNAR_30",11,"impKNNa",8.90323076923077,12.2546666666667,"ok"
"tmp_nd__synA2_MNAR_30",11,"missForest",4.5643586526313,7.9614748567715,"ok"
"tmp_nd__synA2_MNAR_30",11,"lrEMplus",NA,NA,"ERR: The lrEMplus algorithm works on regular data sets (no. rows > no. columns). You can consider lrSVD for wide data sets."
"tmp_nd__synA2_MNAR_30",12,"impKNNa",7.71179487179487,12.3056666666667,"ok"
"tmp_nd__synA2_MNAR_30",12,"missForest",5.2654918378243,12.0896111647014,"ok"
"tmp_nd__synA2_MNAR_30",12,"lrEMplus",NA,NA,"ERR: The lrEMplus algorithm works on regular data sets (no. rows > no. columns). You can consider lrSVD for wide data sets."
"tmp_nd__synA2_MNAR_30",13,"impKNNa",7.09631578947368,12.807,"ok"
"tmp_nd__synA2_MNAR_30",13,"missForest",5.23725151984879,11.0986295476091,"ok"
"tmp_nd__synA2_MNAR_30",13,"lrEMplus",NA,NA,"ERR: The lrEMplus algorithm works on regular data sets (no. rows > no. columns). You can consider lrSVD for wide data sets."
"tmp_nd__synA2_MNAR_30",14,"impKNNa",6.9784126984127,12.585,"ok"
"tmp_nd__synA2_MNAR_30",14,"missForest",6.61231242628844,12.6492895448949,"ok"
"tmp_nd__synA2_MNAR_30",14,"lrEMplus",NA,NA,"ERR: The lrEMplus algorithm works on regular data sets (no. rows > no. columns). You can consider lrSVD for wide data sets."
"tmp_nd__synA2_MNAR_30",15,"impKNNa",6.39382352941176,11.353,"ok"
"tmp_nd__synA2_MNAR_30",15,"missForest",4.64473573813346,9.62995528399162,"ok"
"tmp_nd__synA2_MNAR_30",15,"lrEMplus",NA,NA,"ERR: The lrEMplus algorithm works on regular data sets (no. rows > no. columns). You can consider lrSVD for wide data sets."
"tmp_nd__synA2_MNAR_30",16,"impKNNa",6.82914285714286,7.69933333333333,"ok"
"tmp_nd__synA2_MNAR_30",16,"missForest",4.29942109603888,8.87115181070781,"ok"
"tmp_nd__synA2_MNAR_30",16,"lrEMplus",NA,NA,"ERR: The lrEMplus algorithm works on regular data sets (no. rows > no. columns). You can consider lrSVD for wide data sets."
"tmp_nd__synA2_MNAR_30",17,"impKNNa",7.71111111111111,11.403,"ok"
"tmp_nd__synA2_MNAR_30",17,"missForest",5.13009553951775,9.63222580892587,"ok"
"tmp_nd__synA2_MNAR_30",17,"lrEMplus",NA,NA,"ERR: The lrEMplus algorithm works on regular data sets (no. rows > no. columns). You can consider lrSVD for wide data sets."
"tmp_nd__synA2_MNAR_30",18,"impKNNa",6.68276119402985,7.92916666666667,"ok"
"tmp_nd__synA2_MNAR_30",18,"missForest",4.02124798161762,7.65732758079192,"ok"
"tmp_nd__synA2_MNAR_30",18,"lrEMplus",NA,NA,"ERR: The lrEMplus algorithm works on regular data sets (no. rows > no. columns). You can consider lrSVD for wide data sets."
"tmp_nd__synA2_MNAR_30",19,"impKNNa",6.525625,12.4666666666667,"ok"
"tmp_nd__synA2_MNAR_30",19,"missForest",4.92728166934424,11.3353802302531,"ok"
"tmp_nd__synA2_MNAR_30",19,"lrEMplus",NA,NA,"ERR: The lrEMplus algorithm works on regular data sets (no. rows > no. columns). You can consider lrSVD for wide data sets."
"tmp_nd__synA2_MNAR_30",2,"impKNNa",7.92073529411765,13.5133333333333,"ok"
"tmp_nd__synA2_MNAR_30",2,"missForest",4.79970667831664,10.2915657752253,"ok"
"tmp_nd__synA2_MNAR_30",2,"lrEMplus",NA,NA,"ERR: The lrEMplus algorithm works on regular data sets (no. rows > no. columns). You can consider lrSVD for wide data sets."
"tmp_nd__synA2_MNAR_30",3,"impKNNa",7.7825,11.0423333333333,"ok"
"tmp_nd__synA2_MNAR_30",3,"missForest",5.70307752541321,10.8852878923718,"ok"
"tmp_nd__synA2_MNAR_30",3,"lrEMplus",NA,NA,"ERR: The lrEMplus algorithm works on regular data sets (no. rows > no. columns). You can consider lrSVD for wide data sets."
"tmp_nd__synA2_MNAR_30",4,"impKNNa",6.89870967741935,10.959,"ok"
"tmp_nd__synA2_MNAR_30",4,"missForest",4.50111030995447,8.05916255539632,"ok"
"tmp_nd__synA2_MNAR_30",4,"lrEMplus",NA,NA,"ERR: The lrEMplus algorithm works on regular data sets (no. rows > no. columns). You can consider lrSVD for wide data sets."
"tmp_nd__synA2_MNAR_30",5,"impKNNa",NA,NA,"ok"
"tmp_nd__synA2_MNAR_30",5,"missForest",4.97083336441475,14.1698439994076,"ok"
"tmp_nd__synA2_MNAR_30",5,"lrEMplus",NA,NA,"ERR: The lrEMplus algorithm works on regular data sets (no. rows > no. columns). You can consider lrSVD for wide data sets."
"tmp_nd__synA2_MNAR_30",6,"impKNNa",5.89842857142857,9.90533333333333,"ok"
"tmp_nd__synA2_MNAR_30",6,"missForest",3.97879034405126,8.22672933421889,"ok"
"tmp_nd__synA2_MNAR_30",6,"lrEMplus",NA,NA,"ERR: The lrEMplus algorithm works on regular data sets (no. rows > no. columns). You can consider lrSVD for wide data sets."
"tmp_nd__synA2_MNAR_30",7,"impKNNa",7.15088235294118,12.4056666666667,"ok"
"tmp_nd__synA2_MNAR_30",7,"missForest",4.76697130334943,9.25072530831206,"ok"
"tmp_nd__synA2_MNAR_30",7,"lrEMplus",NA,NA,"ERR: The lrEMplus algorithm works on regular data sets (no. rows > no. columns). You can consider lrSVD for wide data sets."
"tmp_nd__synA2_MNAR_30",8,"impKNNa",6.64929824561403,9.944,"ok"
"tmp_nd__synA2_MNAR_30",8,"missForest",4.12496078709703,6.78187407209294,"ok"
"tmp_nd__synA2_MNAR_30",8,"lrEMplus",NA,NA,"ERR: The lrEMplus algorithm works on regular data sets (no. rows > no. columns). You can consider lrSVD for wide data sets."
"tmp_nd__synA2_MNAR_30",9,"impKNNa",9.57295774647887,15.0536666666667,"ok"
"tmp_nd__synA2_MNAR_30",9,"missForest",5.25518709308861,11.2028567907972,"ok"
"tmp_nd__synA2_MNAR_30",9,"lrEMplus",NA,NA,"ERR: The lrEMplus algorithm works on regular data sets (no. rows > no. columns). You can consider lrSVD for wide data sets."
"tmp_nd__synA3_MAR_10",0,"impKNNa",7.439,7.439,"ok"
"tmp_nd__synA3_MAR_10",0,"missForest",6.67563722045571,5.75819767760967,"ok"
"tmp_nd__synA3_MAR_10",0,"lrEMplus",NA,NA,"ERR: The lrEMplus algorithm works on regular data sets (no. rows > no. columns). You can consider lrSVD for wide data sets."
"tmp_nd__synA3_MAR_10",1,"impKNNa",7.313125,8.23775,"ok"
"tmp_nd__synA3_MAR_10",1,"missForest",6.06733910264765,6.83363119419783,"ok"
"tmp_nd__synA3_MAR_10",1,"lrEMplus",NA,NA,"ERR: The lrEMplus algorithm works on regular data sets (no. rows > no. columns). You can consider lrSVD for wide data sets."
"tmp_nd__synA3_MAR_10",10,"impKNNa",6.4495652173913,6.252,"ok"
"tmp_nd__synA3_MAR_10",10,"missForest",5.84907054961311,6.72024320831216,"ok"
"tmp_nd__synA3_MAR_10",10,"lrEMplus",NA,NA,"ERR: The lrEMplus algorithm works on regular data sets (no. rows > no. columns). You can consider lrSVD for wide data sets."
"tmp_nd__synA3_MAR_10",11,"impKNNa",9.84375,9.417,"ok"
"tmp_nd__synA3_MAR_10",11,"missForest",8.13129826812564,9.4680832082143,"ok"
"tmp_nd__synA3_MAR_10",11,"lrEMplus",NA,NA,"ERR: The lrEMplus algorithm works on regular data sets (no. rows > no. columns). You can consider lrSVD for wide data sets."
"tmp_nd__synA3_MAR_10",12,"impKNNa",8.32222222222222,9.6565,"ok"
"tmp_nd__synA3_MAR_10",12,"missForest",6.56005669535318,8.4031728431446,"ok"
"tmp_nd__synA3_MAR_10",12,"lrEMplus",NA,NA,"ERR: The lrEMplus algorithm works on regular data sets (no. rows > no. columns). You can consider lrSVD for wide data sets."
"tmp_nd__synA3_MAR_10",13,"impKNNa",5.69272727272727,5.687,"ok"
"tmp_nd__synA3_MAR_10",13,"missForest",3.9235774417993,3.43972889325002,"ok"
"tmp_nd__synA3_MAR_10",13,"lrEMplus",NA,NA,"ERR: The lrEMplus algorithm works on regular data sets (no. rows > no. columns). You can consider lrSVD for wide data sets."
"tmp_nd__synA3_MAR_10",14,"impKNNa",6.92388888888889,6.0745,"ok"
"tmp_nd__synA3_MAR_10",14,"missForest",6.77796758392321,5.96386135430767,"ok"
"tmp_nd__synA3_MAR_10",14,"lrEMplus",NA,NA,"ERR: The lrEMplus algorithm works on regular data sets (no. rows > no. columns). You can consider lrSVD for wide data sets."
"tmp_nd__synA3_MAR_10",15,"impKNNa",9.98333333333333,5.934,"ok"
"tmp_nd__synA3_MAR_10",15,"missForest",8.51226873152676,5.11336123891606,"ok"
"tmp_nd__synA3_MAR_10",15,"lrEMplus",NA,NA,"ERR: The lrEMplus algorithm works on regular data sets (no. rows > no. columns). You can consider lrSVD for wide data sets."
"tmp_nd__synA3_MAR_10",16,"impKNNa",5.780625,4.32725,"ok"
"tmp_nd__synA3_MAR_10",16,"missForest",4.90990411180871,4.9910621950952,"ok"
"tmp_nd__synA3_MAR_10",16,"lrEMplus",NA,NA,"ERR: The lrEMplus algorithm works on regular data sets (no. rows > no. columns). You can consider lrSVD for wide data sets."
"tmp_nd__synA3_MAR_10",17,"impKNNa",7.79441176470588,6.62725,"ok"
"tmp_nd__synA3_MAR_10",17,"missForest",7.8737570074078,6.50444955432725,"ok"
"tmp_nd__synA3_MAR_10",17,"lrEMplus",NA,NA,"ERR: The lrEMplus algorithm works on regular data sets (no. rows > no. columns). You can consider lrSVD for wide data sets."
"tmp_nd__synA3_MAR_10",18,"impKNNa",6.92434782608696,6.513,"ok"
"tmp_nd__synA3_MAR_10",18,"missForest",5.16929674393557,5.59978288404651,"ok"
"tmp_nd__synA3_MAR_10",18,"lrEMplus",NA,NA,"ERR: The lrEMplus algorithm works on regular data sets (no. rows > no. columns). You can consider lrSVD for wide data sets."
"tmp_nd__synA3_MAR_10",19,"impKNNa",10.87625,8.432,"ok"
"tmp_nd__synA3_MAR_10",19,"missForest",10.6151439973139,8.49211519785113,"ok"
"tmp_nd__synA3_MAR_10",19,"lrEMplus",NA,NA,"ERR: The lrEMplus algorithm works on regular data sets (no. rows > no. columns). You can consider lrSVD for wide data sets."
"tmp_nd__synA3_MAR_10",2,"impKNNa",6.75325,6.12675,"ok"
"tmp_nd__synA3_MAR_10",2,"missForest",5.63170851565321,5.63370851565321,"ok"
"tmp_nd__synA3_MAR_10",2,"lrEMplus",NA,NA,"ERR: The lrEMplus algorithm works on regular data sets (no. rows > no. columns). You can consider lrSVD for wide data sets."
"tmp_nd__synA3_MAR_10",3,"impKNNa",8.54266666666667,11.297,"ok"
"tmp_nd__synA3_MAR_10",3,"missForest",6.86359936881345,9.53532270023982,"ok"
"tmp_nd__synA3_MAR_10",3,"lrEMplus",NA,NA,"ERR: The lrEMplus algorithm works on regular data sets (no. rows > no. columns). You can consider lrSVD for wide data sets."
"tmp_nd__synA3_MAR_10",4,"impKNNa",8.97833333333333,5.39,"ok"
"tmp_nd__synA3_MAR_10",4,"missForest",7.636565910762,4.31468021456687,"ok"
"tmp_nd__synA3_MAR_10",4,"lrEMplus",NA,NA,"ERR: The lrEMplus algorithm works on regular data sets (no. rows > no. columns). You can consider lrSVD for wide data sets."
"tmp_nd__synA3_MAR_10",5,"impKNNa",9.24666666666667,11.731,"ok"
"tmp_nd__synA3_MAR_10",5,"missForest",6.6692679504212,8.65595680682819,"ok"
"tmp_nd__synA3_MAR_10",5,"lrEMplus",NA,NA,"ERR: The lrEMplus algorithm works on regular data sets (no. rows > no. columns). You can consider lrSVD for wide data sets."
"tmp_nd__synA3_MAR_10",6,"impKNNa",7.9725,5.39925,"ok"
"tmp_nd__synA3_MAR_10",6,"missForest",7.60372641313933,6.75835091336514,"ok"
"tmp_nd__synA3_MAR_10",6,"lrEMplus",NA,NA,"ERR: The lrEMplus algorithm works on regular data sets (no. rows > no. columns). You can consider lrSVD for wide data sets."
"tmp_nd__synA3_MAR_10",7,"impKNNa",7.98431034482759,9.54225,"ok"
"tmp_nd__synA3_MAR_10",7,"missForest",6.47801585454571,9.06766813758167,"ok"
"tmp_nd__synA3_MAR_10",7,"lrEMplus",NA,NA,"ERR: The lrEMplus algorithm works on regular data sets (no. rows > no. columns). You can consider lrSVD for wide data sets."
"tmp_nd__synA3_MAR_10",8,"impKNNa",8.903125,6.81875,"ok"
"tmp_nd__synA3_MAR_10",8,"missForest",7.92924124358828,9.24758731040451,"ok"
"tmp_nd__synA3_MAR_10",8,"lrEMplus",NA,NA,"ERR: The lrEMplus algorithm works on regular data sets (no. rows > no. columns). You can consider lrSVD for wide data sets."
"tmp_nd__synA3_MAR_10",9,"impKNNa",7.62970588235294,5.61825,"ok"
"tmp_nd__synA3_MAR_10",9,"missForest",7.37520502080317,6.19073591847635,"ok"
"tmp_nd__synA3_MAR_10",9,"lrEMplus",NA,NA,"ERR: The lrEMplus algorithm works on regular data sets (no. rows > no. columns). You can consider lrSVD for wide data sets."
"tmp_nd__synA3_MAR_30",0,"impKNNa",10.3722413793103,21.7515,"ok"
"tmp_nd__synA3_MAR_30",0,"missForest",8.42141973811272,22.4565131030557,"ok"
"tmp_nd__synA3_MAR_30",0,"lrEMplus",NA,NA,"ERR: The lrEMplus algorithm works on regular data sets (no. rows > no. columns). You can consider lrSVD for wide data sets."
"tmp_nd__synA3_MAR_30",1,"impKNNa",NA,NA,"ok"
"tmp_nd__synA3_MAR_30",1,"missForest",7.71245456838478,24.2453422368903,"ok"
"tmp_nd__synA3_MAR_30",1,"lrEMplus",NA,NA,"ERR: The lrEMplus algorithm works on regular data sets (no. rows > no. columns). You can consider lrSVD for wide data sets."
"tmp_nd__synA3_MAR_30",10,"impKNNa",6.8552380952381,14.447,"ok"
"tmp_nd__synA3_MAR_30",10,"missForest",6.6083775287994,18.504218467357,"ok"
"tmp_nd__synA3_MAR_30",10,"lrEMplus",NA,NA,"ERR: The lrEMplus algorithm works on regular data sets (no. rows > no. columns). You can consider lrSVD for wide data sets."
"tmp_nd__synA3_MAR_30",11,"impKNNa",NA,NA,"ok"
"tmp_nd__synA3_MAR_30",11,"missForest",7.17271609875319,21.2984975235232,"ok"
"tmp_nd__synA3_MAR_30",11,"lrEMplus",NA,NA,"ERR: The lrEMplus algorithm works on regular data sets (no. rows > no. columns). You can consider lrSVD for wide data sets."
"tmp_nd__synA3_MAR_30",12,"impKNNa",NA,NA,"ok"
"tmp_nd__synA3_MAR_30",12,"missForest",7.86810470162618,25.2977918691358,"ok"
"tmp_nd__synA3_MAR_30",12,"lrEMplus",NA,NA,"ERR: The lrEMplus algorithm works on regular data sets (no. rows > no. columns). You can consider lrSVD for wide data sets."
"tmp_nd__synA3_MAR_30",13,"impKNNa",NA,NA,"ok"
"tmp_nd__synA3_MAR_30",13,"missForest",6.00061130587654,17.3497482699968,"ok"
"tmp_nd__synA3_MAR_30",13,"lrEMplus",NA,NA,"ERR: The lrEMplus algorithm works on regular data sets (no. rows > no. columns). You can consider lrSVD for wide data sets."
"tmp_nd__synA3_MAR_30",14,"impKNNa",10.2185714285714,21.396,"ok"
"tmp_nd__synA3_MAR_30",14,"missForest",8.15424493510875,21.4119145540936,"ok"
"tmp_nd__synA3_MAR_30",14,"lrEMplus",NA,NA,"ERR: The lrEMplus algorithm works on regular data sets (no. rows > no. columns). You can consider lrSVD for wide data sets."
"tmp_nd__synA3_MAR_30",15,"impKNNa",NA,NA,"ok"
"tmp_nd__synA3_MAR_30",15,"missForest",6.45680347654033,16.3712181484462,"ok"
"tmp_nd__synA3_MAR_30",15,"lrEMplus",NA,NA,"ERR: The lrEMplus algorithm works on regular data sets (no. rows > no. columns). You can consider lrSVD for wide data sets."
"tmp_nd__synA3_MAR_30",16,"impKNNa",NA,NA,"ok"
"tmp_nd__synA3_MAR_30",16,"missForest",5.65161234582472,15.1120904455572,"ok"
"tmp_nd__synA3_MAR_30",16,"lrEMplus",NA,NA,"ERR: The lrEMplus algorithm works on regular data sets (no. rows > no. columns). You can consider lrSVD for wide data sets."
"tmp_nd__synA3_MAR_30",17,"impKNNa",NA,NA,"ok"
"tmp_nd__synA3_MAR_30",17,"missForest",7.26651519539911,23.9911048900284,"ok"
"tmp_nd__synA3_MAR_30",17,"lrEMplus",NA,NA,"ERR: The lrEMplus algorithm works on regular data sets (no. rows > no. columns). You can consider lrSVD for wide data sets."
"tmp_nd__synA3_MAR_30",18,"impKNNa",NA,NA,"ok"
"tmp_nd__synA3_MAR_30",18,"missForest",6.55888322214941,23.5817646417332,"ok"
"tmp_nd__synA3_MAR_30",18,"lrEMplus",NA,NA,"ERR: The lrEMplus algorithm works on regular data sets (no. rows > no. columns). You can consider lrSVD for wide data sets."
"tmp_nd__synA3_MAR_30",19,"impKNNa",NA,NA,"ok"
"tmp_nd__synA3_MAR_30",19,"missForest",8.3152579795429,25.9116624646176,"ok"
"tmp_nd__synA3_MAR_30",19,"lrEMplus",NA,NA,"ERR: The lrEMplus algorithm works on regular data sets (no. rows > no. columns). You can consider lrSVD for wide data sets."
"tmp_nd__synA3_MAR_30",2,"impKNNa",NA,NA,"ok"
"tmp_nd__synA3_MAR_30",2,"missForest",6.70417767791956,21.2775369816764,"ok"
"tmp_nd__synA3_MAR_30",2,"lrEMplus",NA,NA,"ERR: The lrEMplus algorithm works on regular data sets (no. rows > no. columns). You can consider lrSVD for wide data sets."
"tmp_nd__synA3_MAR_30",3,"impKNNa",NA,NA,"ok"
"tmp_nd__synA3_MAR_30",3,"missForest",7.04390695104845,24.1178945620626,"ok"
"tmp_nd__synA3_MAR_30",3,"lrEMplus",NA,NA,"ERR: The lrEMplus algorithm works on regular data sets (no. rows > no. columns). You can consider lrSVD for wide data sets."
"tmp_nd__synA3_MAR_30",4,"impKNNa",9.89847826086956,15.2525,"ok"
"tmp_nd__synA3_MAR_30",4,"missForest",8.16249400354927,17.7730244679068,"ok"
"tmp_nd__synA3_MAR_30",4,"lrEMplus",NA,NA,"ERR: The lrEMplus algorithm works on regular data sets (no. rows > no. columns). You can consider lrSVD for wide data sets."
"tmp_nd__synA3_MAR_30",5,"impKNNa",NA,NA,"ok"
"tmp_nd__synA3_MAR_30",5,"missForest",7.34449191680117,22.7261347662253,"ok"
"tmp_nd__synA3_MAR_30",5,"lrEMplus",NA,NA,"ERR: The lrEMplus algorithm works on regular data sets (no. rows > no. columns). You can consider lrSVD for wide data sets."
"tmp_nd__synA3_MAR_30",6,"impKNNa",NA,NA,"ok"
"tmp_nd__synA3_MAR_30",6,"missForest",7.38793443721827,21.8914831440246,"ok"
"tmp_nd__synA3_MAR_30",6,"lrEMplus",NA,NA,"ERR: The lrEMplus algorithm works on regular data sets (no. rows > no. columns). You can consider lrSVD for wide data sets."
"tmp_nd__synA3_MAR_30",7,"impKNNa",NA,NA,"ok"
"tmp_nd__synA3_MAR_30",7,"missForest",7.61327754072352,28.2792170737842,"ok"
"tmp_nd__synA3_MAR_30",7,"lrEMplus",NA,NA,"ERR: The lrEMplus algorithm works on regular data sets (no. rows > no. columns). You can consider lrSVD for wide data sets."
"tmp_nd__synA3_MAR_30",8,"impKNNa",NA,NA,"ok"
"tmp_nd__synA3_MAR_30",8,"missForest",7.73530326250244,21.7738347223362,"ok"
"tmp_nd__synA3_MAR_30",8,"lrEMplus",NA,NA,"ERR: The lrEMplus algorithm works on regular data sets (no. rows > no. columns). You can consider lrSVD for wide data sets."
"tmp_nd__synA3_MAR_30",9,"impKNNa",NA,NA,"ok"
"tmp_nd__synA3_MAR_30",9,"missForest",8.02015507984842,23.577662180644,"ok"
"tmp_nd__synA3_MAR_30",9,"lrEMplus",NA,NA,"ERR: The lrEMplus algorithm works on regular data sets (no. rows > no. columns). You can consider lrSVD for wide data sets."
"tmp_nd__synA3_MCAR_10",0,"impKNNa",7.743125,5.9985,"ok"
"tmp_nd__synA3_MCAR_10",0,"missForest",5.47592126701058,4.38173701360847,"ok"
"tmp_nd__synA3_MCAR_10",0,"lrEMplus",NA,NA,"ERR: The lrEMplus algorithm works on regular data sets (no. rows > no. columns). You can consider lrSVD for wide data sets."
"tmp_nd__synA3_MCAR_10",1,"impKNNa",6.52361111111111,5.74875,"ok"
"tmp_nd__synA3_MCAR_10",1,"missForest",5.14290389256049,4.36519858330778,"ok"
"tmp_nd__synA3_MCAR_10",1,"lrEMplus",NA,NA,"ERR: The lrEMplus algorithm works on regular data sets (no. rows > no. columns). You can consider lrSVD for wide data sets."
"tmp_nd__synA3_MCAR_10",10,"impKNNa",8.29275,7.12625,"ok"
"tmp_nd__synA3_MCAR_10",10,"missForest",8.13823551384366,7.30763052687741,"ok"
"tmp_nd__synA3_MCAR_10",10,"lrEMplus",NA,NA,"ERR: The lrEMplus algorithm works on regular data sets (no. rows > no. columns). You can consider lrSVD for wide data sets."
"tmp_nd__synA3_MCAR_10",11,"impKNNa",6.97822580645161,10.45425,"ok"
"tmp_nd__synA3_MCAR_10",11,"missForest",6.50284683763416,9.53142576320901,"ok"
"tmp_nd__synA3_MCAR_10",11,"lrEMplus",NA,NA,"ERR: The lrEMplus algorithm works on regular data sets (no. rows > no. columns). You can consider lrSVD for wide data sets."
"tmp_nd__synA3_MCAR_10",12,"impKNNa",6.88636363636364,6.689,"ok"
"tmp_nd__synA3_MCAR_10",12,"missForest",5.75006824064086,5.46030837974328,"ok"
"tmp_nd__synA3_MCAR_10",12,"lrEMplus",NA,NA,"ERR: The lrEMplus algorithm works on regular data sets (no. rows > no. columns). You can consider lrSVD for wide data sets."
"tmp_nd__synA3_MCAR_10",13,"impKNNa",6.10108695652174,5.75675,"ok"
"tmp_nd__synA3_MCAR_10",13,"missForest",5.52029658677834,5.70440271936251,"ok"
"tmp_nd__synA3_MCAR_10",13,"lrEMplus",NA,NA,"ERR: The lrEMplus algorithm works on regular data sets (no. rows > no. columns). You can consider lrSVD for wide data sets."
"tmp_nd__synA3_MCAR_10",14,"impKNNa",6.86764705882353,5.3515,"ok"
"tmp_nd__synA3_MCAR_10",14,"missForest",5.8471475679953,4.53463829282487,"ok"
"tmp_nd__synA3_MCAR_10",14,"lrEMplus",NA,NA,"ERR: The lrEMplus algorithm works on regular data sets (no. rows > no. columns). You can consider lrSVD for wide data sets."
"tmp_nd__synA3_MCAR_10",15,"impKNNa",7.475,6.35375,"ok"
"tmp_nd__synA3_MCAR_10",15,"missForest",6.33641902210191,5.38795616878662,"ok"
"tmp_nd__synA3_MCAR_10",15,"lrEMplus",NA,NA,"ERR: The lrEMplus algorithm works on regular data sets (no. rows > no. columns). You can consider lrSVD for wide data sets."
"tmp_nd__synA3_MCAR_10",16,"impKNNa",8.3154,8.38875,"ok"
"tmp_nd__synA3_MCAR_10",16,"missForest",7.37837387505185,8.59003424346925,"ok"
"tmp_nd__synA3_MCAR_10",16,"lrEMplus",NA,NA,"ERR: The lrEMplus algorithm works on regular data sets (no. rows > no. columns). You can consider lrSVD for wide data sets."
"tmp_nd__synA3_MCAR_10",17,"impKNNa",7.01130434782609,7.008,"ok"
"tmp_nd__synA3_MCAR_10",17,"missForest",6.13846914209043,6.77573338697487,"ok"
"tmp_nd__synA3_MCAR_10",17,"lrEMplus",NA,NA,"ERR: The lrEMplus algorithm works on regular data sets (no. rows > no. columns). You can consider lrSVD for wide data sets."
"tmp_nd__synA3_MCAR_10",18,"impKNNa",7.42525,5.31325,"ok"
"tmp_nd__synA3_MCAR_10",18,"missForest",5.0924882621662,4.54224939261908,"ok"
"tmp_nd__synA3_MCAR_10",18,"lrEMplus",NA,NA,"ERR: The lrEMplus algorithm works on regular data sets (no. rows > no. columns). You can consider lrSVD for wide data sets."
"tmp_nd__synA3_MCAR_10",19,"impKNNa",8.52565217391304,9.7455,"ok"
"tmp_nd__synA3_MCAR_10",19,"missForest",7.86066842266683,8.92064500180667,"ok"
"tmp_nd__synA3_MCAR_10",19,"lrEMplus",NA,NA,"ERR: The lrEMplus algorithm works on regular data sets (no. rows > no. columns). You can consider lrSVD for wide data sets."
"tmp_nd__synA3_MCAR_10",2,"impKNNa",10.275,8.1655,"ok"
"tmp_nd__synA3_MCAR_10",2,"missForest",9.38370922341547,8.23494256095293,"ok"
"tmp_nd__synA3_MCAR_10",2,"lrEMplus",NA,NA,"ERR: The lrEMplus algorithm works on regular data sets (no. rows > no. columns). You can consider lrSVD for wide data sets."
"tmp_nd__synA3_MCAR_10",3,"impKNNa",8.17074074074074,9.372,"ok"
"tmp_nd__synA3_MCAR_10",3,"missForest",8.16664571082627,10.9452221734835,"ok"
"tmp_nd__synA3_MCAR_10",3,"lrEMplus",NA,NA,"ERR: The lrEMplus algorithm works on regular data sets (no. rows > no. columns). You can consider lrSVD for wide data sets."
"tmp_nd__synA3_MCAR_10",4,"impKNNa",7.83386363636364,6.59375,"ok"
"tmp_nd__synA3_MCAR_10",4,"missForest",7.64878312256523,8.41766143482176,"ok"
"tmp_nd__synA3_MCAR_10",4,"lrEMplus",NA,NA,"ERR: The lrEMplus algorithm works on regular data sets (no. rows > no. columns). You can consider lrSVD for wide data sets."
"tmp_nd__synA3_MCAR_10",5,"impKNNa",6.765625,6.23325,"ok"
"tmp_nd__synA3_MCAR_10",5,"missForest",6.53849697969732,7.24337920214362,"ok"
"tmp_nd__synA3_MCAR_10",5,"lrEMplus",NA,NA,"ERR: The lrEMplus algorithm works on regular data sets (no. rows > no. columns). You can consider lrSVD for wide data sets."
"tmp_nd__synA3_MCAR_10",6,"impKNNa",9.45605263157895,6.75375,"ok"
"tmp_nd__synA3_MCAR_10",6,"missForest",7.95889248964255,6.91481542898549,"ok"
"tmp_nd__synA3_MCAR_10",6,"lrEMplus",NA,NA,"ERR: The lrEMplus algorithm works on regular data sets (no. rows > no. columns). You can consider lrSVD for wide data sets."
"tmp_nd__synA3_MCAR_10",7,"impKNNa",8.13478260869565,8.938,"ok"
"tmp_nd__synA3_MCAR_10",7,"missForest",5.24954460638967,5.74422653455536,"ok"
"tmp_nd__synA3_MCAR_10",7,"lrEMplus",NA,NA,"ERR: The lrEMplus algorithm works on regular data sets (no. rows > no. columns). You can consider lrSVD for wide data sets."
"tmp_nd__synA3_MCAR_10",8,"impKNNa",5.27785714285714,5.35375,"ok"
"tmp_nd__synA3_MCAR_10",8,"missForest",5.60411783357968,5.28850239139808,"ok"
"tmp_nd__synA3_MCAR_10",8,"lrEMplus",NA,NA,"ERR: The lrEMplus algorithm works on regular data sets (no. rows > no. columns). You can consider lrSVD for wide data sets."
"tmp_nd__synA3_MCAR_10",9,"impKNNa",11.3106666666667,8.35,"ok"
"tmp_nd__synA3_MCAR_10",9,"missForest",10.9871797299443,8.24438479745826,"ok"
"tmp_nd__synA3_MCAR_10",9,"lrEMplus",NA,NA,"ERR: The lrEMplus algorithm works on regular data sets (no. rows > no. columns). You can consider lrSVD for wide data sets."
"tmp_nd__synA3_MCAR_30",0,"impKNNa",8.91409836065574,17.089,"ok"
"tmp_nd__synA3_MCAR_30",0,"missForest",7.09694975592587,21.0141700417599,"ok"
"tmp_nd__synA3_MCAR_30",0,"lrEMplus",NA,NA,"ERR: The lrEMplus algorithm works on regular data sets (no. rows > no. columns). You can consider lrSVD for wide data sets."
"tmp_nd__synA3_MCAR_30",1,"impKNNa",NA,NA,"ok"
"tmp_nd__synA3_MCAR_30",1,"missForest",7.05479948382995,21.9715659936492,"ok"
"tmp_nd__synA3_MCAR_30",1,"lrEMplus",NA,NA,"ERR: The lrEMplus algorithm works on regular data sets (no. rows > no. columns). You can consider lrSVD for wide data sets."
"tmp_nd__synA3_MCAR_30",10,"impKNNa",8.82142857142857,21.7445,"ok"
"tmp_nd__synA3_MCAR_30",10,"missForest",8.1245493820054,23.5310682517845,"ok"
"tmp_nd__synA3_MCAR_30",10,"lrEMplus",NA,NA,"ERR: The lrEMplus algorithm works on regular data sets (no. rows > no. columns). You can consider lrSVD for wide data sets."
"tmp_nd__synA3_MCAR_30",11,"impKNNa",NA,NA,"ok"
"tmp_nd__synA3_MCAR_30",11,"missForest",6.78977671322234,24.723733372363,"ok"
"tmp_nd__synA3_MCAR_30",11,"lrEMplus",NA,NA,"ERR: The lrEMplus algorithm works on regular data sets (no. rows > no. columns). You can consider lrSVD for wide data sets."
"tmp_nd__synA3_MCAR_30",12,"impKNNa",7.71628205128205,25.4905,"ok"
"tmp_nd__synA3_MCAR_30",12,"missForest",6.65187231303796,24.1447762437224,"ok"
"tmp_nd__synA3_MCAR_30",12,"lrEMplus",NA,NA,"ERR: The lrEMplus algorithm works on regular data sets (no. rows > no. columns). You can consider lrSVD for wide data sets."
"tmp_nd__synA3_MCAR_30",13,"impKNNa",8.37391891891892,23.9635,"ok"
"tmp_nd__synA3_MCAR_30",13,"missForest",6.83676518428291,23.8584095509776,"ok"
"tmp_nd__synA3_MCAR_30",13,"lrEMplus",NA,NA,"ERR: The lrEMplus algorithm works on regular data sets (no. rows > no. columns). You can consider lrSVD for wide data sets."
"tmp_nd__synA3_MCAR_30",14,"impKNNa",NA,NA,"ok"
"tmp_nd__synA3_MCAR_30",14,"missForest",7.93072233065175,24.9644451724028,"ok"
"tmp_nd__synA3_MCAR_30",14,"lrEMplus",NA,NA,"ERR: The lrEMplus algorithm works on regular data sets (no. rows > no. columns). You can consider lrSVD for wide data sets."
"tmp_nd__synA3_MCAR_30",15,"impKNNa",NA,NA,"ok"
"tmp_nd__synA3_MCAR_30",15,"missForest",7.70805524152549,25.637567055827,"ok"
"tmp_nd__synA3_MCAR_30",15,"lrEMplus",NA,NA,"ERR: The lrEMplus algorithm works on regular data sets (no. rows > no. columns). You can consider lrSVD for wide data sets."
"tmp_nd__synA3_MCAR_30",16,"impKNNa",NA,NA,"ok"
"tmp_nd__synA3_MCAR_30",16,"missForest",7.31040913976049,23.560894890074,"ok"
"tmp_nd__synA3_MCAR_30",16,"lrEMplus",NA,NA,"ERR: The lrEMplus algorithm works on regular data sets (no. rows > no. columns). You can consider lrSVD for wide data sets."
"tmp_nd__synA3_MCAR_30",17,"impKNNa",8.21014925373134,14.038,"ok"
"tmp_nd__synA3_MCAR_30",17,"missForest",6.17492177967633,18.0156461416483,"ok"
"tmp_nd__synA3_MCAR_30",17,"lrEMplus",NA,NA,"ERR: The lrEMplus algorithm works on regular data sets (no. rows > no. columns). You can consider lrSVD for wide data sets."
"tmp_nd__synA3_MCAR_30",18,"impKNNa",NA,NA,"ok"
"tmp_nd__synA3_MCAR_30",18,"missForest",6.98735678807826,21.8289938582002,"ok"
"tmp_nd__synA3_MCAR_30",18,"lrEMplus",NA,NA,"ERR: The lrEMplus algorithm works on regular data sets (no. rows > no. columns). You can consider lrSVD for wide data sets."
"tmp_nd__synA3_MCAR_30",19,"impKNNa",NA,NA,"ok"
"tmp_nd__synA3_MCAR_30",19,"missForest",7.19381908141175,23.5603941928182,"ok"
"tmp_nd__synA3_MCAR_30",19,"lrEMplus",NA,NA,"ERR: The lrEMplus algorithm works on regular data sets (no. rows > no. columns). You can consider lrSVD for wide data sets."
"tmp_nd__synA3_MCAR_30",2,"impKNNa",NA,NA,"ok"
"tmp_nd__synA3_MCAR_30",2,"missForest",7.07315421859758,25.4281318669263,"ok"
"tmp_nd__synA3_MCAR_30",2,"lrEMplus",NA,NA,"ERR: The lrEMplus algorithm works on regular data sets (no. rows > no. columns). You can consider lrSVD for wide data sets."
"tmp_nd__synA3_MCAR_30",3,"impKNNa",NA,NA,"ok"
"tmp_nd__synA3_MCAR_30",3,"missForest",7.11774946774936,23.7746707225227,"ok"
"tmp_nd__synA3_MCAR_30",3,"lrEMplus",NA,NA,"ERR: The lrEMplus algorithm works on regular data sets (no. rows > no. columns). You can consider lrSVD for wide data sets."
"tmp_nd__synA3_MCAR_30",4,"impKNNa",NA,NA,"ok"
"tmp_nd__synA3_MCAR_30",4,"missForest",6.64321389513689,19.6764068975045,"ok"
"tmp_nd__synA3_MCAR_30",4,"lrEMplus",NA,NA,"ERR: The lrEMplus algorithm works on regular data sets (no. rows > no. columns). You can consider lrSVD for wide data sets."
"tmp_nd__synA3_MCAR_30",5,"impKNNa",NA,NA,"ok"
"tmp_nd__synA3_MCAR_30",5,"missForest",7.28523873769904,23.6137019861039,"ok"
"tmp_nd__synA3_MCAR_30",5,"lrEMplus",NA,NA,"ERR: The lrEMplus algorithm works on regular data sets (no. rows > no. columns). You can consider lrSVD for wide data sets."
"tmp_nd__synA3_MCAR_30",6,"impKNNa",9.116,20.784,"ok"
"tmp_nd__synA3_MCAR_30",6,"missForest",8.07803671601877,24.9217209530633,"ok"
"tmp_nd__synA3_MCAR_30",6,"lrEMplus",NA,NA,"ERR: The lrEMplus algorithm works on regular data sets (no. rows > no. columns). You can consider lrSVD for wide data sets."
"tmp_nd__synA3_MCAR_30",7,"impKNNa",7.17333333333333,24.94,"ok"
"tmp_nd__synA3_MCAR_30",7,"missForest",7.26959266524243,24.9774152118794,"ok"
"tmp_nd__synA3_MCAR_30",7,"lrEMplus",NA,NA,"ERR: The lrEMplus algorithm works on regular data sets (no. rows > no. columns). You can consider lrSVD for wide data sets."
"tmp_nd__synA3_MCAR_30",8,"impKNNa",NA,NA,"ok"
"tmp_nd__synA3_MCAR_30",8,"missForest",7.04624286034907,19.9213579950874,"ok"
"tmp_nd__synA3_MCAR_30",8,"lrEMplus",NA,NA,"ERR: The lrEMplus algorithm works on regular data sets (no. rows > no. columns). You can consider lrSVD for wide data sets."
"tmp_nd__synA3_MCAR_30",9,"impKNNa",8.71934426229508,21.592,"ok"
"tmp_nd__synA3_MCAR_30",9,"missForest",8.31768081171772,24.180631349394,"ok"
"tmp_nd__synA3_MCAR_30",9,"lrEMplus",NA,NA,"ERR: The lrEMplus algorithm works on regular data sets (no. rows > no. columns). You can consider lrSVD for wide data sets."
"tmp_nd__synA3_MNAR_10",0,"impKNNa",7.27266666666667,5.4575,"ok"
"tmp_nd__synA3_MNAR_10",0,"missForest",5.81831078438034,3.8334939367555,"ok"
"tmp_nd__synA3_MNAR_10",0,"lrEMplus",NA,NA,"ERR: The lrEMplus algorithm works on regular data sets (no. rows > no. columns). You can consider lrSVD for wide data sets."
"tmp_nd__synA3_MNAR_10",1,"impKNNa",5.74233333333333,4.12775,"ok"
"tmp_nd__synA3_MNAR_10",1,"missForest",4.0266375765277,3.01997818239578,"ok"
"tmp_nd__synA3_MNAR_10",1,"lrEMplus",NA,NA,"ERR: The lrEMplus algorithm works on regular data sets (no. rows > no. columns). You can consider lrSVD for wide data sets."
"tmp_nd__synA3_MNAR_10",10,"impKNNa",4.6175,3.365,"ok"
"tmp_nd__synA3_MNAR_10",10,"missForest",3.88445632609489,3.11256506087592,"ok"
"tmp_nd__synA3_MNAR_10",10,"lrEMplus",NA,NA,"ERR: The lrEMplus algorithm works on regular data sets (no. rows > no. columns). You can consider lrSVD for wide data sets."
"tmp_nd__synA3_MNAR_10",11,"impKNNa",7.63416666666667,3.9615,"ok"
"tmp_nd__synA3_MNAR_10",11,"missForest",5.59614265356963,3.17292448003166,"ok"
"tmp_nd__synA3_MNAR_10",11,"lrEMplus",NA,NA,"ERR: The lrEMplus algorithm works on regular data sets (no. rows > no. columns). You can consider lrSVD for wide data sets."
"tmp_nd__synA3_MNAR_10",12,"impKNNa",7.23,5.3325,"ok"
"tmp_nd__synA3_MNAR_10",12,"missForest",4.08729477037121,3.6360099813476,"ok"
"tmp_nd__synA3_MNAR_10",12,"lrEMplus",NA,NA,"ERR: The lrEMplus algorithm works on regular data sets (no. rows > no. columns). You can consider lrSVD for wide data sets."
"tmp_nd__synA3_MNAR_10",13,"impKNNa",4.80823529411765,4.085,"ok"
"tmp_nd__synA3_MNAR_10",13,"missForest",3.24652686687496,2.53696751585914,"ok"
"tmp_nd__synA3_MNAR_10",13,"lrEMplus",NA,NA,"ERR: The lrEMplus algorithm works on regular data sets (no. rows > no. columns). You can consider lrSVD for wide data sets."
"tmp_nd__synA3_MNAR_10",14,"impKNNa",3.86083333333333,2.3185,"ok"
"tmp_nd__synA3_MNAR_10",14,"missForest",3.50298929027965,2.01849232267951,"ok"
"tmp_nd__synA3_MNAR_10",14,"lrEMplus",NA,NA,"ERR: The lrEMplus algorithm works on regular data sets (no. rows > no. columns). You can consider lrSVD for wide data sets."
"tmp_nd__synA3_MNAR_10",15,"impKNNa",8.46944444444444,3.81725,"ok"
"tmp_nd__synA3_MNAR_10",15,"missForest",6.41639001797261,2.83935052585061,"ok"
"tmp_nd__synA3_MNAR_10",15,"lrEMplus",NA,NA,"ERR: The lrEMplus algorithm works on regular data sets (no. rows > no. columns). You can consider lrSVD for wide data sets."
"tmp_nd__synA3_MNAR_10",16,"impKNNa",6.26071428571429,4.1795,"ok"
"tmp_nd__synA3_MNAR_10",16,"missForest",4.53482410464744,3.01177102146611,"ok"
"tmp_nd__synA3_MNAR_10",16,"lrEMplus",NA,NA,"ERR: The lrEMplus algorithm works on regular data sets (no. rows > no. columns). You can consider lrSVD for wide data sets."
"tmp_nd__synA3_MNAR_10",17,"impKNNa",5.78,2.607,"ok"
"tmp_nd__synA3_MNAR_10",17,"missForest",5.04830904033588,2.19884651295634,"ok"
"tmp_nd__synA3_MNAR_10",17,"lrEMplus",NA,NA,"ERR: The lrEMplus algorithm works on regular data sets (no. rows > no. columns). You can consider lrSVD for wide data sets."
"tmp_nd__synA3_MNAR_10",18,"impKNNa",7.25266666666667,3.8215,"ok"
"tmp_nd__synA3_MNAR_10",18,"missForest",3.42765297168426,2.35453478864776,"ok"
"tmp_nd__synA3_MNAR_10",18,"lrEMplus",NA,NA,"ERR: The lrEMplus algorithm works on regular data sets (no. rows > no. columns). You can consider lrSVD for wide data sets."
"tmp_nd__synA3_MNAR_10",19,"impKNNa",6.940625,2.50925,"ok"
"tmp_nd__synA3_MNAR_10",19,"missForest",6.92082223162254,2.7647108237457,"ok"
"tmp_nd__synA3_MNAR_10",19,"lrEMplus",NA,NA,"ERR: The lrEMplus algorithm works on regular data sets (no. rows > no. columns). You can consider lrSVD for wide data sets."
"tmp_nd__synA3_MNAR_10",2,"impKNNa",5.99607142857143,4.17975,"ok"
"tmp_nd__synA3_MNAR_10",2,"missForest",3.24254418306674,2.27178092814672,"ok"
"tmp_nd__synA3_MNAR_10",2,"lrEMplus",NA,NA,"ERR: The lrEMplus algorithm works on regular data sets (no. rows > no. columns). You can consider lrSVD for wide data sets."
"tmp_nd__synA3_MNAR_10",3,"impKNNa",6.2875,6.2405,"ok"
"tmp_nd__synA3_MNAR_10",3,"missForest",5.38936305591777,4.75602017360564,"ok"
"tmp_nd__synA3_MNAR_10",3,"lrEMplus",NA,NA,"ERR: The lrEMplus algorithm works on regular data sets (no. rows > no. columns). You can consider lrSVD for wide data sets."
"tmp_nd__synA3_MNAR_10",4,"impKNNa",5.875,2.354,"ok"
"tmp_nd__synA3_MNAR_10",4,"missForest",6.32056101461039,2.53322440584416,"ok"
"tmp_nd__synA3_MNAR_10",4,"lrEMplus",NA,NA,"ERR: The lrEMplus algorithm works on regular data sets (no. rows > no. columns). You can consider lrSVD for wide data sets."
"tmp_nd__synA3_MNAR_10",5,"impKNNa",5.69842105263158,5.4185,"ok"
"tmp_nd__synA3_MNAR_10",5,"missForest",4.73602557395206,4.28287058237377,"ok"
"tmp_nd__synA3_MNAR_10",5,"lrEMplus",NA,NA,"ERR: The lrEMplus algorithm works on regular data sets (no. rows > no. columns). You can consider lrSVD for wide data sets."
"tmp_nd__synA3_MNAR_10",6,"impKNNa",4.87,2.924,"ok"
"tmp_nd__synA3_MNAR_10",6,"missForest",2.62772906697956,1.57863744018774,"ok"
"tmp_nd__synA3_MNAR_10",6,"lrEMplus",NA,NA,"ERR: The lrEMplus algorithm works on regular data sets (no. rows > no. columns). You can consider lrSVD for wide data sets."
"tmp_nd__synA3_MNAR_10",7,"impKNNa",3.394,1.6425,"ok"
"tmp_nd__synA3_MNAR_10",7,"missForest",2.22033979309385,1.28748481153934,"ok"
"tmp_nd__synA3_MNAR_10",7,"lrEMplus",NA,NA,"ERR: The lrEMplus algorithm works on regular data sets (no. rows > no. columns). You can consider lrSVD for wide data sets."
"tmp_nd__synA3_MNAR_10",8,"impKNNa",7.25366666666667,4.79825,"ok"
"tmp_nd__synA3_MNAR_10",8,"missForest",6.22671939438632,4.4415477551082,"ok"
"tmp_nd__synA3_MNAR_10",8,"lrEMplus",NA,NA,"ERR: The lrEMplus algorithm works on regular data sets (no. rows > no. columns). You can consider lrSVD for wide data sets."
"tmp_nd__synA3_MNAR_10",9,"impKNNa",4.06388888888889,1.83375,"ok"
"tmp_nd__synA3_MNAR_10",9,"missForest",2.79110012614092,1.26199505676341,"ok"
"tmp_nd__synA3_MNAR_10",9,"lrEMplus",NA,NA,"ERR: The lrEMplus algorithm works on regular data sets (no. rows > no. columns). You can consider lrSVD for wide data sets."
"tmp_nd__synA3_MNAR_30",0,"impKNNa",8.21410256410256,12.3715,"ok"
"tmp_nd__synA3_MNAR_30",0,"missForest",5.02280910416297,7.88990392354532,"ok"
"tmp_nd__synA3_MNAR_30",0,"lrEMplus",NA,NA,"ERR: The lrEMplus algorithm works on regular data sets (no. rows > no. columns). You can consider lrSVD for wide data sets."
"tmp_nd__synA3_MNAR_30",1,"impKNNa",6.1265,10.516,"ok"
"tmp_nd__synA3_MNAR_30",1,"missForest",4.59642547282327,8.21885878092238,"ok"
"tmp_nd__synA3_MNAR_30",1,"lrEMplus",NA,NA,"ERR: The lrEMplus algorithm works on regular data sets (no. rows > no. columns). You can consider lrSVD for wide data sets."
"tmp_nd__synA3_MNAR_30",10,"impKNNa",5.48306818181818,6.88375,"ok"
"tmp_nd__synA3_MNAR_30",10,"missForest",4.37193455718383,8.30666856402975,"ok"
"tmp_nd__synA3_MNAR_30",10,"lrEMplus",NA,NA,"ERR: The lrEMplus algorithm works on regular data sets (no. rows > no. columns). You can consider lrSVD for wide data sets."
"tmp_nd__synA3_MNAR_30",11,"impKNNa",NA,NA,"ok"
"tmp_nd__synA3_MNAR_30",11,"missForest",5.22937815682191,10.5854191157773,"ok"
"tmp_nd__synA3_MNAR_30",11,"lrEMplus",NA,NA,"ERR: The lrEMplus algorithm works on regular data sets (no. rows > no. columns). You can consider lrSVD for wide data sets."
"tmp_nd__synA3_MNAR_30",12,"impKNNa",6.81,13.815,"ok"
"tmp_nd__synA3_MNAR_30",12,"missForest",4.62438141687389,8.66212609083976,"ok"
"tmp_nd__synA3_MNAR_30",12,"lrEMplus",NA,NA,"ERR: The lrEMplus algorithm works on regular data sets (no. rows > no. columns). You can consider lrSVD for wide data sets."
"tmp_nd__synA3_MNAR_30",13,"impKNNa",6.86380952380952,8.1,"ok"
"tmp_nd__synA3_MNAR_30",13,"missForest",3.06986553142778,5.03222255318602,"ok"
"tmp_nd__synA3_MNAR_30",13,"lrEMplus",NA,NA,"ERR: The lrEMplus algorithm works on regular data sets (no. rows > no. columns). You can consider lrSVD for wide data sets."
"tmp_nd__synA3_MNAR_30",14,"impKNNa",7.42041666666667,8.34925,"ok"
"tmp_nd__synA3_MNAR_30",14,"missForest",4.83982787816188,7.10282665030605,"ok"
"tmp_nd__synA3_MNAR_30",14,"lrEMplus",NA,NA,"ERR: The lrEMplus algorithm works on regular data sets (no. rows > no. columns). You can consider lrSVD for wide data sets."
"tmp_nd__synA3_MNAR_30",15,"impKNNa",6.59371428571429,8.687,"ok"
"tmp_nd__synA3_MNAR_30",15,"missForest",4.45486124768268,6.83892414976187,"ok"
"tmp_nd__synA3_MNAR_30",15,"lrEMplus",NA,NA,"ERR: The lrEMplus algorithm works on regular data sets (no. rows > no. columns). You can consider lrSVD for wide data sets."
"tmp_nd__synA3_MNAR_30",16,"impKNNa",6.31435897435897,6.704,"ok"
"tmp_nd__synA3_MNAR_30",16,"missForest",3.76420796078475,5.36975496184075,"ok"
"tmp_nd__synA3_MNAR_30",16,"lrEMplus",NA,NA,"ERR: The lrEMplus algorithm works on regular data sets (no. rows > no. columns). You can consider lrSVD for wide data sets."
"tmp_nd__synA3_MNAR_30",17,"impKNNa",NA,NA,"ok"
"tmp_nd__synA3_MNAR_30",17,"missForest",4.88523415279311,8.8605861892719,"ok"
"tmp_nd__synA3_MNAR_30",17,"lrEMplus",NA,NA,"ERR: The lrEMplus algorithm works on regular data sets (no. rows > no. columns). You can consider lrSVD for wide data sets."
"tmp_nd__synA3_MNAR_30",18,"impKNNa",5.2777,9.58175,"ok"
"tmp_nd__synA3_MNAR_30",18,"missForest",4.24248077162291,9.61605037649872,"ok"
"tmp_nd__synA3_MNAR_30",18,"lrEMplus",NA,NA,"ERR: The lrEMplus algorithm works on regular data sets (no. rows > no. columns). You can consider lrSVD for wide data sets."
"tmp_nd__synA3_MNAR_30",19,"impKNNa",6.732,11.065,"ok"
"tmp_nd__synA3_MNAR_30",19,"missForest",4.68882104508967,7.6701689531022,"ok"
"tmp_nd__synA3_MNAR_30",19,"lrEMplus",NA,NA,"ERR: The lrEMplus algorithm works on regular data sets (no. rows > no. columns). You can consider lrSVD for wide data sets."
"tmp_nd__synA3_MNAR_30",2,"impKNNa",7.345,11.144,"ok"
"tmp_nd__synA3_MNAR_30",2,"missForest",4.42316033570356,8.18593393254862,"ok"
"tmp_nd__synA3_MNAR_30",2,"lrEMplus",NA,NA,"ERR: The lrEMplus algorithm works on regular data sets (no. rows > no. columns). You can consider lrSVD for wide data sets."
"tmp_nd__synA3_MNAR_30",3,"impKNNa",7.48388888888889,13.4445,"ok"
"tmp_nd__synA3_MNAR_30",3,"missForest",5.42961273849539,12.6880128132894,"ok"
"tmp_nd__synA3_MNAR_30",3,"lrEMplus",NA,NA,"ERR: The lrEMplus algorithm works on regular data sets (no. rows > no. columns). You can consider lrSVD for wide data sets."
"tmp_nd__synA3_MNAR_30",4,"impKNNa",6.77928571428571,6.308,"ok"
"tmp_nd__synA3_MNAR_30",4,"missForest",4.99435672055385,6.22513117939366,"ok"
"tmp_nd__synA3_MNAR_30",4,"lrEMplus",NA,NA,"ERR: The lrEMplus algorithm works on regular data sets (no. rows > no. columns). You can consider lrSVD for wide data sets."
"tmp_nd__synA3_MNAR_30",5,"impKNNa",6.82772727272727,12.475,"ok"
"tmp_nd__synA3_MNAR_30",5,"missForest",4.19580985341792,7.48469084610084,"ok"
"tmp_nd__synA3_MNAR_30",5,"lrEMplus",NA,NA,"ERR: The lrEMplus algorithm works on regular data sets (no. rows > no. columns). You can consider lrSVD for wide data sets."
"tmp_nd__synA3_MNAR_30",6,"impKNNa",6.96121951219512,8.8315,"ok"
"tmp_nd__synA3_MNAR_30",6,"missForest",5.08754388684872,8.45892736140648,"ok"
"tmp_nd__synA3_MNAR_30",6,"lrEMplus",NA,NA,"ERR: The lrEMplus algorithm works on regular data sets (no. rows > no. columns). You can consider lrSVD for wide data sets."
"tmp_nd__synA3_MNAR_30",7,"impKNNa",7.01282608695652,10.0115,"ok"
"tmp_nd__synA3_MNAR_30",7,"missForest",4.55515212229687,8.62296553510662,"ok"
"tmp_nd__synA3_MNAR_30",7,"lrEMplus",NA,NA,"ERR: The lrEMplus algorithm works on regular data sets (no. rows > no. columns). You can consider lrSVD for wide data sets."
"tmp_nd__synA3_MNAR_30",8,"impKNNa",8.38,11.994,"ok"
"tmp_nd__synA3_MNAR_30",8,"missForest",6.51967642664675,10.0526988583829,"ok"
"tmp_nd__synA3_MNAR_30",8,"lrEMplus",NA,NA,"ERR: The lrEMplus algorithm works on regular data sets (no. rows > no. columns). You can consider lrSVD for wide data sets."
"tmp_nd__synA3_MNAR_30",9,"impKNNa",6.84041666666667,10.35225,"ok"
"tmp_nd__synA3_MNAR_30",9,"missForest",4.35852308090247,6.49719718478404,"ok"
"tmp_nd__synA3_MNAR_30",9,"lrEMplus",NA,NA,"ERR: The lrEMplus algorithm works on regular data sets (no. rows > no. columns). You can consider lrSVD for wide data sets."
"tmp_nd__synA4_MAR_10",0,"impKNNa",4.74145161290323,4.8314,"ok"
"tmp_nd__synA4_MAR_10",0,"missForest",4.5504665334324,5.39594208762948,"ok"
"tmp_nd__synA4_MAR_10",0,"lrEMplus",NA,NA,"ERR: The lrEMplus algorithm works on regular data sets (no. rows > no. columns). You can consider lrSVD for wide data sets."
"tmp_nd__synA4_MAR_10",1,"impKNNa",7.34767857142857,7.153,"ok"
"tmp_nd__synA4_MAR_10",1,"missForest",6.04154908105054,6.76733497077661,"ok"
"tmp_nd__synA4_MAR_10",1,"lrEMplus",NA,NA,"ERR: The lrEMplus algorithm works on regular data sets (no. rows > no. columns). You can consider lrSVD for wide data sets."
"tmp_nd__synA4_MAR_10",10,"impKNNa",5.94351351351351,6.818,"ok"
"tmp_nd__synA4_MAR_10",10,"missForest",5.5441095661351,8.05076726078162,"ok"
"tmp_nd__synA4_MAR_10",10,"lrEMplus",NA,NA,"ERR: The lrEMplus algorithm works on regular data sets (no. rows > no. columns). You can consider lrSVD for wide data sets."
"tmp_nd__synA4_MAR_10",11,"impKNNa",6.00125,7.9982,"ok"
"tmp_nd__synA4_MAR_10",11,"missForest",5.48299434310325,7.55467553858024,"ok"
"tmp_nd__synA4_MAR_10",11,"lrEMplus",NA,NA,"ERR: The lrEMplus algorithm works on regular data sets (no. rows > no. columns). You can consider lrSVD for wide data sets."
"tmp_nd__synA4_MAR_10",12,"impKNNa",6.728,8.7424,"ok"
"tmp_nd__synA4_MAR_10",12,"missForest",5.57927737184732,8.63801424516891,"ok"
"tmp_nd__synA4_MAR_10",12,"lrEMplus",NA,NA,"ERR: The lrEMplus algorithm works on regular data sets (no. rows > no. columns). You can consider lrSVD for wide data sets."
"tmp_nd__synA4_MAR_10",13,"impKNNa",6.305,10.1974,"ok"
"tmp_nd__synA4_MAR_10",13,"missForest",5.50397239501963,10.0189313821451,"ok"
"tmp_nd__synA4_MAR_10",13,"lrEMplus",NA,NA,"ERR: The lrEMplus algorithm works on regular data sets (no. rows > no. columns). You can consider lrSVD for wide data sets."
"tmp_nd__synA4_MAR_10",14,"impKNNa",7.34527777777778,8.1588,"ok"
"tmp_nd__synA4_MAR_10",14,"missForest",5.44147038778674,7.63583858064035,"ok"
"tmp_nd__synA4_MAR_10",14,"lrEMplus",NA,NA,"ERR: The lrEMplus algorithm works on regular data sets (no. rows > no. columns). You can consider lrSVD for wide data sets."
"tmp_nd__synA4_MAR_10",15,"impKNNa",6.71710526315789,9.0476,"ok"
"tmp_nd__synA4_MAR_10",15,"missForest",4.92872558034389,7.05347130805889,"ok"
"tmp_nd__synA4_MAR_10",15,"lrEMplus",NA,NA,"ERR: The lrEMplus algorithm works on regular data sets (no. rows > no. columns). You can consider lrSVD for wide data sets."
"tmp_nd__synA4_MAR_10",16,"impKNNa",5.9528125,5.4488,"ok"
"tmp_nd__synA4_MAR_10",16,"missForest",4.88137626948589,5.76218178140834,"ok"
"tmp_nd__synA4_MAR_10",16,"lrEMplus",NA,NA,"ERR: The lrEMplus algorithm works on regular data sets (no. rows > no. columns). You can consider lrSVD for wide data sets."
"tmp_nd__synA4_MAR_10",17,"impKNNa",3.94263888888889,5.6742,"ok"
"tmp_nd__synA4_MAR_10",17,"missForest",4.05062363495031,5.46380686663731,"ok"
"tmp_nd__synA4_MAR_10",17,"lrEMplus",NA,NA,"ERR: The lrEMplus algorithm works on regular data sets (no. rows > no. columns). You can consider lrSVD for wide data sets."
"tmp_nd__synA4_MAR_10",18,"impKNNa",5.98695652173913,9.232,"ok"
"tmp_nd__synA4_MAR_10",18,"missForest",5.53000258658933,9.48282590926379,"ok"
"tmp_nd__synA4_MAR_10",18,"lrEMplus",NA,NA,"ERR: The lrEMplus algorithm works on regular data sets (no. rows > no. columns). You can consider lrSVD for wide data sets."
"tmp_nd__synA4_MAR_10",19,"impKNNa",4.46516129032258,4.7992,"ok"
"tmp_nd__synA4_MAR_10",19,"missForest",3.23883125120538,3.89580853338413,"ok"
"tmp_nd__synA4_MAR_10",19,"lrEMplus",NA,NA,"ERR: The lrEMplus algorithm works on regular data sets (no. rows > no. columns). You can consider lrSVD for wide data sets."
"tmp_nd__synA4_MAR_10",2,"impKNNa",5.77527777777778,7.2732,"ok"
"tmp_nd__synA4_MAR_10",2,"missForest",4.75870379241573,6.54681017141276,"ok"
"tmp_nd__synA4_MAR_10",2,"lrEMplus",NA,NA,"ERR: The lrEMplus algorithm works on regular data sets (no. rows > no. columns). You can consider lrSVD for wide data sets."
"tmp_nd__synA4_MAR_10",3,"impKNNa",6.93444444444444,6.6836,"ok"
"tmp_nd__synA4_MAR_10",3,"missForest",6.59160038237494,7.07309068480943,"ok"
"tmp_nd__synA4_MAR_10",3,"lrEMplus",NA,NA,"ERR: The lrEMplus algorithm works on regular data sets (no. rows > no. columns). You can consider lrSVD for wide data sets."
"tmp_nd__synA4_MAR_10",4,"impKNNa",6.54777777777778,8.0788,"ok"
"tmp_nd__synA4_MAR_10",4,"missForest",5.41929622398783,7.17540591789934,"ok"
"tmp_nd__synA4_MAR_10",4,"lrEMplus",NA,NA,"ERR: The lrEMplus algorithm works on regular data sets (no. rows > no. columns). You can consider lrSVD for wide data sets."
"tmp_nd__synA4_MAR_10",5,"impKNNa",6.26766666666667,5.7376,"ok"
"tmp_nd__synA4_MAR_10",5,"missForest",6.79512642232016,7.83062871265878,"ok"
"tmp_nd__synA4_MAR_10",5,"lrEMplus",NA,NA,"ERR: The lrEMplus algorithm works on regular data sets (no. rows > no. columns). You can consider lrSVD for wide data sets."
"tmp_nd__synA4_MAR_10",6,"impKNNa",6.98029411764706,8.5748,"ok"
"tmp_nd__synA4_MAR_10",6,"missForest",5.62678025331096,7.44167732947479,"ok"
"tmp_nd__synA4_MAR_10",6,"lrEMplus",NA,NA,"ERR: The lrEMplus algorithm works on regular data sets (no. rows > no. columns). You can consider lrSVD for wide data sets."
"tmp_nd__synA4_MAR_10",7,"impKNNa",7.20377777777778,11.8516,"ok"
"tmp_nd__synA4_MAR_10",7,"missForest",5.7582329558161,9.97879340842677,"ok"
"tmp_nd__synA4_MAR_10",7,"lrEMplus",NA,NA,"ERR: The lrEMplus algorithm works on regular data sets (no. rows > no. columns). You can consider lrSVD for wide data sets."
"tmp_nd__synA4_MAR_10",8,"impKNNa",4.83153846153846,3.9476,"ok"
"tmp_nd__synA4_MAR_10",8,"missForest",5.53261035952889,5.69782588060335,"ok"
"tmp_nd__synA4_MAR_10",8,"lrEMplus",NA,NA,"ERR: The lrEMplus algorithm works on regular data sets (no. rows > no. columns). You can consider lrSVD for wide data sets."
"tmp_nd__synA4_MAR_10",9,"impKNNa",6.88875,7.7162,"ok"
"tmp_nd__synA4_MAR_10",9,"missForest",6.23369840023013,6.72019378966609,"ok"
"tmp_nd__synA4_MAR_10",9,"lrEMplus",NA,NA,"ERR: The lrEMplus algorithm works on regular data sets (no. rows > no. columns). You can consider lrSVD for wide data sets."
"tmp_nd__synA4_MAR_30",0,"impKNNa",6.875,18.7404,"ok"
"tmp_nd__synA4_MAR_30",0,"missForest",5.52266623411256,18.2724692262021,"ok"
"tmp_nd__synA4_MAR_30",0,"lrEMplus",NA,NA,"ERR: The lrEMplus algorithm works on regular data sets (no. rows > no. columns). You can consider lrSVD for wide data sets."
"tmp_nd__synA4_MAR_30",1,"impKNNa",7.31456310679612,13.9784,"ok"
"tmp_nd__synA4_MAR_30",1,"missForest",5.35716457480194,20.9105684679095,"ok"
"tmp_nd__synA4_MAR_30",1,"lrEMplus",NA,NA,"ERR: The lrEMplus algorithm works on regular data sets (no. rows > no. columns). You can consider lrSVD for wide data sets."
"tmp_nd__synA4_MAR_30",10,"impKNNa",NA,NA,"ok"
"tmp_nd__synA4_MAR_30",10,"missForest",6.12726726553208,25.3639698710439,"ok"
"tmp_nd__synA4_MAR_30",10,"lrEMplus",NA,NA,"ERR: The lrEMplus algorithm works on regular data sets (no. rows > no. columns). You can consider lrSVD for wide data sets."
"tmp_nd__synA4_MAR_30",11,"impKNNa",NA,NA,"ok"
"tmp_nd__synA4_MAR_30",11,"missForest",5.7569318884991,23.3067346342649,"ok"
"tmp_nd__synA4_MAR_30",11,"lrEMplus",NA,NA,"ERR: The lrEMplus algorithm works on regular data sets (no. rows > no. columns). You can consider lrSVD for wide data sets."
"tmp_nd__synA4_MAR_30",12,"impKNNa",NA,NA,"ok"
"tmp_nd__synA4_MAR_30",12,"missForest",5.61568993215009,22.9728356654172,"ok"
"tmp_nd__synA4_MAR_30",12,"lrEMplus",NA,NA,"ERR: The lrEMplus algorithm works on regular data sets (no. rows > no. columns). You can consider lrSVD for wide data sets."
"tmp_nd__synA4_MAR_30",13,"impKNNa",NA,NA,"ok"
"tmp_nd__synA4_MAR_30",13,"missForest",5.17013053317494,21.6842902529124,"ok"
"tmp_nd__synA4_MAR_30",13,"lrEMplus",NA,NA,"ERR: The lrEMplus algorithm works on regular data sets (no. rows > no. columns). You can consider lrSVD for wide data sets."
"tmp_nd__synA4_MAR_30",14,"impKNNa",NA,NA,"ok"
"tmp_nd__synA4_MAR_30",14,"missForest",6.18217480308792,24.3273536356728,"ok"
"tmp_nd__synA4_MAR_30",14,"lrEMplus",NA,NA,"ERR: The lrEMplus algorithm works on regular data sets (no. rows > no. columns). You can consider lrSVD for wide data sets."
"tmp_nd__synA4_MAR_30",15,"impKNNa",6.026,17.2148,"ok"
"tmp_nd__synA4_MAR_30",15,"missForest",5.21833920778183,18.1672553223617,"ok"
"tmp_nd__synA4_MAR_30",15,"lrEMplus",NA,NA,"ERR: The lrEMplus algorithm works on regular data sets (no. rows > no. columns). You can consider lrSVD for wide data sets."
"tmp_nd__synA4_MAR_30",16,"impKNNa",NA,NA,"ok"
"tmp_nd__synA4_MAR_30",16,"missForest",5.32701864815806,21.5591708132552,"ok"
"tmp_nd__synA4_MAR_30",16,"lrEMplus",NA,NA,"ERR: The lrEMplus algorithm works on regular data sets (no. rows > no. columns). You can consider lrSVD for wide data sets."
"tmp_nd__synA4_MAR_30",17,"impKNNa",6.44382608695652,23.548,"ok"
"tmp_nd__synA4_MAR_30",17,"missForest",6.22906397594675,28.1825204062273,"ok"
"tmp_nd__synA4_MAR_30",17,"lrEMplus",NA,NA,"ERR: The lrEMplus algorithm works on regular data sets (no. rows > no. columns). You can consider lrSVD for wide data sets."
"tmp_nd__synA4_MAR_30",18,"impKNNa",NA,NA,"ok"
"tmp_nd__synA4_MAR_30",18,"missForest",5.41493772818259,23.7706069879474,"ok"
"tmp_nd__synA4_MAR_30",18,"lrEMplus",NA,NA,"ERR: The lrEMplus algorithm works on regular data sets (no. rows > no. columns). You can consider lrSVD for wide data sets."
"tmp_nd__synA4_MAR_30",19,"impKNNa",NA,NA,"ok"
"tmp_nd__synA4_MAR_30",19,"missForest",5.76451858705555,22.469498931073,"ok"
"tmp_nd__synA4_MAR_30",19,"lrEMplus",NA,NA,"ERR: The lrEMplus algorithm works on regular data sets (no. rows > no. columns). You can consider lrSVD for wide data sets."
"tmp_nd__synA4_MAR_30",2,"impKNNa",NA,NA,"ok"
"tmp_nd__synA4_MAR_30",2,"missForest",4.51392620355052,18.876811993401,"ok"
"tmp_nd__synA4_MAR_30",2,"lrEMplus",NA,NA,"ERR: The lrEMplus algorithm works on regular data sets (no. rows > no. columns). You can consider lrSVD for wide data sets."
"tmp_nd__synA4_MAR_30",3,"impKNNa",NA,NA,"ok"
"tmp_nd__synA4_MAR_30",3,"missForest",5.89581215510531,21.6416179100484,"ok"
"tmp_nd__synA4_MAR_30",3,"lrEMplus",NA,NA,"ERR: The lrEMplus algorithm works on regular data sets (no. rows > no. columns). You can consider lrSVD for wide data sets."
"tmp_nd__synA4_MAR_30",4,"impKNNa",NA,NA,"ok"
"tmp_nd__synA4_MAR_30",4,"missForest",5.91250955625476,24.1294276353281,"ok"
"tmp_nd__synA4_MAR_30",4,"lrEMplus",NA,NA,"ERR: The lrEMplus algorithm works on regular data sets (no. rows > no. columns). You can consider lrSVD for wide data sets."
"tmp_nd__synA4_MAR_30",5,"impKNNa",NA,NA,"ok"
"tmp_nd__synA4_MAR_30",5,"missForest",6.38532113022962,23.3688401972411,"ok"
"tmp_nd__synA4_MAR_30",5,"lrEMplus",NA,NA,"ERR: The lrEMplus algorithm works on regular data sets (no. rows > no. columns). You can consider lrSVD for wide data sets."
"tmp_nd__synA4_MAR_30",6,"impKNNa",NA,NA,"ok"
"tmp_nd__synA4_MAR_30",6,"missForest",6.12450316979883,23.5617352015308,"ok"
"tmp_nd__synA4_MAR_30",6,"lrEMplus",NA,NA,"ERR: The lrEMplus algorithm works on regular data sets (no. rows > no. columns). You can consider lrSVD for wide data sets."
"tmp_nd__synA4_MAR_30",7,"impKNNa",NA,NA,"ok"
"tmp_nd__synA4_MAR_30",7,"missForest",5.32299411044143,22.9848814095437,"ok"
"tmp_nd__synA4_MAR_30",7,"lrEMplus",NA,NA,"ERR: The lrEMplus algorithm works on regular data sets (no. rows > no. columns). You can consider lrSVD for wide data sets."
"tmp_nd__synA4_MAR_30",8,"impKNNa",NA,NA,"ok"
"tmp_nd__synA4_MAR_30",8,"missForest",5.55213478062714,21.6086915191074,"ok"
"tmp_nd__synA4_MAR_30",8,"lrEMplus",NA,NA,"ERR: The lrEMplus algorithm works on regular data sets (no. rows > no. columns). You can consider lrSVD for wide data sets."
"tmp_nd__synA4_MAR_30",9,"impKNNa",7.25142857142857,23.6688,"ok"
"tmp_nd__synA4_MAR_30",9,"missForest",6.57005215471213,25.12432209274,"ok"
"tmp_nd__synA4_MAR_30",9,"lrEMplus",NA,NA,"ERR: The lrEMplus algorithm works on regular data sets (no. rows > no. columns). You can consider lrSVD for wide data sets."
"tmp_nd__synA4_MCAR_10",0,"impKNNa",5.46055555555556,5.9016,"ok"
"tmp_nd__synA4_MCAR_10",0,"missForest",4.17462442501814,5.82134463543721,"ok"
"tmp_nd__synA4_MCAR_10",0,"lrEMplus",NA,NA,"ERR: The lrEMplus algorithm works on regular data sets (no. rows > no. columns). You can consider lrSVD for wide data sets."
"tmp_nd__synA4_MCAR_10",1,"impKNNa",5.80147058823529,5.4672,"ok"
"tmp_nd__synA4_MCAR_10",1,"missForest",5.63608803093286,6.94354052879726,"ok"
"tmp_nd__synA4_MCAR_10",1,"lrEMplus",NA,NA,"ERR: The lrEMplus algorithm works on regular data sets (no. rows > no. columns). You can consider lrSVD for wide data sets."
"tmp_nd__synA4_MCAR_10",10,"impKNNa",7.23945945945946,9.7656,"ok"
"tmp_nd__synA4_MCAR_10",10,"missForest",5.2770785541198,7.3911172700057,"ok"
"tmp_nd__synA4_MCAR_10",10,"lrEMplus",NA,NA,"ERR: The lrEMplus algorithm works on regular data sets (no. rows > no. columns). You can consider lrSVD for wide data sets."
"tmp_nd__synA4_MCAR_10",11,"impKNNa",7.63416666666667,8.7156,"ok"
"tmp_nd__synA4_MCAR_10",11,"missForest",5.77720893415768,8.31707347739708,"ok"
"tmp_nd__synA4_MCAR_10",11,"lrEMplus",NA,NA,"ERR: The lrEMplus algorithm works on regular data sets (no. rows > no. columns). You can consider lrSVD for wide data sets."
"tmp_nd__synA4_MCAR_10",12,"impKNNa",6.01333333333333,8.7128,"ok"
"tmp_nd__synA4_MCAR_10",12,"missForest",5.48407049913524,9.73557762900837,"ok"
"tmp_nd__synA4_MCAR_10",12,"lrEMplus",NA,NA,"ERR: The lrEMplus algorithm works on regular data sets (no. rows > no. columns). You can consider lrSVD for wide data sets."
"tmp_nd__synA4_MCAR_10",13,"impKNNa",6.32121951219512,7.7416,"ok"
"tmp_nd__synA4_MCAR_10",13,"missForest",5.54996299805448,8.634389351666,"ok"
"tmp_nd__synA4_MCAR_10",13,"lrEMplus",NA,NA,"ERR: The lrEMplus algorithm works on regular data sets (no. rows > no. columns). You can consider lrSVD for wide data sets."
"tmp_nd__synA4_MCAR_10",14,"impKNNa",5.09385714285714,5.8326,"ok"
"tmp_nd__synA4_MCAR_10",14,"missForest",5.01851457534598,6.72348182448367,"ok"
"tmp_nd__synA4_MCAR_10",14,"lrEMplus",NA,NA,"ERR: The lrEMplus algorithm works on regular data sets (no. rows > no. columns). You can consider lrSVD for wide data sets."
"tmp_nd__synA4_MCAR_10",15,"impKNNa",5.63178571428571,6.2028,"ok"
"tmp_nd__synA4_MCAR_10",15,"missForest",5.77581502860858,6.08045802706423,"ok"
"tmp_nd__synA4_MCAR_10",15,"lrEMplus",NA,NA,"ERR: The lrEMplus algorithm works on regular data sets (no. rows > no. columns). You can consider lrSVD for wide data sets."
"tmp_nd__synA4_MCAR_10",16,"impKNNa",7.68907894736842,9.3162,"ok"
"tmp_nd__synA4_MCAR_10",16,"missForest",6.69407482090861,10.1706527348851,"ok"
"tmp_nd__synA4_MCAR_10",16,"lrEMplus",NA,NA,"ERR: The lrEMplus algorithm works on regular data sets (no. rows > no. columns). You can consider lrSVD for wide data sets."
"tmp_nd__synA4_MCAR_10",17,"impKNNa",7.42828125,7.5994,"ok"
"tmp_nd__synA4_MCAR_10",17,"missForest",5.22375419258094,6.3986910559277,"ok"
"tmp_nd__synA4_MCAR_10",17,"lrEMplus",NA,NA,"ERR: The lrEMplus algorithm works on regular data sets (no. rows > no. columns). You can consider lrSVD for wide data sets."
"tmp_nd__synA4_MCAR_10",18,"impKNNa",7.61986111111111,9.4438,"ok"
"tmp_nd__synA4_MCAR_10",18,"missForest",6.8560561051973,9.79628961846954,"ok"
"tmp_nd__synA4_MCAR_10",18,"lrEMplus",NA,NA,"ERR: The lrEMplus algorithm works on regular data sets (no. rows > no. columns). You can consider lrSVD for wide data sets."
"tmp_nd__synA4_MCAR_10",19,"impKNNa",5.23818181818182,4.6536,"ok"
"tmp_nd__synA4_MCAR_10",19,"missForest",4.51227623532279,5.4798169160152,"ok"
"tmp_nd__synA4_MCAR_10",19,"lrEMplus",NA,NA,"ERR: The lrEMplus algorithm works on regular data sets (no. rows > no. columns). You can consider lrSVD for wide data sets."
"tmp_nd__synA4_MCAR_10",2,"impKNNa",8.66516129032258,7.9576,"ok"
"tmp_nd__synA4_MCAR_10",2,"missForest",7.72879400737766,9.4616791519766,"ok"
"tmp_nd__synA4_MCAR_10",2,"lrEMplus",NA,NA,"ERR: The lrEMplus algorithm works on regular data sets (no. rows > no. columns). You can consider lrSVD for wide data sets."
"tmp_nd__synA4_MCAR_10",3,"impKNNa",6.41414893617021,11.2138,"ok"
"tmp_nd__synA4_MCAR_10",3,"missForest",6.46213997856932,11.600253573821,"ok"
"tmp_nd__synA4_MCAR_10",3,"lrEMplus",NA,NA,"ERR: The lrEMplus algorithm works on regular data sets (no. rows > no. columns). You can consider lrSVD for wide data sets."
"tmp_nd__synA4_MCAR_10",4,"impKNNa",7.74142857142857,9.4924,"ok"
"tmp_nd__synA4_MCAR_10",4,"missForest",6.46794241325123,8.7509756967966,"ok"
"tmp_nd__synA4_MCAR_10",4,"lrEMplus",NA,NA,"ERR: The lrEMplus algorithm works on regular data sets (no. rows > no. columns). You can consider lrSVD for wide data sets."
"tmp_nd__synA4_MCAR_10",5,"impKNNa",6.08056818181818,8.3358,"ok"
"tmp_nd__synA4_MCAR_10",5,"missForest",5.89737177811035,9.81479593203159,"ok"
"tmp_nd__synA4_MCAR_10",5,"lrEMplus",NA,NA,"ERR: The lrEMplus algorithm works on regular data sets (no. rows > no. columns). You can consider lrSVD for wide data sets."
"tmp_nd__synA4_MCAR_10",6,"impKNNa",5.28583333333333,5.0954,"ok"
"tmp_nd__synA4_MCAR_10",6,"missForest",5.12350628375527,5.49301399645204,"ok"
"tmp_nd__synA4_MCAR_10",6,"lrEMplus",NA,NA,"ERR: The lrEMplus algorithm works on regular data sets (no. rows > no. columns). You can consider lrSVD for wide data sets."
"tmp_nd__synA4_MCAR_10",7,"impKNNa",7.98052631578947,11.3104,"ok"
"tmp_nd__synA4_MCAR_10",7,"missForest",6.89069480018755,10.1487090349138,"ok"
"tmp_nd__synA4_MCAR_10",7,"lrEMplus",NA,NA,"ERR: The lrEMplus algorithm works on regular data sets (no. rows > no. columns). You can consider lrSVD for wide data sets."
"tmp_nd__synA4_MCAR_10",8,"impKNNa",6.51583333333333,8.5322,"ok"
"tmp_nd__synA4_MCAR_10",8,"missForest",6.3038025042417,10.35800212697,"ok"
"tmp_nd__synA4_MCAR_10",8,"lrEMplus",NA,NA,"ERR: The lrEMplus algorithm works on regular data sets (no. rows > no. columns). You can consider lrSVD for wide data sets."
"tmp_nd__synA4_MCAR_10",9,"impKNNa",6.40431034482759,6.9798,"ok"
"tmp_nd__synA4_MCAR_10",9,"missForest",6.81182560431945,7.83941020475546,"ok"
"tmp_nd__synA4_MCAR_10",9,"lrEMplus",NA,NA,"ERR: The lrEMplus algorithm works on regular data sets (no. rows > no. columns). You can consider lrSVD for wide data sets."
"tmp_nd__synA4_MCAR_30",0,"impKNNa",NA,NA,"ok"
"tmp_nd__synA4_MCAR_30",0,"missForest",6.05130538655104,25.8615759431178,"ok"
"tmp_nd__synA4_MCAR_30",0,"lrEMplus",NA,NA,"ERR: The lrEMplus algorithm works on regular data sets (no. rows > no. columns). You can consider lrSVD for wide data sets."
"tmp_nd__synA4_MCAR_30",1,"impKNNa",NA,NA,"ok"
"tmp_nd__synA4_MCAR_30",1,"missForest",6.00010944084691,24.6086833558884,"ok"
"tmp_nd__synA4_MCAR_30",1,"lrEMplus",NA,NA,"ERR: The lrEMplus algorithm works on regular data sets (no. rows > no. columns). You can consider lrSVD for wide data sets."
"tmp_nd__synA4_MCAR_30",10,"impKNNa",6.84733333333333,21.6732,"ok"
"tmp_nd__synA4_MCAR_30",10,"missForest",5.55705656031279,22.4147460644904,"ok"
"tmp_nd__synA4_MCAR_30",10,"lrEMplus",NA,NA,"ERR: The lrEMplus algorithm works on regular data sets (no. rows > no. columns). You can consider lrSVD for wide data sets."
"tmp_nd__synA4_MCAR_30",11,"impKNNa",NA,NA,"ok"
"tmp_nd__synA4_MCAR_30",11,"missForest",5.8865865559627,26.0393182013987,"ok"
"tmp_nd__synA4_MCAR_30",11,"lrEMplus",NA,NA,"ERR: The lrEMplus algorithm works on regular data sets (no. rows > no. columns). You can consider lrSVD for wide data sets."
"tmp_nd__synA4_MCAR_30",12,"impKNNa",NA,NA,"ok"
"tmp_nd__synA4_MCAR_30",12,"missForest",5.7816691264645,26.6036411881323,"ok"
"tmp_nd__synA4_MCAR_30",12,"lrEMplus",NA,NA,"ERR: The lrEMplus algorithm works on regular data sets (no. rows > no. columns). You can consider lrSVD for wide data sets."
"tmp_nd__synA4_MCAR_30",13,"impKNNa",NA,NA,"ok"
"tmp_nd__synA4_MCAR_30",13,"missForest",5.51722162591429,23.740351406452,"ok"
"tmp_nd__synA4_MCAR_30",13,"lrEMplus",NA,NA,"ERR: The lrEMplus algorithm works on regular data sets (no. rows > no. columns). You can consider lrSVD for wide data sets."
"tmp_nd__synA4_MCAR_30",14,"impKNNa",NA,NA,"ok"
"tmp_nd__synA4_MCAR_30",14,"missForest",5.37216875644096,21.6803143892666,"ok"
"tmp_nd__synA4_MCAR_30",14,"lrEMplus",NA,NA,"ERR: The lrEMplus algorithm works on regular data sets (no. rows > no. columns). You can consider lrSVD for wide data sets."
"tmp_nd__synA4_MCAR_30",15,"impKNNa",NA,NA,"ok"
"tmp_nd__synA4_MCAR_30",15,"missForest",5.56441620919451,18.4494212306919,"ok"
"tmp_nd__synA4_MCAR_30",15,"lrEMplus",NA,NA,"ERR: The lrEMplus algorithm works on regular data sets (no. rows > no. columns). You can consider lrSVD for wide data sets."
"tmp_nd__synA4_MCAR_30",16,"impKNNa",6.98271844660194,21.0992,"ok"
"tmp_nd__synA4_MCAR_30",16,"missForest",6.00856359944261,23.6056870832683,"ok"
"tmp_nd__synA4_MCAR_30",16,"lrEMplus",NA,NA,"ERR: The lrEMplus algorithm works on regular data sets (no. rows > no. columns). You can consider lrSVD for wide data sets."
"tmp_nd__synA4_MCAR_30",17,"impKNNa",NA,NA,"ok"
"tmp_nd__synA4_MCAR_30",17,"missForest",6.02968708928097,25.9244303360672,"ok"
"tmp_nd__synA4_MCAR_30",17,"lrEMplus",NA,NA,"ERR: The lrEMplus algorithm works on regular data sets (no. rows > no. columns). You can consider lrSVD for wide data sets."
"tmp_nd__synA4_MCAR_30",18,"impKNNa",NA,NA,"ok"
"tmp_nd__synA4_MCAR_30",18,"missForest",6.67344290557238,30.1568570963238,"ok"
"tmp_nd__synA4_MCAR_30",18,"lrEMplus",NA,NA,"ERR: The lrEMplus algorithm works on regular data sets (no. rows > no. columns). You can consider lrSVD for wide data sets."
"tmp_nd__synA4_MCAR_30",19,"impKNNa",NA,NA,"ok"
"tmp_nd__synA4_MCAR_30",19,"missForest",6.02893400953738,23.7102717391986,"ok"
"tmp_nd__synA4_MCAR_30",19,"lrEMplus",NA,NA,"ERR: The lrEMplus algorithm works on regular data sets (no. rows > no. columns). You can consider lrSVD for wide data sets."
"tmp_nd__synA4_MCAR_30",2,"impKNNa",NA,NA,"ok"
"tmp_nd__synA4_MCAR_30",2,"missForest",6.68107431808169,29.2704314046144,"ok"
"tmp_nd__synA4_MCAR_30",2,"lrEMplus",NA,NA,"ERR: The lrEMplus algorithm works on regular data sets (no. rows > no. columns). You can consider lrSVD for wide data sets."
"tmp_nd__synA4_MCAR_30",3,"impKNNa",NA,NA,"ok"
"tmp_nd__synA4_MCAR_30",3,"missForest",5.35748411136342,21.4926117027821,"ok"
"tmp_nd__synA4_MCAR_30",3,"lrEMplus",NA,NA,"ERR: The lrEMplus algorithm works on regular data sets (no. rows > no. columns). You can consider lrSVD for wide data sets."
"tmp_nd__synA4_MCAR_30",4,"impKNNa",NA,NA,"ok"
"tmp_nd__synA4_MCAR_30",4,"missForest",6.33730511294861,25.7022122760296,"ok"
"tmp_nd__synA4_MCAR_30",4,"lrEMplus",NA,NA,"ERR: The lrEMplus algorithm works on regular data sets (no. rows > no. columns). You can consider lrSVD for wide data sets."
"tmp_nd__synA4_MCAR_30",5,"impKNNa",NA,NA,"ok"
"tmp_nd__synA4_MCAR_30",5,"missForest",6.75162815477632,29.1521044192539,"ok"
"tmp_nd__synA4_MCAR_30",5,"lrEMplus",NA,NA,"ERR: The lrEMplus algorithm works on regular data sets (no. rows > no. columns). You can consider lrSVD for wide data sets."
"tmp_nd__synA4_MCAR_30",6,"impKNNa",NA,NA,"ok"
"tmp_nd__synA4_MCAR_30",6,"missForest",5.41096610604945,21.2864314743026,"ok"
"tmp_nd__synA4_MCAR_30",6,"lrEMplus",NA,NA,"ERR: The lrEMplus algorithm works on regular data sets (no. rows > no. columns). You can consider lrSVD for wide data sets."
"tmp_nd__synA4_MCAR_30",7,"impKNNa",NA,NA,"ok"
"tmp_nd__synA4_MCAR_30",7,"missForest",6.46504553025587,29.3216485396251,"ok"
"tmp_nd__synA4_MCAR_30",7,"lrEMplus",NA,NA,"ERR: The lrEMplus algorithm works on regular data sets (no. rows > no. columns). You can consider lrSVD for wide data sets."
"tmp_nd__synA4_MCAR_30",8,"impKNNa",6.41111111111111,23.4384,"ok"
"tmp_nd__synA4_MCAR_30",8,"missForest",6.21399810439355,25.9940827026074,"ok"
"tmp_nd__synA4_MCAR_30",8,"lrEMplus",NA,NA,"ERR: The lrEMplus algorithm works on regular data sets (no. rows > no. columns). You can consider lrSVD for wide data sets."
"tmp_nd__synA4_MCAR_30",9,"impKNNa",NA,NA,"ok"
"tmp_nd__synA4_MCAR_30",9,"missForest",6.81252151394142,29.3994532785662,"ok"
"tmp_nd__synA4_MCAR_30",9,"lrEMplus",NA,NA,"ERR: The lrEMplus algorithm works on regular data sets (no. rows > no. columns). You can consider lrSVD for wide data sets."
"tmp_nd__synA4_MNAR_10",0,"impKNNa",4.2176,3.2096,"ok"
"tmp_nd__synA4_MNAR_10",0,"missForest",3.25262420263471,3.03455644055148,"ok"
"tmp_nd__synA4_MNAR_10",0,"lrEMplus",NA,NA,"ERR: The lrEMplus algorithm works on regular data sets (no. rows > no. columns). You can consider lrSVD for wide data sets."
"tmp_nd__synA4_MNAR_10",1,"impKNNa",5.07611111111111,3.622,"ok"
"tmp_nd__synA4_MNAR_10",1,"missForest",3.74042417620458,2.6947054068673,"ok"
"tmp_nd__synA4_MNAR_10",1,"lrEMplus",NA,NA,"ERR: The lrEMplus algorithm works on regular data sets (no. rows > no. columns). You can consider lrSVD for wide data sets."
"tmp_nd__synA4_MNAR_10",10,"impKNNa",5.47770833333333,4.0658,"ok"
"tmp_nd__synA4_MNAR_10",10,"missForest",4.02974727307189,3.7888062676178,"ok"
"tmp_nd__synA4_MNAR_10",10,"lrEMplus",NA,NA,"ERR: The lrEMplus algorithm works on regular data sets (no. rows > no. columns). You can consider lrSVD for wide data sets."
"tmp_nd__synA4_MNAR_10",11,"impKNNa",4.71190476190476,3.8268,"ok"
"tmp_nd__synA4_MNAR_10",11,"missForest",4.2219221053435,3.22884810883663,"ok"
"tmp_nd__synA4_MNAR_10",11,"lrEMplus",NA,NA,"ERR: The lrEMplus algorithm works on regular data sets (no. rows > no. columns). You can consider lrSVD for wide data sets."
"tmp_nd__synA4_MNAR_10",12,"impKNNa",4.4675,3.0434,"ok"
"tmp_nd__synA4_MNAR_10",12,"missForest",2.8494157559529,2.85233224034863,"ok"
"tmp_nd__synA4_MNAR_10",12,"lrEMplus",NA,NA,"ERR: The lrEMplus algorithm works on regular data sets (no. rows > no. columns). You can consider lrSVD for wide data sets."
"tmp_nd__synA4_MNAR_10",13,"impKNNa",3.9862,3.0406,"ok"
"tmp_nd__synA4_MNAR_10",13,"missForest",2.67290522339636,2.5569535586701,"ok"
"tmp_nd__synA4_MNAR_10",13,"lrEMplus",NA,NA,"ERR: The lrEMplus algorithm works on regular data sets (no. rows > no. columns). You can consider lrSVD for wide data sets."
"tmp_nd__synA4_MNAR_10",14,"impKNNa",5.22875,4.159,"ok"
"tmp_nd__synA4_MNAR_10",14,"missForest",4.46982791596014,3.54956369943478,"ok"
"tmp_nd__synA4_MNAR_10",14,"lrEMplus",NA,NA,"ERR: The lrEMplus algorithm works on regular data sets (no. rows > no. columns). You can consider lrSVD for wide data sets."
"tmp_nd__synA4_MNAR_10",15,"impKNNa",4.60759259259259,4.6218,"ok"
"tmp_nd__synA4_MNAR_10",15,"missForest",3.323792744271,3.19843779133878,"ok"
"tmp_nd__synA4_MNAR_10",15,"lrEMplus",NA,NA,"ERR: The lrEMplus algorithm works on regular data sets (no. rows > no. columns). You can consider lrSVD for wide data sets."
"tmp_nd__synA4_MNAR_10",16,"impKNNa",5.93326923076923,4.2594,"ok"
"tmp_nd__synA4_MNAR_10",16,"missForest",4.33258582374996,4.02010399387678,"ok"
"tmp_nd__synA4_MNAR_10",16,"lrEMplus",NA,NA,"ERR: The lrEMplus algorithm works on regular data sets (no. rows > no. columns). You can consider lrSVD for wide data sets."
"tmp_nd__synA4_MNAR_10",17,"impKNNa",3.35982142857143,3.7566,"ok"
"tmp_nd__synA4_MNAR_10",17,"missForest",3.35031613648141,3.52584803995937,"ok"
"tmp_nd__synA4_MNAR_10",17,"lrEMplus",NA,NA,"ERR: The lrEMplus algorithm works on regular data sets (no. rows > no. columns). You can consider lrSVD for wide data sets."
"tmp_nd__synA4_MNAR_10",18,"impKNNa",4.67396551724138,4.4438,"ok"
"tmp_nd__synA4_MNAR_10",18,"missForest",3.88013673874333,4.23304910536691,"ok"
"tmp_nd__synA4_MNAR_10",18,"lrEMplus",NA,NA,"ERR: The lrEMplus algorithm works on regular data sets (no. rows > no. columns). You can consider lrSVD for wide data sets."
"tmp_nd__synA4_MNAR_10",19,"impKNNa",3.15619047619048,2.6528,"ok"
"tmp_nd__synA4_MNAR_10",19,"missForest",1.83920229849898,1.49454870534232,"ok"
"tmp_nd__synA4_MNAR_10",19,"lrEMplus",NA,NA,"ERR: The lrEMplus algorithm works on regular data sets (no. rows > no. columns). You can consider lrSVD for wide data sets."
"tmp_nd__synA4_MNAR_10",2,"impKNNa",5.79729166666667,5.2058,"ok"
"tmp_nd__synA4_MNAR_10",2,"missForest",5.0021050098647,4.67527937192988,"ok"
"tmp_nd__synA4_MNAR_10",2,"lrEMplus",NA,NA,"ERR: The lrEMplus algorithm works on regular data sets (no. rows > no. columns). You can consider lrSVD for wide data sets."
"tmp_nd__synA4_MNAR_10",3,"impKNNa",6.60777777777778,4.272,"ok"
"tmp_nd__synA4_MNAR_10",3,"missForest",5.23131730300242,3.69066642654238,"ok"
"tmp_nd__synA4_MNAR_10",3,"lrEMplus",NA,NA,"ERR: The lrEMplus algorithm works on regular data sets (no. rows > no. columns). You can consider lrSVD for wide data sets."
"tmp_nd__synA4_MNAR_10",4,"impKNNa",5.85980769230769,4.9254,"ok"
"tmp_nd__synA4_MNAR_10",4,"missForest",3.9007208970841,3.66262358250908,"ok"
"tmp_nd__synA4_MNAR_10",4,"lrEMplus",NA,NA,"ERR: The lrEMplus algorithm works on regular data sets (no. rows > no. columns). You can consider lrSVD for wide data sets."
"tmp_nd__synA4_MNAR_10",5,"impKNNa",6.74952380952381,5.3832,"ok"
"tmp_nd__synA4_MNAR_10",5,"missForest",5.99243752480663,4.71977478136266,"ok"
"tmp_nd__synA4_MNAR_10",5,"lrEMplus",NA,NA,"ERR: The lrEMplus algorithm works on regular data sets (no. rows > no. columns). You can consider lrSVD for wide data sets."
"tmp_nd__synA4_MNAR_10",6,"impKNNa",4.875,4.1966,"ok"
"tmp_nd__synA4_MNAR_10",6,"missForest",3.93574473759362,3.42929704410584,"ok"
"tmp_nd__synA4_MNAR_10",6,"lrEMplus",NA,NA,"ERR: The lrEMplus algorithm works on regular data sets (no. rows > no. columns). You can consider lrSVD for wide data sets."
"tmp_nd__synA4_MNAR_10",7,"impKNNa",4.453,5.0932,"ok"
"tmp_nd__synA4_MNAR_10",7,"missForest",3.73180492216761,4.07763984741587,"ok"
"tmp_nd__synA4_MNAR_10",7,"lrEMplus",NA,NA,"ERR: The lrEMplus algorithm works on regular data sets (no. rows > no. columns). You can consider lrSVD for wide data sets."
"tmp_nd__synA4_MNAR_10",8,"impKNNa",4.24866666666667,1.9396,"ok"
"tmp_nd__synA4_MNAR_10",8,"missForest",3.29362848446568,1.89479846279227,"ok"
"tmp_nd__synA4_MNAR_10",8,"lrEMplus",NA,NA,"ERR: The lrEMplus algorithm works on regular data sets (no. rows > no. columns). You can consider lrSVD for wide data sets."
"tmp_nd__synA4_MNAR_10",9,"impKNNa",6.22357142857143,2.9668,"ok"
"tmp_nd__synA4_MNAR_10",9,"missForest",3.68443440160216,1.76637978454073,"ok"
"tmp_nd__synA4_MNAR_10",9,"lrEMplus",NA,NA,"ERR: The lrEMplus algorithm works on regular data sets (no. rows > no. columns). You can consider lrSVD for wide data sets."
"tmp_nd__synA4_MNAR_30",0,"impKNNa",5.35818181818182,7.4952,"ok"
"tmp_nd__synA4_MNAR_30",0,"missForest",3.51406665799848,7.25323263965073,"ok"
"tmp_nd__synA4_MNAR_30",0,"lrEMplus",NA,NA,"ERR: The lrEMplus algorithm works on regular data sets (no. rows > no. columns). You can consider lrSVD for wide data sets."
"tmp_nd__synA4_MNAR_30",1,"impKNNa",6.54292307692308,10.458,"ok"
"tmp_nd__synA4_MNAR_30",1,"missForest",3.78049303784703,9.11031279705721,"ok"
"tmp_nd__synA4_MNAR_30",1,"lrEMplus",NA,NA,"ERR: The lrEMplus algorithm works on regular data sets (no. rows > no. columns). You can consider lrSVD for wide data sets."
"tmp_nd__synA4_MNAR_30",10,"impKNNa",4.5375,8.984,"ok"
"tmp_nd__synA4_MNAR_30",10,"missForest",3.77243031942978,10.1042334389421,"ok"
"tmp_nd__synA4_MNAR_30",10,"lrEMplus",NA,NA,"ERR: The lrEMplus algorithm works on regular data sets (no. rows > no. columns). You can consider lrSVD for wide data sets."
"tmp_nd__synA4_MNAR_30",11,"impKNNa",6.61205479452055,12.2976,"ok"
"tmp_nd__synA4_MNAR_30",11,"missForest",3.91305360977125,10.1661353600353,"ok"
"tmp_nd__synA4_MNAR_30",11,"lrEMplus",NA,NA,"ERR: The lrEMplus algorithm works on regular data sets (no. rows > no. columns). You can consider lrSVD for wide data sets."
"tmp_nd__synA4_MNAR_30",12,"impKNNa",5.59070422535211,12.9424,"ok"
"tmp_nd__synA4_MNAR_30",12,"missForest",4.56929654557774,11.8689223136208,"ok"
"tmp_nd__synA4_MNAR_30",12,"lrEMplus",NA,NA,"ERR: The lrEMplus algorithm works on regular data sets (no. rows > no. columns). You can consider lrSVD for wide data sets."
"tmp_nd__synA4_MNAR_30",13,"impKNNa",NA,NA,"ok"
"tmp_nd__synA4_MNAR_30",13,"missForest",3.91660719408912,12.1053036538344,"ok"
"tmp_nd__synA4_MNAR_30",13,"lrEMplus",NA,NA,"ERR: The lrEMplus algorithm works on regular data sets (no. rows > no. columns). You can consider lrSVD for wide data sets."
"tmp_nd__synA4_MNAR_30",14,"impKNNa",5.82968253968254,10.5132,"ok"
"tmp_nd__synA4_MNAR_30",14,"missForest",4.01109763310022,9.53956275061895,"ok"
"tmp_nd__synA4_MNAR_30",14,"lrEMplus",NA,NA,"ERR: The lrEMplus algorithm works on regular data sets (no. rows > no. columns). You can consider lrSVD for wide data sets."
"tmp_nd__synA4_MNAR_30",15,"impKNNa",5.10730158730159,10.78,"ok"
"tmp_nd__synA4_MNAR_30",15,"missForest",3.68384099534618,7.88175637218479,"ok"
"tmp_nd__synA4_MNAR_30",15,"lrEMplus",NA,NA,"ERR: The lrEMplus algorithm works on regular data sets (no. rows > no. columns). You can consider lrSVD for wide data sets."
"tmp_nd__synA4_MNAR_30",16,"impKNNa",5.32582089552239,10.018,"ok"
"tmp_nd__synA4_MNAR_30",16,"missForest",3.61505767421399,8.60343067373121,"ok"
"tmp_nd__synA4_MNAR_30",16,"lrEMplus",NA,NA,"ERR: The lrEMplus algorithm works on regular data sets (no. rows > no. columns). You can consider lrSVD for wide data sets."
"tmp_nd__synA4_MNAR_30",17,"impKNNa",4.32814285714286,9.102,"ok"
"tmp_nd__synA4_MNAR_30",17,"missForest",3.12596820123086,7.73517699954987,"ok"
"tmp_nd__synA4_MNAR_30",17,"lrEMplus",NA,NA,"ERR: The lrEMplus algorithm works on regular data sets (no. rows > no. columns). You can consider lrSVD for wide data sets."
"tmp_nd__synA4_MNAR_30",18,"impKNNa",5.95909090909091,14.7516,"ok"
"tmp_nd__synA4_MNAR_30",18,"missForest",4.37960399394231,12.6304331948799,"ok"
"tmp_nd__synA4_MNAR_30",18,"lrEMplus",NA,NA,"ERR: The lrEMplus algorithm works on regular data sets (no. rows > no. columns). You can consider lrSVD for wide data sets."
"tmp_nd__synA4_MNAR_30",19,"impKNNa",NA,NA,"ok"
"tmp_nd__synA4_MNAR_30",19,"missForest",3.01709526059273,8.3253291838208,"ok"
"tmp_nd__synA4_MNAR_30",19,"lrEMplus",NA,NA,"ERR: The lrEMplus algorithm works on regular data sets (no. rows > no. columns). You can consider lrSVD for wide data sets."
"tmp_nd__synA4_MNAR_30",2,"impKNNa",4.94025641025641,10.6688,"ok"
"tmp_nd__synA4_MNAR_30",2,"missForest",3.64770345827849,10.6604253270757,"ok"
"tmp_nd__synA4_MNAR_30",2,"lrEMplus",NA,NA,"ERR: The lrEMplus algorithm works on regular data sets (no. rows > no. columns). You can consider lrSVD for wide data sets."
"tmp_nd__synA4_MNAR_30",3,"impKNNa",7.22641791044776,13.3124,"ok"
"tmp_nd__synA4_MNAR_30",3,"missForest",4.1184683137637,10.6027079537812,"ok"
"tmp_nd__synA4_MNAR_30",3,"lrEMplus",NA,NA,"ERR: The lrEMplus algorithm works on regular data sets (no. rows > no. columns). You can consider lrSVD for wide data sets."
"tmp_nd__synA4_MNAR_30",4,"impKNNa",4.75918918918919,12.0368,"ok"
"tmp_nd__synA4_MNAR_30",4,"missForest",3.90617230645262,9.80391987348825,"ok"
"tmp_nd__synA4_MNAR_30",4,"lrEMplus",NA,NA,"ERR: The lrEMplus algorithm works on regular data sets (no. rows > no. columns). You can consider lrSVD for wide data sets."
"tmp_nd__synA4_MNAR_30",5,"impKNNa",5.98183098591549,12.8756,"ok"
"tmp_nd__synA4_MNAR_30",5,"missForest",4.37574497546952,11.0306614674185,"ok"
"tmp_nd__synA4_MNAR_30",5,"lrEMplus",NA,NA,"ERR: The lrEMplus algorithm works on regular data sets (no. rows > no. columns). You can consider lrSVD for wide data sets."
"tmp_nd__synA4_MNAR_30",6,"impKNNa",7.08768115942029,15.6668,"ok"
"tmp_nd__synA4_MNAR_30",6,"missForest",4.38795168956479,11.1511087579844,"ok"
"tmp_nd__synA4_MNAR_30",6,"lrEMplus",NA,NA,"ERR: The lrEMplus algorithm works on regular data sets (no. rows > no. columns). You can consider lrSVD for wide data sets."
"tmp_nd__synA4_MNAR_30",7,"impKNNa",NA,NA,"ok"
"tmp_nd__synA4_MNAR_30",7,"missForest",3.40805390832943,9.74187578295174,"ok"
"tmp_nd__synA4_MNAR_30",7,"lrEMplus",NA,NA,"ERR: The lrEMplus algorithm works on regular data sets (no. rows > no. columns). You can consider lrSVD for wide data sets."
"tmp_nd__synA4_MNAR_30",8,"impKNNa",5.47015384615385,11.7592,"ok"
"tmp_nd__synA4_MNAR_30",8,"missForest",3.72763515216712,9.11758036345608,"ok"
"tmp_nd__synA4_MNAR_30",8,"lrEMplus",NA,NA,"ERR: The lrEMplus algorithm works on regular data sets (no. rows > no. columns). You can consider lrSVD for wide data sets."
"tmp_nd__synA4_MNAR_30",9,"impKNNa",5.30815384615385,10.2868,"ok"
"tmp_nd__synA4_MNAR_30",9,"missForest",4.39188243067834,10.7382044754025,"ok"
"tmp_nd__synA4_MNAR_30",9,"lrEMplus",NA,NA,"ERR: The lrEMplus algorithm works on regular data sets (no. rows > no. columns). You can consider lrSVD for wide data sets."
